query,model,quality_score,latency,cost
为什么大模型路由在实际系统中重要？请用通俗语言回答。 要求包含2个要点，控制在80字以内。,Model1,0.8871,579.85,1.2229
为什么大模型路由在实际系统中重要？请用通俗语言回答。 要求包含2个要点，控制在80字以内。,Model2,0.8983,598.59,1.4627
为什么大模型路由在实际系统中重要？请用通俗语言回答。 要求包含2个要点，控制在80字以内。,Model3,0.8852,753.82,1.9028
为什么大模型路由在实际系统中重要？请用通俗语言回答。 要求包含2个要点，控制在80字以内。,Model4,0.9080,774.51,2.3620
为什么大模型路由在实际系统中重要？请用通俗语言回答。 要求包含2个要点，控制在80字以内。,Model5,0.9219,859.62,2.6754
为什么大模型路由在实际系统中重要？请用通俗语言回答。 要求包含2个要点，控制在80字以内。,Model6,0.9214,885.04,3.4797
为什么大模型路由在实际系统中重要？请用通俗语言回答。 要求包含2个要点，控制在80字以内。,Model7,0.9310,893.79,4.4950
为什么大模型路由在实际系统中重要？请用通俗语言回答。 要求包含2个要点，控制在80字以内。,Model8,0.9402,1102.56,5.5004
为什么大模型路由在实际系统中重要？请用通俗语言回答。 要求包含2个要点，控制在80字以内。,Model9,0.9483,1181.20,6.8414
为什么大模型路由在实际系统中重要？请用通俗语言回答。 要求包含2个要点，控制在80字以内。,Model10,0.9532,1355.30,8.4603
"已知一组数据为 8,68,120,3，计算平均值并说明步骤。 要求包含3个要点，控制在97字以内。",Model1,0.5937,719.35,1.4316
"已知一组数据为 8,68,120,3，计算平均值并说明步骤。 要求包含3个要点，控制在97字以内。",Model2,0.6491,788.78,1.7446
"已知一组数据为 8,68,120,3，计算平均值并说明步骤。 要求包含3个要点，控制在97字以内。",Model3,0.6867,803.30,2.1224
"已知一组数据为 8,68,120,3，计算平均值并说明步骤。 要求包含3个要点，控制在97字以内。",Model4,0.8702,1039.73,2.7247
"已知一组数据为 8,68,120,3，计算平均值并说明步骤。 要求包含3个要点，控制在97字以内。",Model5,0.8289,983.06,3.3962
"已知一组数据为 8,68,120,3，计算平均值并说明步骤。 要求包含3个要点，控制在97字以内。",Model6,0.8575,1098.48,4.2483
"已知一组数据为 8,68,120,3，计算平均值并说明步骤。 要求包含3个要点，控制在97字以内。",Model7,0.9019,1270.68,5.5523
"已知一组数据为 8,68,120,3，计算平均值并说明步骤。 要求包含3个要点，控制在97字以内。",Model8,0.8783,1253.48,6.2676
"已知一组数据为 8,68,120,3，计算平均值并说明步骤。 要求包含3个要点，控制在97字以内。",Model9,0.9017,1336.66,7.9896
"已知一组数据为 8,68,120,3，计算平均值并说明步骤。 要求包含3个要点，控制在97字以内。",Model10,0.9167,1767.83,10.1012
分析下面 SQL 的性能问题并给出索引建议：SELECT * FROM orders WHERE user_id=6 ORDER BY created_at DESC; 要求包含4个要点，控制在114字以内。,Model1,0.4909,768.28,1.8827
分析下面 SQL 的性能问题并给出索引建议：SELECT * FROM orders WHERE user_id=6 ORDER BY created_at DESC; 要求包含4个要点，控制在114字以内。,Model2,0.5265,965.41,2.1337
分析下面 SQL 的性能问题并给出索引建议：SELECT * FROM orders WHERE user_id=6 ORDER BY created_at DESC; 要求包含4个要点，控制在114字以内。,Model3,0.8258,1046.52,2.6086
分析下面 SQL 的性能问题并给出索引建议：SELECT * FROM orders WHERE user_id=6 ORDER BY created_at DESC; 要求包含4个要点，控制在114字以内。,Model4,0.7190,1129.84,3.4151
分析下面 SQL 的性能问题并给出索引建议：SELECT * FROM orders WHERE user_id=6 ORDER BY created_at DESC; 要求包含4个要点，控制在114字以内。,Model5,0.7421,1147.72,4.0203
分析下面 SQL 的性能问题并给出索引建议：SELECT * FROM orders WHERE user_id=6 ORDER BY created_at DESC; 要求包含4个要点，控制在114字以内。,Model6,0.8462,1188.21,5.2485
分析下面 SQL 的性能问题并给出索引建议：SELECT * FROM orders WHERE user_id=6 ORDER BY created_at DESC; 要求包含4个要点，控制在114字以内。,Model7,0.8242,1356.24,6.7253
分析下面 SQL 的性能问题并给出索引建议：SELECT * FROM orders WHERE user_id=6 ORDER BY created_at DESC; 要求包含4个要点，控制在114字以内。,Model8,0.7979,1573.04,7.8448
分析下面 SQL 的性能问题并给出索引建议：SELECT * FROM orders WHERE user_id=6 ORDER BY created_at DESC; 要求包含4个要点，控制在114字以内。,Model9,0.8478,1603.08,10.5190
分析下面 SQL 的性能问题并给出索引建议：SELECT * FROM orders WHERE user_id=6 ORDER BY created_at DESC; 要求包含4个要点，控制在114字以内。,Model10,0.8723,1834.51,12.2479
总结以下会议纪要，保留结论、负责人和下一步动作。 要求包含5个要点，控制在131字以内。,Model1,0.9088,616.03,1.5341
总结以下会议纪要，保留结论、负责人和下一步动作。 要求包含5个要点，控制在131字以内。,Model2,0.8719,594.70,1.8157
总结以下会议纪要，保留结论、负责人和下一步动作。 要求包含5个要点，控制在131字以内。,Model3,0.8519,754.44,2.3510
总结以下会议纪要，保留结论、负责人和下一步动作。 要求包含5个要点，控制在131字以内。,Model4,0.8451,871.40,2.9370
总结以下会议纪要，保留结论、负责人和下一步动作。 要求包含5个要点，控制在131字以内。,Model5,0.9111,921.06,3.5720
总结以下会议纪要，保留结论、负责人和下一步动作。 要求包含5个要点，控制在131字以内。,Model6,0.8735,822.46,4.2388
总结以下会议纪要，保留结论、负责人和下一步动作。 要求包含5个要点，控制在131字以内。,Model7,0.8957,1056.89,5.6007
总结以下会议纪要，保留结论、负责人和下一步动作。 要求包含5个要点，控制在131字以内。,Model8,0.9329,1029.54,6.6508
总结以下会议纪要，保留结论、负责人和下一步动作。 要求包含5个要点，控制在131字以内。,Model9,0.9378,1222.90,8.9333
总结以下会议纪要，保留结论、负责人和下一步动作。 要求包含5个要点，控制在131字以内。,Model10,0.9438,1359.88,11.3834
将下面中文翻译成英文：系统应先满足质量阈值，再选择成本最低的模型。 要求包含2个要点，控制在148字以内。,Model1,0.7609,655.60,1.8031
将下面中文翻译成英文：系统应先满足质量阈值，再选择成本最低的模型。 要求包含2个要点，控制在148字以内。,Model2,0.8824,787.68,2.1693
将下面中文翻译成英文：系统应先满足质量阈值，再选择成本最低的模型。 要求包含2个要点，控制在148字以内。,Model3,0.7689,873.91,2.7931
将下面中文翻译成英文：系统应先满足质量阈值，再选择成本最低的模型。 要求包含2个要点，控制在148字以内。,Model4,0.7440,924.30,3.4010
将下面中文翻译成英文：系统应先满足质量阈值，再选择成本最低的模型。 要求包含2个要点，控制在148字以内。,Model5,0.8688,1017.19,4.4934
将下面中文翻译成英文：系统应先满足质量阈值，再选择成本最低的模型。 要求包含2个要点，控制在148字以内。,Model6,0.7971,1185.82,5.0506
将下面中文翻译成英文：系统应先满足质量阈值，再选择成本最低的模型。 要求包含2个要点，控制在148字以内。,Model7,0.8316,1184.45,6.7030
将下面中文翻译成英文：系统应先满足质量阈值，再选择成本最低的模型。 要求包含2个要点，控制在148字以内。,Model8,0.8991,1387.18,8.0434
将下面中文翻译成英文：系统应先满足质量阈值，再选择成本最低的模型。 要求包含2个要点，控制在148字以内。,Model9,0.9070,1521.90,10.3728
将下面中文翻译成英文：系统应先满足质量阈值，再选择成本最低的模型。 要求包含2个要点，控制在148字以内。,Model10,0.9138,1480.77,13.4114
把以下内容整理为 key-value：客户=远航制造；问题=接口超时；优先级=高。 要求包含3个要点，控制在165字以内。,Model1,0.8232,835.67,1.7367
把以下内容整理为 key-value：客户=远航制造；问题=接口超时；优先级=高。 要求包含3个要点，控制在165字以内。,Model2,0.7432,817.71,2.0499
把以下内容整理为 key-value：客户=远航制造；问题=接口超时；优先级=高。 要求包含3个要点，控制在165字以内。,Model3,0.8194,977.65,2.5773
把以下内容整理为 key-value：客户=远航制造；问题=接口超时；优先级=高。 要求包含3个要点，控制在165字以内。,Model4,0.7219,1040.15,3.2322
把以下内容整理为 key-value：客户=远航制造；问题=接口超时；优先级=高。 要求包含3个要点，控制在165字以内。,Model5,0.8065,1141.56,3.8999
把以下内容整理为 key-value：客户=远航制造；问题=接口超时；优先级=高。 要求包含3个要点，控制在165字以内。,Model6,0.7930,1212.56,4.9269
把以下内容整理为 key-value：客户=远航制造；问题=接口超时；优先级=高。 要求包含3个要点，控制在165字以内。,Model7,0.7955,1456.50,6.4543
把以下内容整理为 key-value：客户=远航制造；问题=接口超时；优先级=高。 要求包含3个要点，控制在165字以内。,Model8,0.8452,1457.74,7.8270
把以下内容整理为 key-value：客户=远航制造；问题=接口超时；优先级=高。 要求包含3个要点，控制在165字以内。,Model9,0.8668,1604.89,9.5099
把以下内容整理为 key-value：客户=远航制造；问题=接口超时；优先级=高。 要求包含3个要点，控制在165字以内。,Model10,0.8805,1899.29,12.4393
请解释成本控制的核心原理，并给出两个应用场景。 要求包含4个要点，控制在182字以内。,Model1,0.8626,615.02,1.3140
请解释成本控制的核心原理，并给出两个应用场景。 要求包含4个要点，控制在182字以内。,Model2,0.8714,657.98,1.6235
请解释成本控制的核心原理，并给出两个应用场景。 要求包含4个要点，控制在182字以内。,Model3,0.8579,761.51,1.9493
请解释成本控制的核心原理，并给出两个应用场景。 要求包含4个要点，控制在182字以内。,Model4,0.8832,740.23,2.5134
请解释成本控制的核心原理，并给出两个应用场景。 要求包含4个要点，控制在182字以内。,Model5,0.9051,940.37,3.1131
请解释成本控制的核心原理，并给出两个应用场景。 要求包含4个要点，控制在182字以内。,Model6,0.9027,956.21,3.8676
请解释成本控制的核心原理，并给出两个应用场景。 要求包含4个要点，控制在182字以内。,Model7,0.9188,1175.17,4.8332
请解释成本控制的核心原理，并给出两个应用场景。 要求包含4个要点，控制在182字以内。,Model8,0.9239,1163.55,5.9518
请解释成本控制的核心原理，并给出两个应用场景。 要求包含4个要点，控制在182字以内。,Model9,0.9358,1293.94,7.5457
请解释成本控制的核心原理，并给出两个应用场景。 要求包含4个要点，控制在182字以内。,Model10,0.9400,1314.21,9.1084
"已知一组数据为 8,87,25,3，计算平均值并说明步骤。 要求包含5个要点，控制在199字以内。",Model1,0.5244,737.84,1.5409
"已知一组数据为 8,87,25,3，计算平均值并说明步骤。 要求包含5个要点，控制在199字以内。",Model2,0.5644,877.78,1.8055
"已知一组数据为 8,87,25,3，计算平均值并说明步骤。 要求包含5个要点，控制在199字以内。",Model3,0.6203,900.01,2.3403
"已知一组数据为 8,87,25,3，计算平均值并说明步骤。 要求包含5个要点，控制在199字以内。",Model4,0.8428,1075.82,2.9086
"已知一组数据为 8,87,25,3，计算平均值并说明步骤。 要求包含5个要点，控制在199字以内。",Model5,0.7945,969.74,3.6848
"已知一组数据为 8,87,25,3，计算平均值并说明步骤。 要求包含5个要点，控制在199字以内。",Model6,0.8234,1173.47,4.5754
"已知一组数据为 8,87,25,3，计算平均值并说明步骤。 要求包含5个要点，控制在199字以内。",Model7,0.8710,1360.23,5.8175
"已知一组数据为 8,87,25,3，计算平均值并说明步骤。 要求包含5个要点，控制在199字以内。",Model8,0.8528,1419.52,7.0084
"已知一组数据为 8,87,25,3，计算平均值并说明步骤。 要求包含5个要点，控制在199字以内。",Model9,0.8773,1571.04,9.4309
"已知一组数据为 8,87,25,3，计算平均值并说明步骤。 要求包含5个要点，控制在199字以内。",Model10,0.8942,1737.33,10.8805
分析下面 SQL 的性能问题并给出索引建议：SELECT * FROM orders WHERE user_id=8 ORDER BY created_at DESC; 要求包含2个要点，控制在216字以内。,Model1,0.4168,897.35,1.9347
分析下面 SQL 的性能问题并给出索引建议：SELECT * FROM orders WHERE user_id=8 ORDER BY created_at DESC; 要求包含2个要点，控制在216字以内。,Model2,0.4633,924.87,2.2745
分析下面 SQL 的性能问题并给出索引建议：SELECT * FROM orders WHERE user_id=8 ORDER BY created_at DESC; 要求包含2个要点，控制在216字以内。,Model3,0.7837,965.23,2.9943
分析下面 SQL 的性能问题并给出索引建议：SELECT * FROM orders WHERE user_id=8 ORDER BY created_at DESC; 要求包含2个要点，控制在216字以内。,Model4,0.6668,1250.47,3.7047
分析下面 SQL 的性能问题并给出索引建议：SELECT * FROM orders WHERE user_id=8 ORDER BY created_at DESC; 要求包含2个要点，控制在216字以内。,Model5,0.6945,1067.28,4.1335
分析下面 SQL 的性能问题并给出索引建议：SELECT * FROM orders WHERE user_id=8 ORDER BY created_at DESC; 要求包含2个要点，控制在216字以内。,Model6,0.8177,1355.49,5.5223
分析下面 SQL 的性能问题并给出索引建议：SELECT * FROM orders WHERE user_id=8 ORDER BY created_at DESC; 要求包含2个要点，控制在216字以内。,Model7,0.7866,1537.53,7.0682
分析下面 SQL 的性能问题并给出索引建议：SELECT * FROM orders WHERE user_id=8 ORDER BY created_at DESC; 要求包含2个要点，控制在216字以内。,Model8,0.7501,1724.26,8.4841
分析下面 SQL 的性能问题并给出索引建议：SELECT * FROM orders WHERE user_id=8 ORDER BY created_at DESC; 要求包含2个要点，控制在216字以内。,Model9,0.8189,1764.80,11.1555
分析下面 SQL 的性能问题并给出索引建议：SELECT * FROM orders WHERE user_id=8 ORDER BY created_at DESC; 要求包含2个要点，控制在216字以内。,Model10,0.8528,2185.04,13.9191
总结以下会议纪要，保留结论、负责人和下一步动作。 要求包含3个要点，控制在233字以内。,Model1,0.8868,672.12,1.5670
总结以下会议纪要，保留结论、负责人和下一步动作。 要求包含3个要点，控制在233字以内。,Model2,0.8393,714.07,2.0506
总结以下会议纪要，保留结论、负责人和下一步动作。 要求包含3个要点，控制在233字以内。,Model3,0.8163,854.09,2.5483
总结以下会议纪要，保留结论、负责人和下一步动作。 要求包含3个要点，控制在233字以内。,Model4,0.8078,973.48,3.1517
总结以下会议纪要，保留结论、负责人和下一步动作。 要求包含3个要点，控制在233字以内。,Model5,0.8951,898.86,3.6856
总结以下会议纪要，保留结论、负责人和下一步动作。 要求包含3个要点，控制在233字以内。,Model6,0.8479,1072.23,4.7018
总结以下会议纪要，保留结论、负责人和下一步动作。 要求包含3个要点，控制在233字以内。,Model7,0.8709,1152.82,6.1962
总结以下会议纪要，保留结论、负责人和下一步动作。 要求包含3个要点，控制在233字以内。,Model8,0.9163,1199.73,7.3773
总结以下会议纪要，保留结论、负责人和下一步动作。 要求包含3个要点，控制在233字以内。,Model9,0.9266,1418.24,9.9502
总结以下会议纪要，保留结论、负责人和下一步动作。 要求包含3个要点，控制在233字以内。,Model10,0.9313,1451.19,12.2918
"Translate into Chinese: The router predicts quality, cost and latency for every candidate model. 要求包含4个要点，控制在250字以内。",Model1,0.7209,748.96,1.9733
"Translate into Chinese: The router predicts quality, cost and latency for every candidate model. 要求包含4个要点，控制在250字以内。",Model2,0.8530,902.80,2.2914
"Translate into Chinese: The router predicts quality, cost and latency for every candidate model. 要求包含4个要点，控制在250字以内。",Model3,0.7285,1019.13,2.9625
"Translate into Chinese: The router predicts quality, cost and latency for every candidate model. 要求包含4个要点，控制在250字以内。",Model4,0.6923,1057.29,3.6995
"Translate into Chinese: The router predicts quality, cost and latency for every candidate model. 要求包含4个要点，控制在250字以内。",Model5,0.8437,1081.67,4.2991
"Translate into Chinese: The router predicts quality, cost and latency for every candidate model. 要求包含4个要点，控制在250字以内。",Model6,0.7574,1143.78,5.6215
"Translate into Chinese: The router predicts quality, cost and latency for every candidate model. 要求包含4个要点，控制在250字以内。",Model7,0.8019,1435.94,7.1484
"Translate into Chinese: The router predicts quality, cost and latency for every candidate model. 要求包含4个要点，控制在250字以内。",Model8,0.8704,1418.25,8.4393
"Translate into Chinese: The router predicts quality, cost and latency for every candidate model. 要求包含4个要点，控制在250字以内。",Model9,0.8866,1406.57,11.3008
"Translate into Chinese: The router predicts quality, cost and latency for every candidate model. 要求包含4个要点，控制在250字以内。",Model10,0.8923,1945.27,13.7778
把以下内容整理为 key-value：客户=远航制造；问题=接口超时；优先级=高。 要求包含5个要点，控制在267字以内。,Model1,0.9150,653.05,1.3181
把以下内容整理为 key-value：客户=远航制造；问题=接口超时；优先级=高。 要求包含5个要点，控制在267字以内。,Model2,0.8776,660.80,1.5950
把以下内容整理为 key-value：客户=远航制造；问题=接口超时；优先级=高。 要求包含5个要点，控制在267字以内。,Model3,0.9172,719.82,1.9628
把以下内容整理为 key-value：客户=远航制造；问题=接口超时；优先级=高。 要求包含5个要点，控制在267字以内。,Model4,0.8493,766.03,2.5023
把以下内容整理为 key-value：客户=远航制造；问题=接口超时；优先级=高。 要求包含5个要点，控制在267字以内。,Model5,0.9082,826.84,3.1561
把以下内容整理为 key-value：客户=远航制造；问题=接口超时；优先级=高。 要求包含5个要点，控制在267字以内。,Model6,0.9021,939.08,3.7476
把以下内容整理为 key-value：客户=远航制造；问题=接口超时；优先级=高。 要求包含5个要点，控制在267字以内。,Model7,0.8991,995.48,4.8012
把以下内容整理为 key-value：客户=远航制造；问题=接口超时；优先级=高。 要求包含5个要点，控制在267字以内。,Model8,0.9267,1136.16,5.6725
把以下内容整理为 key-value：客户=远航制造；问题=接口超时；优先级=高。 要求包含5个要点，控制在267字以内。,Model9,0.9386,1132.77,7.8278
把以下内容整理为 key-value：客户=远航制造；问题=接口超时；优先级=高。 要求包含5个要点，控制在267字以内。,Model10,0.9451,1354.37,9.3926
比较大模型路由与大模型路由的主要区别，并给出适用条件。 要求包含2个要点，控制在284字以内。,Model1,0.8278,701.96,1.4437
比较大模型路由与大模型路由的主要区别，并给出适用条件。 要求包含2个要点，控制在284字以内。,Model2,0.8374,786.92,1.6632
比较大模型路由与大模型路由的主要区别，并给出适用条件。 要求包含2个要点，控制在284字以内。,Model3,0.8294,864.42,2.2580
比较大模型路由与大模型路由的主要区别，并给出适用条件。 要求包含2个要点，控制在284字以内。,Model4,0.8618,967.25,2.7239
比较大模型路由与大模型路由的主要区别，并给出适用条件。 要求包含2个要点，控制在284字以内。,Model5,0.8840,1044.93,3.3281
比较大模型路由与大模型路由的主要区别，并给出适用条件。 要求包含2个要点，控制在284字以内。,Model6,0.8785,1061.38,4.1910
比较大模型路由与大模型路由的主要区别，并给出适用条件。 要求包含2个要点，控制在284字以内。,Model7,0.8980,1215.11,5.2427
比较大模型路由与大模型路由的主要区别，并给出适用条件。 要求包含2个要点，控制在284字以内。,Model8,0.9073,1203.28,6.5689
比较大模型路由与大模型路由的主要区别，并给出适用条件。 要求包含2个要点，控制在284字以内。,Model9,0.9177,1468.71,8.2383
比较大模型路由与大模型路由的主要区别，并给出适用条件。 要求包含2个要点，控制在284字以内。,Model10,0.9234,1567.89,10.4653
一个项目成功概率为0.2，连续两次至少成功一次的概率是多少？ 要求包含3个要点，控制在81字以内。,Model1,0.4583,798.08,1.7587
一个项目成功概率为0.2，连续两次至少成功一次的概率是多少？ 要求包含3个要点，控制在81字以内。,Model2,0.5212,911.85,2.0448
一个项目成功概率为0.2，连续两次至少成功一次的概率是多少？ 要求包含3个要点，控制在81字以内。,Model3,0.5664,965.24,2.7311
一个项目成功概率为0.2，连续两次至少成功一次的概率是多少？ 要求包含3个要点，控制在81字以内。,Model4,0.8129,1079.53,3.0875
一个项目成功概率为0.2，连续两次至少成功一次的概率是多少？ 要求包含3个要点，控制在81字以内。,Model5,0.7476,1183.86,4.0027
一个项目成功概率为0.2，连续两次至少成功一次的概率是多少？ 要求包含3个要点，控制在81字以内。,Model6,0.7776,1388.64,4.9331
一个项目成功概率为0.2，连续两次至少成功一次的概率是多少？ 要求包含3个要点，控制在81字以内。,Model7,0.8526,1487.10,6.1069
一个项目成功概率为0.2，连续两次至少成功一次的概率是多少？ 要求包含3个要点，控制在81字以内。,Model8,0.8159,1700.39,7.9053
一个项目成功概率为0.2，连续两次至少成功一次的概率是多少？ 要求包含3个要点，控制在81字以内。,Model9,0.8542,1494.47,9.9740
一个项目成功概率为0.2，连续两次至少成功一次的概率是多少？ 要求包含3个要点，控制在81字以内。,Model10,0.8734,1893.01,11.9135
修复这段伪代码中的边界错误，并说明时间复杂度。 要求包含4个要点，控制在98字以内。,Model1,0.6354,666.18,1.3539
修复这段伪代码中的边界错误，并说明时间复杂度。 要求包含4个要点，控制在98字以内。,Model2,0.6649,707.88,1.5792
修复这段伪代码中的边界错误，并说明时间复杂度。 要求包含4个要点，控制在98字以内。,Model3,0.8988,807.79,2.0247
修复这段伪代码中的边界错误，并说明时间复杂度。 要求包含4个要点，控制在98字以内。,Model4,0.8304,929.83,2.4614
修复这段伪代码中的边界错误，并说明时间复杂度。 要求包含4个要点，控制在98字以内。,Model5,0.8414,964.73,3.2066
修复这段伪代码中的边界错误，并说明时间复杂度。 要求包含4个要点，控制在98字以内。,Model6,0.9131,1144.30,3.8252
修复这段伪代码中的边界错误，并说明时间复杂度。 要求包含4个要点，控制在98字以内。,Model7,0.9008,1088.17,4.9594
修复这段伪代码中的边界错误，并说明时间复杂度。 要求包含4个要点，控制在98字以内。,Model8,0.8828,1054.32,6.1179
修复这段伪代码中的边界错误，并说明时间复杂度。 要求包含4个要点，控制在98字以内。,Model9,0.9170,1323.70,7.8185
修复这段伪代码中的边界错误，并说明时间复杂度。 要求包含4个要点，控制在98字以内。,Model10,0.9275,1509.61,9.6094
将这段技术说明概括为不超过120字的摘要。 要求包含5个要点，控制在115字以内。,Model1,0.8607,655.07,1.7020
将这段技术说明概括为不超过120字的摘要。 要求包含5个要点，控制在115字以内。,Model2,0.8022,826.93,2.1092
将这段技术说明概括为不超过120字的摘要。 要求包含5个要点，控制在115字以内。,Model3,0.7829,869.52,2.8175
将这段技术说明概括为不超过120字的摘要。 要求包含5个要点，控制在115字以内。,Model4,0.7621,878.32,3.3705
将这段技术说明概括为不超过120字的摘要。 要求包含5个要点，控制在115字以内。,Model5,0.8673,1122.20,3.9102
将这段技术说明概括为不超过120字的摘要。 要求包含5个要点，控制在115字以内。,Model6,0.8121,1109.77,5.0158
将这段技术说明概括为不超过120字的摘要。 要求包含5个要点，控制在115字以内。,Model7,0.8412,1233.60,6.7112
将这段技术说明概括为不超过120字的摘要。 要求包含5个要点，控制在115字以内。,Model8,0.8976,1313.31,7.9110
将这段技术说明概括为不超过120字的摘要。 要求包含5个要点，控制在115字以内。,Model9,0.9040,1465.96,9.9412
将这段技术说明概括为不超过120字的摘要。 要求包含5个要点，控制在115字以内。,Model10,0.9085,1643.12,12.5167
"Translate into Chinese: The router predicts quality, cost and latency for every candidate model. 要求包含2个要点，控制在132字以内。",Model1,0.6722,754.49,2.0851
"Translate into Chinese: The router predicts quality, cost and latency for every candidate model. 要求包含2个要点，控制在132字以内。",Model2,0.8203,869.91,2.3102
"Translate into Chinese: The router predicts quality, cost and latency for every candidate model. 要求包含2个要点，控制在132字以内。",Model3,0.6787,1019.92,3.2086
"Translate into Chinese: The router predicts quality, cost and latency for every candidate model. 要求包含2个要点，控制在132字以内。",Model4,0.6352,1066.41,3.8603
"Translate into Chinese: The router predicts quality, cost and latency for every candidate model. 要求包含2个要点，控制在132字以内。",Model5,0.8031,984.66,4.7272
"Translate into Chinese: The router predicts quality, cost and latency for every candidate model. 要求包含2个要点，控制在132字以内。",Model6,0.7109,1300.64,5.9458
"Translate into Chinese: The router predicts quality, cost and latency for every candidate model. 要求包含2个要点，控制在132字以内。",Model7,0.7560,1402.90,7.3222
"Translate into Chinese: The router predicts quality, cost and latency for every candidate model. 要求包含2个要点，控制在132字以内。",Model8,0.8367,1488.94,9.2924
"Translate into Chinese: The router predicts quality, cost and latency for every candidate model. 要求包含2个要点，控制在132字以内。",Model9,0.8529,1774.86,11.5993
"Translate into Chinese: The router predicts quality, cost and latency for every candidate model. 要求包含2个要点，控制在132字以内。",Model10,0.8658,2005.38,14.4792
从订单描述中抽取订单号、金额、日期，并按 JSON 返回：订单A2，金额19元，日期2026-09-28。 要求包含3个要点，控制在149字以内。,Model1,0.8987,696.55,1.5249
从订单描述中抽取订单号、金额、日期，并按 JSON 返回：订单A2，金额19元，日期2026-09-28。 要求包含3个要点，控制在149字以内。,Model2,0.8500,754.21,1.7634
从订单描述中抽取订单号、金额、日期，并按 JSON 返回：订单A2，金额19元，日期2026-09-28。 要求包含3个要点，控制在149字以内。,Model3,0.8910,804.42,2.3833
从订单描述中抽取订单号、金额、日期，并按 JSON 返回：订单A2，金额19元，日期2026-09-28。 要求包含3个要点，控制在149字以内。,Model4,0.8309,834.41,2.9348
从订单描述中抽取订单号、金额、日期，并按 JSON 返回：订单A2，金额19元，日期2026-09-28。 要求包含3个要点，控制在149字以内。,Model5,0.8868,927.40,3.5717
从订单描述中抽取订单号、金额、日期，并按 JSON 返回：订单A2，金额19元，日期2026-09-28。 要求包含3个要点，控制在149字以内。,Model6,0.8799,978.62,4.3475
从订单描述中抽取订单号、金额、日期，并按 JSON 返回：订单A2，金额19元，日期2026-09-28。 要求包含3个要点，控制在149字以内。,Model7,0.8801,1092.24,5.4868
从订单描述中抽取订单号、金额、日期，并按 JSON 返回：订单A2，金额19元，日期2026-09-28。 要求包含3个要点，控制在149字以内。,Model8,0.9071,1249.26,6.9892
从订单描述中抽取订单号、金额、日期，并按 JSON 返回：订单A2，金额19元，日期2026-09-28。 要求包含3个要点，控制在149字以内。,Model9,0.9221,1305.04,8.7040
从订单描述中抽取订单号、金额、日期，并按 JSON 返回：订单A2，金额19元，日期2026-09-28。 要求包含3个要点，控制在149字以内。,Model10,0.9324,1701.81,10.9666
为什么成本控制在实际系统中重要？请用通俗语言回答。 要求包含4个要点，控制在166字以内。,Model1,0.7924,811.23,1.5422
为什么成本控制在实际系统中重要？请用通俗语言回答。 要求包含4个要点，控制在166字以内。,Model2,0.8085,862.16,1.8357
为什么成本控制在实际系统中重要？请用通俗语言回答。 要求包含4个要点，控制在166字以内。,Model3,0.7878,925.15,2.3934
为什么成本控制在实际系统中重要？请用通俗语言回答。 要求包含4个要点，控制在166字以内。,Model4,0.8243,1097.76,2.9932
为什么成本控制在实际系统中重要？请用通俗语言回答。 要求包含4个要点，控制在166字以内。,Model5,0.8616,1021.76,3.5293
为什么成本控制在实际系统中重要？请用通俗语言回答。 要求包含4个要点，控制在166字以内。,Model6,0.8513,1195.87,4.2957
为什么成本控制在实际系统中重要？请用通俗语言回答。 要求包含4个要点，控制在166字以内。,Model7,0.8714,1251.51,5.7123
为什么成本控制在实际系统中重要？请用通俗语言回答。 要求包含4个要点，控制在166字以内。,Model8,0.8847,1440.97,6.4550
为什么成本控制在实际系统中重要？请用通俗语言回答。 要求包含4个要点，控制在166字以内。,Model9,0.8993,1600.88,9.4714
为什么成本控制在实际系统中重要？请用通俗语言回答。 要求包含4个要点，控制在166字以内。,Model10,0.9068,1852.26,10.8567
"已知一组数据为 8,50,52,17，计算平均值并说明步骤。 要求包含5个要点，控制在183字以内。",Model1,0.6722,621.48,1.1863
"已知一组数据为 8,50,52,17，计算平均值并说明步骤。 要求包含5个要点，控制在183字以内。",Model2,0.7132,628.99,1.4871
"已知一组数据为 8,50,52,17，计算平均值并说明步骤。 要求包含5个要点，控制在183字以内。",Model3,0.7599,763.13,1.9354
"已知一组数据为 8,50,52,17，计算平均值并说明步骤。 要求包含5个要点，控制在183字以内。",Model4,0.9087,864.89,2.3849
"已知一组数据为 8,50,52,17，计算平均值并说明步骤。 要求包含5个要点，控制在183字以内。",Model5,0.8770,922.67,2.9021
"已知一组数据为 8,50,52,17，计算平均值并说明步骤。 要求包含5个要点，控制在183字以内。",Model6,0.8968,947.34,3.6803
"已知一组数据为 8,50,52,17，计算平均值并说明步骤。 要求包含5个要点，控制在183字以内。",Model7,0.9325,1058.06,4.9222
"已知一组数据为 8,50,52,17，计算平均值并说明步骤。 要求包含5个要点，控制在183字以内。",Model8,0.9127,1130.28,5.8113
"已知一组数据为 8,50,52,17，计算平均值并说明步骤。 要求包含5个要点，控制在183字以内。",Model9,0.9294,1374.35,7.4599
"已知一组数据为 8,50,52,17，计算平均值并说明步骤。 要求包含5个要点，控制在183字以内。",Model10,0.9413,1475.29,8.8696
分析下面 SQL 的性能问题并给出索引建议：SELECT * FROM orders WHERE user_id=2 ORDER BY created_at DESC; 要求包含2个要点，控制在200字以内。,Model1,0.5798,677.43,1.5693
分析下面 SQL 的性能问题并给出索引建议：SELECT * FROM orders WHERE user_id=2 ORDER BY created_at DESC; 要求包含2个要点，控制在200字以内。,Model2,0.6136,842.37,1.8403
分析下面 SQL 的性能问题并给出索引建议：SELECT * FROM orders WHERE user_id=2 ORDER BY created_at DESC; 要求包含2个要点，控制在200字以内。,Model3,0.8722,864.99,2.3754
分析下面 SQL 的性能问题并给出索引建议：SELECT * FROM orders WHERE user_id=2 ORDER BY created_at DESC; 要求包含2个要点，控制在200字以内。,Model4,0.7925,996.36,3.0119
分析下面 SQL 的性能问题并给出索引建议：SELECT * FROM orders WHERE user_id=2 ORDER BY created_at DESC; 要求包含2个要点，控制在200字以内。,Model5,0.8063,1001.90,3.5560
分析下面 SQL 的性能问题并给出索引建议：SELECT * FROM orders WHERE user_id=2 ORDER BY created_at DESC; 要求包含2个要点，控制在200字以内。,Model6,0.8902,1053.99,4.6931
分析下面 SQL 的性能问题并给出索引建议：SELECT * FROM orders WHERE user_id=2 ORDER BY created_at DESC; 要求包含2个要点，控制在200字以内。,Model7,0.8764,1317.11,5.6594
分析下面 SQL 的性能问题并给出索引建议：SELECT * FROM orders WHERE user_id=2 ORDER BY created_at DESC; 要求包含2个要点，控制在200字以内。,Model8,0.8554,1430.55,7.3925
分析下面 SQL 的性能问题并给出索引建议：SELECT * FROM orders WHERE user_id=2 ORDER BY created_at DESC; 要求包含2个要点，控制在200字以内。,Model9,0.8949,1504.58,9.3122
分析下面 SQL 的性能问题并给出索引建议：SELECT * FROM orders WHERE user_id=2 ORDER BY created_at DESC; 要求包含2个要点，控制在200字以内。,Model10,0.9091,1613.14,11.5205
请把下面材料压缩成三点摘要：企业上线多模型后，需要在质量、成本和延迟之间进行路由选择。 要求包含3个要点，控制在217字以内。,Model1,0.8311,849.13,2.0491
请把下面材料压缩成三点摘要：企业上线多模型后，需要在质量、成本和延迟之间进行路由选择。 要求包含3个要点，控制在217字以内。,Model2,0.7623,942.41,2.4429
请把下面材料压缩成三点摘要：企业上线多模型后，需要在质量、成本和延迟之间进行路由选择。 要求包含3个要点，控制在217字以内。,Model3,0.7407,929.31,3.2503
请把下面材料压缩成三点摘要：企业上线多模型后，需要在质量、成本和延迟之间进行路由选择。 要求包含3个要点，控制在217字以内。,Model4,0.7185,1072.81,3.9673
请把下面材料压缩成三点摘要：企业上线多模型后，需要在质量、成本和延迟之间进行路由选择。 要求包含3个要点，控制在217字以内。,Model5,0.8384,1209.00,4.8403
请把下面材料压缩成三点摘要：企业上线多模型后，需要在质量、成本和延迟之间进行路由选择。 要求包含3个要点，控制在217字以内。,Model6,0.7719,1161.50,6.1433
请把下面材料压缩成三点摘要：企业上线多模型后，需要在质量、成本和延迟之间进行路由选择。 要求包含3个要点，控制在217字以内。,Model7,0.8139,1321.53,7.7378
请把下面材料压缩成三点摘要：企业上线多模型后，需要在质量、成本和延迟之间进行路由选择。 要求包含3个要点，控制在217字以内。,Model8,0.8690,1564.96,9.6689
请把下面材料压缩成三点摘要：企业上线多模型后，需要在质量、成本和延迟之间进行路由选择。 要求包含3个要点，控制在217字以内。,Model9,0.8812,1694.47,11.7194
请把下面材料压缩成三点摘要：企业上线多模型后，需要在质量、成本和延迟之间进行路由选择。 要求包含3个要点，控制在217字以内。,Model10,0.8887,1798.24,15.0850
将下面中文翻译成英文：系统应先满足质量阈值，再选择成本最低的模型。 要求包含4个要点，控制在234字以内。,Model1,0.8218,607.29,1.6305
将下面中文翻译成英文：系统应先满足质量阈值，再选择成本最低的模型。 要求包含4个要点，控制在234字以内。,Model2,0.9154,761.96,1.9536
将下面中文翻译成英文：系统应先满足质量阈值，再选择成本最低的模型。 要求包含4个要点，控制在234字以内。,Model3,0.8284,693.39,2.6702
将下面中文翻译成英文：系统应先满足质量阈值，再选择成本最低的模型。 要求包含4个要点，控制在234字以内。,Model4,0.8052,788.78,3.1068
将下面中文翻译成英文：系统应先满足质量阈值，再选择成本最低的模型。 要求包含4个要点，控制在234字以内。,Model5,0.9081,896.79,3.7434
将下面中文翻译成英文：系统应先满足质量阈值，再选择成本最低的模型。 要求包含4个要点，控制在234字以内。,Model6,0.8553,964.60,4.5851
将下面中文翻译成英文：系统应先满足质量阈值，再选择成本最低的模型。 要求包含4个要点，控制在234字以内。,Model7,0.8805,1034.51,5.9329
将下面中文翻译成英文：系统应先满足质量阈值，再选择成本最低的模型。 要求包含4个要点，控制在234字以内。,Model8,0.9268,1137.49,7.3221
将下面中文翻译成英文：系统应先满足质量阈值，再选择成本最低的模型。 要求包含4个要点，控制在234字以内。,Model9,0.9330,1303.87,9.2854
将下面中文翻译成英文：系统应先满足质量阈值，再选择成本最低的模型。 要求包含4个要点，控制在234字以内。,Model10,0.9420,1383.95,12.1531
从订单描述中抽取订单号、金额、日期，并按 JSON 返回：订单A8，金额65元，日期2026-09-18。 要求包含5个要点，控制在251字以内。,Model1,0.8759,736.16,1.6131
从订单描述中抽取订单号、金额、日期，并按 JSON 返回：订单A8，金额65元，日期2026-09-18。 要求包含5个要点，控制在251字以内。,Model2,0.8107,775.50,2.0258
从订单描述中抽取订单号、金额、日期，并按 JSON 返回：订单A8，金额65元，日期2026-09-18。 要求包含5个要点，控制在251字以内。,Model3,0.8704,772.86,2.4187
从订单描述中抽取订单号、金额、日期，并按 JSON 返回：订单A8，金额65元，日期2026-09-18。 要求包含5个要点，控制在251字以内。,Model4,0.7808,978.49,3.0151
从订单描述中抽取订单号、金额、日期，并按 JSON 返回：订单A8，金额65元，日期2026-09-18。 要求包含5个要点，控制在251字以内。,Model5,0.8553,951.46,3.6402
从订单描述中抽取订单号、金额、日期，并按 JSON 返回：订单A8，金额65元，日期2026-09-18。 要求包含5个要点，控制在251字以内。,Model6,0.8575,1143.16,4.7808
从订单描述中抽取订单号、金额、日期，并按 JSON 返回：订单A8，金额65元，日期2026-09-18。 要求包含5个要点，控制在251字以内。,Model7,0.8499,1182.27,6.3405
从订单描述中抽取订单号、金额、日期，并按 JSON 返回：订单A8，金额65元，日期2026-09-18。 要求包含5个要点，控制在251字以内。,Model8,0.8859,1317.99,7.3180
从订单描述中抽取订单号、金额、日期，并按 JSON 返回：订单A8，金额65元，日期2026-09-18。 要求包含5个要点，控制在251字以内。,Model9,0.9038,1629.11,9.5361
从订单描述中抽取订单号、金额、日期，并按 JSON 返回：订单A8，金额65元，日期2026-09-18。 要求包含5个要点，控制在251字以内。,Model10,0.9139,1575.41,11.9132
比较请求调度与大模型路由的主要区别，并给出适用条件。 要求包含2个要点，控制在268字以内。,Model1,0.7409,834.26,1.5876
比较请求调度与大模型路由的主要区别，并给出适用条件。 要求包含2个要点，控制在268字以内。,Model2,0.7633,914.83,1.9675
比较请求调度与大模型路由的主要区别，并给出适用条件。 要求包含2个要点，控制在268字以内。,Model3,0.7435,962.04,2.6549
比较请求调度与大模型路由的主要区别，并给出适用条件。 要求包含2个要点，控制在268字以内。,Model4,0.7826,1146.80,3.2109
比较请求调度与大模型路由的主要区别，并给出适用条件。 要求包含2个要点，控制在268字以内。,Model5,0.8309,1156.67,3.7223
比较请求调度与大模型路由的主要区别，并给出适用条件。 要求包含2个要点，控制在268字以内。,Model6,0.8143,1279.15,4.8962
比较请求调度与大模型路由的主要区别，并给出适用条件。 要求包含2个要点，控制在268字以内。,Model7,0.8418,1265.25,5.9220
比较请求调度与大模型路由的主要区别，并给出适用条件。 要求包含2个要点，控制在268字以内。,Model8,0.8604,1337.15,7.7139
比较请求调度与大模型路由的主要区别，并给出适用条件。 要求包含2个要点，控制在268字以内。,Model9,0.8681,1723.04,9.6524
比较请求调度与大模型路由的主要区别，并给出适用条件。 要求包含2个要点，控制在268字以内。,Model10,0.8815,1852.28,12.4491
求解方程 7x + 42 = 33，写出计算过程。 要求包含3个要点，控制在285字以内。,Model1,0.6177,685.79,1.3585
求解方程 7x + 42 = 33，写出计算过程。 要求包含3个要点，控制在285字以内。,Model2,0.6550,725.50,1.7025
求解方程 7x + 42 = 33，写出计算过程。 要求包含3个要点，控制在285字以内。,Model3,0.7141,888.98,2.0903
求解方程 7x + 42 = 33，写出计算过程。 要求包含3个要点，控制在285字以内。,Model4,0.8894,851.13,2.5985
求解方程 7x + 42 = 33，写出计算过程。 要求包含3个要点，控制在285字以内。,Model5,0.8490,1065.36,3.0926
求解方程 7x + 42 = 33，写出计算过程。 要求包含3个要点，控制在285字以内。,Model6,0.8739,1162.97,3.7200
求解方程 7x + 42 = 33，写出计算过程。 要求包含3个要点，控制在285字以内。,Model7,0.9078,1146.57,4.8927
求解方程 7x + 42 = 33，写出计算过程。 要求包含3个要点，控制在285字以内。,Model8,0.8887,1273.91,6.2285
求解方程 7x + 42 = 33，写出计算过程。 要求包含3个要点，控制在285字以内。,Model9,0.9113,1432.74,7.7282
求解方程 7x + 42 = 33，写出计算过程。 要求包含3个要点，控制在285字以内。,Model10,0.9285,1477.60,9.5448
用 Python 编写函数，将列表中的重复元素去除并保持原顺序。 要求包含4个要点，控制在82字以内。,Model1,0.5221,697.17,1.6061
用 Python 编写函数，将列表中的重复元素去除并保持原顺序。 要求包含4个要点，控制在82字以内。,Model2,0.5565,899.81,1.9637
用 Python 编写函数，将列表中的重复元素去除并保持原顺序。 要求包含4个要点，控制在82字以内。,Model3,0.8372,998.81,2.4669
用 Python 编写函数，将列表中的重复元素去除并保持原顺序。 要求包含4个要点，控制在82字以内。,Model4,0.7424,1063.94,2.9846
用 Python 编写函数，将列表中的重复元素去除并保持原顺序。 要求包含4个要点，控制在82字以内。,Model5,0.7711,1088.00,3.5810
用 Python 编写函数，将列表中的重复元素去除并保持原顺序。 要求包含4个要点，控制在82字以内。,Model6,0.8632,1153.84,4.3612
用 Python 编写函数，将列表中的重复元素去除并保持原顺序。 要求包含4个要点，控制在82字以内。,Model7,0.8523,1487.28,5.7474
用 Python 编写函数，将列表中的重复元素去除并保持原顺序。 要求包含4个要点，控制在82字以内。,Model8,0.8159,1454.38,7.2825
用 Python 编写函数，将列表中的重复元素去除并保持原顺序。 要求包含4个要点，控制在82字以内。,Model9,0.8715,1681.69,9.3096
用 Python 编写函数，将列表中的重复元素去除并保持原顺序。 要求包含4个要点，控制在82字以内。,Model10,0.8883,1827.43,10.9009
总结以下会议纪要，保留结论、负责人和下一步动作。 要求包含5个要点，控制在99字以内。,Model1,0.7986,871.59,1.7949
总结以下会议纪要，保留结论、负责人和下一步动作。 要求包含5个要点，控制在99字以内。,Model2,0.7128,920.14,2.4770
总结以下会议纪要，保留结论、负责人和下一步动作。 要求包含5个要点，控制在99字以内。,Model3,0.6771,1005.01,3.1007
总结以下会议纪要，保留结论、负责人和下一步动作。 要求包含5个要点，控制在99字以内。,Model4,0.6543,1262.00,3.7324
总结以下会议纪要，保留结论、负责人和下一步动作。 要求包含5个要点，控制在99字以内。,Model5,0.7972,1301.99,4.4687
总结以下会议纪要，保留结论、负责人和下一步动作。 要求包含5个要点，控制在99字以内。,Model6,0.7255,1400.60,5.8479
总结以下会议纪要，保留结论、负责人和下一步动作。 要求包含5个要点，控制在99字以内。,Model7,0.7687,1504.59,7.0977
总结以下会议纪要，保留结论、负责人和下一步动作。 要求包含5个要点，控制在99字以内。,Model8,0.8412,1592.09,8.6400
总结以下会议纪要，保留结论、负责人和下一步动作。 要求包含5个要点，控制在99字以内。,Model9,0.8480,1793.69,11.3641
总结以下会议纪要，保留结论、负责人和下一步动作。 要求包含5个要点，控制在99字以内。,Model10,0.8668,2081.82,14.2074
"Translate into Chinese: The router predicts quality, cost and latency for every candidate model. 要求包含2个要点，控制在116字以内。",Model1,0.7907,671.36,1.7557
"Translate into Chinese: The router predicts quality, cost and latency for every candidate model. 要求包含2个要点，控制在116字以内。",Model2,0.8956,807.01,2.0232
"Translate into Chinese: The router predicts quality, cost and latency for every candidate model. 要求包含2个要点，控制在116字以内。",Model3,0.7914,803.46,2.6462
"Translate into Chinese: The router predicts quality, cost and latency for every candidate model. 要求包含2个要点，控制在116字以内。",Model4,0.7671,967.04,3.3059
"Translate into Chinese: The router predicts quality, cost and latency for every candidate model. 要求包含2个要点，控制在116字以内。",Model5,0.8795,918.93,3.9429
"Translate into Chinese: The router predicts quality, cost and latency for every candidate model. 要求包含2个要点，控制在116字以内。",Model6,0.8230,1046.55,5.0093
"Translate into Chinese: The router predicts quality, cost and latency for every candidate model. 要求包含2个要点，控制在116字以内。",Model7,0.8468,1162.46,6.7124
"Translate into Chinese: The router predicts quality, cost and latency for every candidate model. 要求包含2个要点，控制在116字以内。",Model8,0.9072,1311.96,8.0627
"Translate into Chinese: The router predicts quality, cost and latency for every candidate model. 要求包含2个要点，控制在116字以内。",Model9,0.9172,1380.56,10.3446
"Translate into Chinese: The router predicts quality, cost and latency for every candidate model. 要求包含2个要点，控制在116字以内。",Model10,0.9243,1551.12,12.4596
把以下内容整理为 key-value：客户=远航制造；问题=接口超时；优先级=高。 要求包含3个要点，控制在133字以内。,Model1,0.8506,834.11,1.6728
把以下内容整理为 key-value：客户=远航制造；问题=接口超时；优先级=高。 要求包含3个要点，控制在133字以内。,Model2,0.7703,841.94,1.9200
把以下内容整理为 key-value：客户=远航制造；问题=接口超时；优先级=高。 要求包含3个要点，控制在133字以内。,Model3,0.8394,1010.23,2.5213
把以下内容整理为 key-value：客户=远航制造；问题=接口超时；优先级=高。 要求包含3个要点，控制在133字以内。,Model4,0.7442,1141.59,3.0050
把以下内容整理为 key-value：客户=远航制造；问题=接口超时；优先级=高。 要求包含3个要点，控制在133字以内。,Model5,0.8225,1147.05,3.6861
把以下内容整理为 key-value：客户=远航制造；问题=接口超时；优先级=高。 要求包含3个要点，控制在133字以内。,Model6,0.8167,1191.83,4.5674
把以下内容整理为 key-value：客户=远航制造；问题=接口超时；优先级=高。 要求包含3个要点，控制在133字以内。,Model7,0.8150,1221.55,6.1970
把以下内容整理为 key-value：客户=远航制造；问题=接口超时；优先级=高。 要求包含3个要点，控制在133字以内。,Model8,0.8584,1350.83,7.6146
把以下内容整理为 key-value：客户=远航制造；问题=接口超时；优先级=高。 要求包含3个要点，控制在133字以内。,Model9,0.8796,1733.05,9.7830
把以下内容整理为 key-value：客户=远航制造；问题=接口超时；优先级=高。 要求包含3个要点，控制在133字以内。,Model10,0.8876,1803.11,11.7057
请解释编译优化的核心原理，并给出两个应用场景。 要求包含4个要点，控制在150字以内。,Model1,0.8777,643.72,1.2318
请解释编译优化的核心原理，并给出两个应用场景。 要求包含4个要点，控制在150字以内。,Model2,0.8824,680.78,1.5000
请解释编译优化的核心原理，并给出两个应用场景。 要求包含4个要点，控制在150字以内。,Model3,0.8772,718.87,1.8902
请解释编译优化的核心原理，并给出两个应用场景。 要求包含4个要点，控制在150字以内。,Model4,0.8960,832.08,2.3833
请解释编译优化的核心原理，并给出两个应用场景。 要求包含4个要点，控制在150字以内。,Model5,0.9165,853.31,2.7644
请解释编译优化的核心原理，并给出两个应用场景。 要求包含4个要点，控制在150字以内。,Model6,0.9146,1015.49,3.5050
请解释编译优化的核心原理，并给出两个应用场景。 要求包含4个要点，控制在150字以内。,Model7,0.9284,1093.62,4.2758
请解释编译优化的核心原理，并给出两个应用场景。 要求包含4个要点，控制在150字以内。,Model8,0.9359,969.26,5.4793
请解释编译优化的核心原理，并给出两个应用场景。 要求包含4个要点，控制在150字以内。,Model9,0.9416,1222.39,7.0961
请解释编译优化的核心原理，并给出两个应用场景。 要求包含4个要点，控制在150字以内。,Model10,0.9473,1401.37,9.0508
一个项目成功概率为0.8，连续两次至少成功一次的概率是多少？ 要求包含5个要点，控制在167字以内。,Model1,0.5612,746.53,1.4985
一个项目成功概率为0.8，连续两次至少成功一次的概率是多少？ 要求包含5个要点，控制在167字以内。,Model2,0.6082,865.72,1.8495
一个项目成功概率为0.8，连续两次至少成功一次的概率是多少？ 要求包含5个要点，控制在167字以内。,Model3,0.6424,893.28,2.3330
一个项目成功概率为0.8，连续两次至少成功一次的概率是多少？ 要求包含5个要点，控制在167字以内。,Model4,0.8616,1011.78,2.9905
一个项目成功概率为0.8，连续两次至少成功一次的概率是多少？ 要求包含5个要点，控制在167字以内。,Model5,0.8112,1102.87,3.5137
一个项目成功概率为0.8，连续两次至少成功一次的概率是多少？ 要求包含5个要点，控制在167字以内。,Model6,0.8443,1304.58,4.3892
一个项目成功概率为0.8，连续两次至少成功一次的概率是多少？ 要求包含5个要点，控制在167字以内。,Model7,0.8916,1318.23,5.6487
一个项目成功概率为0.8，连续两次至少成功一次的概率是多少？ 要求包含5个要点，控制在167字以内。,Model8,0.8617,1403.76,6.6220
一个项目成功概率为0.8，连续两次至少成功一次的概率是多少？ 要求包含5个要点，控制在167字以内。,Model9,0.8880,1282.71,9.0037
一个项目成功概率为0.8，连续两次至少成功一次的概率是多少？ 要求包含5个要点，控制在167字以内。,Model10,0.9110,1775.79,10.9773
分析下面 SQL 的性能问题并给出索引建议：SELECT * FROM orders WHERE user_id=5 ORDER BY created_at DESC; 要求包含2个要点，控制在184字以内。,Model1,0.4481,781.22,1.9431
分析下面 SQL 的性能问题并给出索引建议：SELECT * FROM orders WHERE user_id=5 ORDER BY created_at DESC; 要求包含2个要点，控制在184字以内。,Model2,0.4915,933.39,2.2457
分析下面 SQL 的性能问题并给出索引建议：SELECT * FROM orders WHERE user_id=5 ORDER BY created_at DESC; 要求包含2个要点，控制在184字以内。,Model3,0.8043,1036.02,2.8186
分析下面 SQL 的性能问题并给出索引建议：SELECT * FROM orders WHERE user_id=5 ORDER BY created_at DESC; 要求包含2个要点，控制在184字以内。,Model4,0.6973,1131.37,3.5857
分析下面 SQL 的性能问题并给出索引建议：SELECT * FROM orders WHERE user_id=5 ORDER BY created_at DESC; 要求包含2个要点，控制在184字以内。,Model5,0.7204,1188.02,4.3436
分析下面 SQL 的性能问题并给出索引建议：SELECT * FROM orders WHERE user_id=5 ORDER BY created_at DESC; 要求包含2个要点，控制在184字以内。,Model6,0.8293,1375.10,5.2459
分析下面 SQL 的性能问题并给出索引建议：SELECT * FROM orders WHERE user_id=5 ORDER BY created_at DESC; 要求包含2个要点，控制在184字以内。,Model7,0.8105,1464.70,7.0939
分析下面 SQL 的性能问题并给出索引建议：SELECT * FROM orders WHERE user_id=5 ORDER BY created_at DESC; 要求包含2个要点，控制在184字以内。,Model8,0.7770,1581.78,8.3310
分析下面 SQL 的性能问题并给出索引建议：SELECT * FROM orders WHERE user_id=5 ORDER BY created_at DESC; 要求包含2个要点，控制在184字以内。,Model9,0.8389,1720.79,9.7685
分析下面 SQL 的性能问题并给出索引建议：SELECT * FROM orders WHERE user_id=5 ORDER BY created_at DESC; 要求包含2个要点，控制在184字以内。,Model10,0.8716,1861.82,12.7253
总结以下会议纪要，保留结论、负责人和下一步动作。 要求包含3个要点，控制在201字以内。,Model1,0.9062,598.90,1.6145
总结以下会议纪要，保留结论、负责人和下一步动作。 要求包含3个要点，控制在201字以内。,Model2,0.8595,702.35,1.8978
总结以下会议纪要，保留结论、负责人和下一步动作。 要求包含3个要点，控制在201字以内。,Model3,0.8359,737.76,2.4901
总结以下会议纪要，保留结论、负责人和下一步动作。 要求包含3个要点，控制在201字以内。,Model4,0.8244,915.68,3.0689
总结以下会议纪要，保留结论、负责人和下一步动作。 要求包含3个要点，控制在201字以内。,Model5,0.9021,973.46,3.6459
总结以下会议纪要，保留结论、负责人和下一步动作。 要求包含3个要点，控制在201字以内。,Model6,0.8631,1038.17,4.5541
总结以下会议纪要，保留结论、负责人和下一步动作。 要求包含3个要点，控制在201字以内。,Model7,0.8844,972.91,5.6609
总结以下会议纪要，保留结论、负责人和下一步动作。 要求包含3个要点，控制在201字以内。,Model8,0.9249,1331.30,7.1408
总结以下会议纪要，保留结论、负责人和下一步动作。 要求包含3个要点，控制在201字以内。,Model9,0.9299,1261.43,8.7462
总结以下会议纪要，保留结论、负责人和下一步动作。 要求包含3个要点，控制在201字以内。,Model10,0.9364,1364.23,11.3702
"Translate into Chinese: The router predicts quality, cost and latency for every candidate model. 要求包含4个要点，控制在218字以内。",Model1,0.7497,764.97,1.8886
"Translate into Chinese: The router predicts quality, cost and latency for every candidate model. 要求包含4个要点，控制在218字以内。",Model2,0.8686,849.74,2.2025
"Translate into Chinese: The router predicts quality, cost and latency for every candidate model. 要求包含4个要点，控制在218字以内。",Model3,0.7508,922.56,2.8930
"Translate into Chinese: The router predicts quality, cost and latency for every candidate model. 要求包含4个要点，控制在218字以内。",Model4,0.7248,1042.39,3.4883
"Translate into Chinese: The router predicts quality, cost and latency for every candidate model. 要求包含4个要点，控制在218字以内。",Model5,0.8601,986.51,4.3639
"Translate into Chinese: The router predicts quality, cost and latency for every candidate model. 要求包含4个要点，控制在218字以内。",Model6,0.7842,992.22,5.6728
"Translate into Chinese: The router predicts quality, cost and latency for every candidate model. 要求包含4个要点，控制在218字以内。",Model7,0.8084,1305.83,6.8064
"Translate into Chinese: The router predicts quality, cost and latency for every candidate model. 要求包含4个要点，控制在218字以内。",Model8,0.8866,1395.06,8.6838
"Translate into Chinese: The router predicts quality, cost and latency for every candidate model. 要求包含4个要点，控制在218字以内。",Model9,0.8979,1607.73,11.3469
"Translate into Chinese: The router predicts quality, cost and latency for every candidate model. 要求包含4个要点，控制在218字以内。",Model10,0.9041,1673.19,13.8878
把以下内容整理为 key-value：客户=远航制造；问题=接口超时；优先级=高。 要求包含5个要点，控制在235字以内。,Model1,0.8114,889.76,1.7752
把以下内容整理为 key-value：客户=远航制造；问题=接口超时；优先级=高。 要求包含5个要点，控制在235字以内。,Model2,0.7293,899.51,2.1154
把以下内容整理为 key-value：客户=远航制造；问题=接口超时；优先级=高。 要求包含5个要点，控制在235字以内。,Model3,0.8025,875.61,2.7050
把以下内容整理为 key-value：客户=远航制造；问题=接口超时；优先级=高。 要求包含5个要点，控制在235字以内。,Model4,0.6844,1068.34,3.2443
把以下内容整理为 key-value：客户=远航制造；问题=接口超时；优先级=高。 要求包含5个要点，控制在235字以内。,Model5,0.7799,1183.84,4.0201
把以下内容整理为 key-value：客户=远航制造；问题=接口超时；优先级=高。 要求包含5个要点，控制在235字以内。,Model6,0.7836,1220.62,5.0027
把以下内容整理为 key-value：客户=远航制造；问题=接口超时；优先级=高。 要求包含5个要点，控制在235字以内。,Model7,0.7746,1429.42,6.8451
把以下内容整理为 key-value：客户=远航制造；问题=接口超时；优先级=高。 要求包含5个要点，控制在235字以内。,Model8,0.8300,1570.63,7.9499
把以下内容整理为 key-value：客户=远航制造；问题=接口超时；优先级=高。 要求包含5个要点，控制在235字以内。,Model9,0.8542,1903.04,10.1735
把以下内容整理为 key-value：客户=远航制造；问题=接口超时；优先级=高。 要求包含5个要点，控制在235字以内。,Model10,0.8613,1907.67,12.3765
请解释缓存机制的核心原理，并给出两个应用场景。 要求包含2个要点，控制在252字以内。,Model1,0.8445,664.83,1.2888
请解释缓存机制的核心原理，并给出两个应用场景。 要求包含2个要点，控制在252字以内。,Model2,0.8567,663.60,1.5902
请解释缓存机制的核心原理，并给出两个应用场景。 要求包含2个要点，控制在252字以内。,Model3,0.8416,872.22,2.0596
请解释缓存机制的核心原理，并给出两个应用场景。 要求包含2个要点，控制在252字以内。,Model4,0.8724,893.33,2.3733
请解释缓存机制的核心原理，并给出两个应用场景。 要求包含2个要点，控制在252字以内。,Model5,0.8954,917.40,3.1270
请解释缓存机制的核心原理，并给出两个应用场景。 要求包含2个要点，控制在252字以内。,Model6,0.8907,928.12,3.7982
请解释缓存机制的核心原理，并给出两个应用场景。 要求包含2个要点，控制在252字以内。,Model7,0.9097,1159.87,4.9541
请解释缓存机制的核心原理，并给出两个应用场景。 要求包含2个要点，控制在252字以内。,Model8,0.9173,1323.66,5.9126
请解释缓存机制的核心原理，并给出两个应用场景。 要求包含2个要点，控制在252字以内。,Model9,0.9250,1333.88,7.9840
请解释缓存机制的核心原理，并给出两个应用场景。 要求包含2个要点，控制在252字以内。,Model10,0.9351,1537.77,9.2919
一个项目成功概率为0.2，连续两次至少成功一次的概率是多少？ 要求包含3个要点，控制在269字以内。,Model1,0.5024,857.06,1.6364
一个项目成功概率为0.2，连续两次至少成功一次的概率是多少？ 要求包含3个要点，控制在269字以内。,Model2,0.5542,849.23,1.9621
一个项目成功概率为0.2，连续两次至少成功一次的概率是多少？ 要求包含3个要点，控制在269字以内。,Model3,0.6010,936.14,2.5958
一个项目成功概率为0.2，连续两次至少成功一次的概率是多少？ 要求包含3个要点，控制在269字以内。,Model4,0.8273,1089.24,3.1150
一个项目成功概率为0.2，连续两次至少成功一次的概率是多少？ 要求包含3个要点，控制在269字以内。,Model5,0.7748,1179.44,3.8411
一个项目成功概率为0.2，连续两次至少成功一次的概率是多少？ 要求包含3个要点，控制在269字以内。,Model6,0.8065,1246.55,4.8170
一个项目成功概率为0.2，连续两次至少成功一次的概率是多少？ 要求包含3个要点，控制在269字以内。,Model7,0.8665,1282.56,6.2647
一个项目成功概率为0.2，连续两次至少成功一次的概率是多少？ 要求包含3个要点，控制在269字以内。,Model8,0.8280,1609.93,7.5125
一个项目成功概率为0.2，连续两次至少成功一次的概率是多少？ 要求包含3个要点，控制在269字以内。,Model9,0.8629,1550.03,9.6802
一个项目成功概率为0.2，连续两次至少成功一次的概率是多少？ 要求包含3个要点，控制在269字以内。,Model10,0.8873,1858.20,11.4114
分析下面 SQL 的性能问题并给出索引建议：SELECT * FROM orders WHERE user_id=5 ORDER BY created_at DESC; 要求包含4个要点，控制在286字以内。,Model1,0.6681,605.28,1.4634
分析下面 SQL 的性能问题并给出索引建议：SELECT * FROM orders WHERE user_id=5 ORDER BY created_at DESC; 要求包含4个要点，控制在286字以内。,Model2,0.6980,701.52,1.6919
分析下面 SQL 的性能问题并给出索引建议：SELECT * FROM orders WHERE user_id=5 ORDER BY created_at DESC; 要求包含4个要点，控制在286字以内。,Model3,0.9093,787.32,2.2335
分析下面 SQL 的性能问题并给出索引建议：SELECT * FROM orders WHERE user_id=5 ORDER BY created_at DESC; 要求包含4个要点，控制在286字以内。,Model4,0.8531,886.31,2.7054
分析下面 SQL 的性能问题并给出索引建议：SELECT * FROM orders WHERE user_id=5 ORDER BY created_at DESC; 要求包含4个要点，控制在286字以内。,Model5,0.8581,933.69,3.4306
分析下面 SQL 的性能问题并给出索引建议：SELECT * FROM orders WHERE user_id=5 ORDER BY created_at DESC; 要求包含4个要点，控制在286字以内。,Model6,0.9207,987.06,4.2183
分析下面 SQL 的性能问题并给出索引建议：SELECT * FROM orders WHERE user_id=5 ORDER BY created_at DESC; 要求包含4个要点，控制在286字以内。,Model7,0.9130,1132.48,5.4253
分析下面 SQL 的性能问题并给出索引建议：SELECT * FROM orders WHERE user_id=5 ORDER BY created_at DESC; 要求包含4个要点，控制在286字以内。,Model8,0.8957,1237.34,6.4907
分析下面 SQL 的性能问题并给出索引建议：SELECT * FROM orders WHERE user_id=5 ORDER BY created_at DESC; 要求包含4个要点，控制在286字以内。,Model9,0.9239,1383.52,8.5214
分析下面 SQL 的性能问题并给出索引建议：SELECT * FROM orders WHERE user_id=5 ORDER BY created_at DESC; 要求包含4个要点，控制在286字以内。,Model10,0.9381,1496.45,10.6603
请把下面材料压缩成三点摘要：企业上线多模型后，需要在质量、成本和延迟之间进行路由选择。 要求包含5个要点，控制在83字以内。,Model1,0.8779,703.61,1.8504
请把下面材料压缩成三点摘要：企业上线多模型后，需要在质量、成本和延迟之间进行路由选择。 要求包含5个要点，控制在83字以内。,Model2,0.8297,780.80,2.3617
请把下面材料压缩成三点摘要：企业上线多模型后，需要在质量、成本和延迟之间进行路由选择。 要求包含5个要点，控制在83字以内。,Model3,0.8029,874.81,2.9223
请把下面材料压缩成三点摘要：企业上线多模型后，需要在质量、成本和延迟之间进行路由选择。 要求包含5个要点，控制在83字以内。,Model4,0.7965,857.76,3.6593
请把下面材料压缩成三点摘要：企业上线多模型后，需要在质量、成本和延迟之间进行路由选择。 要求包含5个要点，控制在83字以内。,Model5,0.8818,975.34,4.4017
请把下面材料压缩成三点摘要：企业上线多模型后，需要在质量、成本和延迟之间进行路由选择。 要求包含5个要点，控制在83字以内。,Model6,0.8265,1070.56,5.5445
请把下面材料压缩成三点摘要：企业上线多模型后，需要在质量、成本和延迟之间进行路由选择。 要求包含5个要点，控制在83字以内。,Model7,0.8599,1112.08,7.0925
请把下面材料压缩成三点摘要：企业上线多模型后，需要在质量、成本和延迟之间进行路由选择。 要求包含5个要点，控制在83字以内。,Model8,0.9050,1325.16,8.7510
请把下面材料压缩成三点摘要：企业上线多模型后，需要在质量、成本和延迟之间进行路由选择。 要求包含5个要点，控制在83字以内。,Model9,0.9154,1529.35,11.2705
请把下面材料压缩成三点摘要：企业上线多模型后，需要在质量、成本和延迟之间进行路由选择。 要求包含5个要点，控制在83字以内。,Model10,0.9236,1568.44,13.9516
"Translate into Chinese: The router predicts quality, cost and latency for every candidate model. 要求包含2个要点，控制在100字以内。",Model1,0.7050,854.40,2.0104
"Translate into Chinese: The router predicts quality, cost and latency for every candidate model. 要求包含2个要点，控制在100字以内。",Model2,0.8371,875.21,2.4186
"Translate into Chinese: The router predicts quality, cost and latency for every candidate model. 要求包含2个要点，控制在100字以内。",Model3,0.6958,949.24,3.1035
"Translate into Chinese: The router predicts quality, cost and latency for every candidate model. 要求包含2个要点，控制在100字以内。",Model4,0.6607,1156.46,3.6170
"Translate into Chinese: The router predicts quality, cost and latency for every candidate model. 要求包含2个要点，控制在100字以内。",Model5,0.8234,1167.58,4.4635
"Translate into Chinese: The router predicts quality, cost and latency for every candidate model. 要求包含2个要点，控制在100字以内。",Model6,0.7398,1175.68,5.9578
"Translate into Chinese: The router predicts quality, cost and latency for every candidate model. 要求包含2个要点，控制在100字以内。",Model7,0.7786,1361.59,7.2432
"Translate into Chinese: The router predicts quality, cost and latency for every candidate model. 要求包含2个要点，控制在100字以内。",Model8,0.8568,1460.29,8.9796
"Translate into Chinese: The router predicts quality, cost and latency for every candidate model. 要求包含2个要点，控制在100字以内。",Model9,0.8663,1666.69,11.8429
"Translate into Chinese: The router predicts quality, cost and latency for every candidate model. 要求包含2个要点，控制在100字以内。",Model10,0.8783,1851.31,14.3890
从订单描述中抽取订单号、金额、日期，并按 JSON 返回：订单A7，金额10元，日期2026-09-26。 要求包含3个要点，控制在117字以内。,Model1,0.9092,588.82,1.4286
从订单描述中抽取订单号、金额、日期，并按 JSON 返回：订单A7，金额10元，日期2026-09-26。 要求包含3个要点，控制在117字以内。,Model2,0.8661,753.72,1.6708
从订单描述中抽取订单号、金额、日期，并按 JSON 返回：订单A7，金额10元，日期2026-09-26。 要求包含3个要点，控制在117字以内。,Model3,0.9046,739.94,2.2369
从订单描述中抽取订单号、金额、日期，并按 JSON 返回：订单A7，金额10元，日期2026-09-26。 要求包含3个要点，控制在117字以内。,Model4,0.8424,763.02,2.7204
从订单描述中抽取订单号、金额、日期，并按 JSON 返回：订单A7，金额10元，日期2026-09-26。 要求包含3个要点，控制在117字以内。,Model5,0.8948,837.84,3.3856
从订单描述中抽取订单号、金额、日期，并按 JSON 返回：订单A7，金额10元，日期2026-09-26。 要求包含3个要点，控制在117字以内。,Model6,0.8932,1014.51,4.2659
从订单描述中抽取订单号、金额、日期，并按 JSON 返回：订单A7，金额10元，日期2026-09-26。 要求包含3个要点，控制在117字以内。,Model7,0.8922,1050.03,5.2361
从订单描述中抽取订单号、金额、日期，并按 JSON 返回：订单A7，金额10元，日期2026-09-26。 要求包含3个要点，控制在117字以内。,Model8,0.9185,1156.81,6.2131
从订单描述中抽取订单号、金额、日期，并按 JSON 返回：订单A7，金额10元，日期2026-09-26。 要求包含3个要点，控制在117字以内。,Model9,0.9346,1417.54,8.5383
从订单描述中抽取订单号、金额、日期，并按 JSON 返回：订单A7，金额10元，日期2026-09-26。 要求包含3个要点，控制在117字以内。,Model10,0.9400,1530.42,11.0058
请解释成本控制的核心原理，并给出两个应用场景。 要求包含4个要点，控制在134字以内。,Model1,0.8073,735.07,1.4837
请解释成本控制的核心原理，并给出两个应用场景。 要求包含4个要点，控制在134字以内。,Model2,0.8210,857.86,1.6746
请解释成本控制的核心原理，并给出两个应用场景。 要求包含4个要点，控制在134字以内。,Model3,0.8136,832.07,2.2552
请解释成本控制的核心原理，并给出两个应用场景。 要求包含4个要点，控制在134字以内。,Model4,0.8432,1017.95,2.8714
请解释成本控制的核心原理，并给出两个应用场景。 要求包含4个要点，控制在134字以内。,Model5,0.8750,1109.11,3.2275
请解释成本控制的核心原理，并给出两个应用场景。 要求包含4个要点，控制在134字以内。,Model6,0.8680,1002.64,4.3175
请解释成本控制的核心原理，并给出两个应用场景。 要求包含4个要点，控制在134字以内。,Model7,0.8870,1170.04,5.5284
请解释成本控制的核心原理，并给出两个应用场景。 要求包含4个要点，控制在134字以内。,Model8,0.8985,1310.13,6.3700
请解释成本控制的核心原理，并给出两个应用场景。 要求包含4个要点，控制在134字以内。,Model9,0.9108,1592.45,8.2616
请解释成本控制的核心原理，并给出两个应用场景。 要求包含4个要点，控制在134字以内。,Model10,0.9166,1596.55,10.5662
一个项目成功概率为0.7，连续两次至少成功一次的概率是多少？ 要求包含5个要点，控制在151字以内。,Model1,0.4298,794.79,1.7709
一个项目成功概率为0.7，连续两次至少成功一次的概率是多少？ 要求包含5个要点，控制在151字以内。,Model2,0.4848,969.85,2.1523
一个项目成功概率为0.7，连续两次至少成功一次的概率是多少？ 要求包含5个要点，控制在151字以内。,Model3,0.5356,1074.79,2.6885
一个项目成功概率为0.7，连续两次至少成功一次的概率是多少？ 要求包含5个要点，控制在151字以内。,Model4,0.7937,1161.32,3.4175
一个项目成功概率为0.7，连续两次至少成功一次的概率是多少？ 要求包含5个要点，控制在151字以内。,Model5,0.7324,1217.96,3.8771
一个项目成功概率为0.7，连续两次至少成功一次的概率是多少？ 要求包含5个要点，控制在151字以内。,Model6,0.7704,1353.02,4.9047
一个项目成功概率为0.7，连续两次至少成功一次的概率是多少？ 要求包含5个要点，控制在151字以内。,Model7,0.8359,1434.45,6.2499
一个项目成功概率为0.7，连续两次至少成功一次的概率是多少？ 要求包含5个要点，控制在151字以内。,Model8,0.7903,1563.07,8.0482
一个项目成功概率为0.7，连续两次至少成功一次的概率是多少？ 要求包含5个要点，控制在151字以内。,Model9,0.8344,1674.08,10.2761
一个项目成功概率为0.7，连续两次至少成功一次的概率是多少？ 要求包含5个要点，控制在151字以内。,Model10,0.8605,2009.20,13.0035
用 Python 编写函数，将列表中的重复元素去除并保持原顺序。 要求包含2个要点，控制在168字以内。,Model1,0.6042,778.54,1.4871
用 Python 编写函数，将列表中的重复元素去除并保持原顺序。 要求包含2个要点，控制在168字以内。,Model2,0.6399,786.76,1.7532
用 Python 编写函数，将列表中的重复元素去除并保持原顺序。 要求包含2个要点，控制在168字以内。,Model3,0.8855,787.51,2.2537
用 Python 编写函数，将列表中的重复元素去除并保持原顺序。 要求包含2个要点，控制在168字以内。,Model4,0.8162,941.78,2.7960
用 Python 编写函数，将列表中的重复元素去除并保持原顺序。 要求包含2个要点，控制在168字以内。,Model5,0.8214,1017.33,3.1946
用 Python 编写函数，将列表中的重复元素去除并保持原顺序。 要求包含2个要点，控制在168字以内。,Model6,0.9033,1074.32,4.1646
用 Python 编写函数，将列表中的重复元素去除并保持原顺序。 要求包含2个要点，控制在168字以内。,Model7,0.8940,1144.19,5.2212
用 Python 编写函数，将列表中的重复元素去除并保持原顺序。 要求包含2个要点，控制在168字以内。,Model8,0.8708,1259.85,6.1310
用 Python 编写函数，将列表中的重复元素去除并保持原顺序。 要求包含2个要点，控制在168字以内。,Model9,0.9068,1359.53,8.0235
用 Python 编写函数，将列表中的重复元素去除并保持原顺序。 要求包含2个要点，控制在168字以内。,Model10,0.9212,1565.55,10.4227
将这段技术说明概括为不超过120字的摘要。 要求包含3个要点，控制在185字以内。,Model1,0.8494,808.76,1.8445
将这段技术说明概括为不超过120字的摘要。 要求包含3个要点，控制在185字以内。,Model2,0.7806,802.49,2.0965
将这段技术说明概括为不超过120字的摘要。 要求包含3个要点，控制在185字以内。,Model3,0.7572,933.49,2.7912
将这段技术说明概括为不超过120字的摘要。 要求包含3个要点，控制在185字以内。,Model4,0.7471,956.66,3.6037
将这段技术说明概括为不超过120字的摘要。 要求包含3个要点，控制在185字以内。,Model5,0.8508,996.49,4.1607
将这段技术说明概括为不超过120字的摘要。 要求包含3个要点，控制在185字以内。,Model6,0.7907,1145.74,5.1197
将这段技术说明概括为不超过120字的摘要。 要求包含3个要点，控制在185字以内。,Model7,0.8280,1274.77,6.8111
将这段技术说明概括为不超过120字的摘要。 要求包含3个要点，控制在185字以内。,Model8,0.8819,1350.06,7.9418
将这段技术说明概括为不超过120字的摘要。 要求包含3个要点，控制在185字以内。,Model9,0.8927,1607.66,10.5874
将这段技术说明概括为不超过120字的摘要。 要求包含3个要点，控制在185字以内。,Model10,0.9042,1800.02,12.8446
将下面中文翻译成英文：系统应先满足质量阈值，再选择成本最低的模型。 要求包含4个要点，控制在202字以内。,Model1,0.8430,625.43,1.5937
将下面中文翻译成英文：系统应先满足质量阈值，再选择成本最低的模型。 要求包含4个要点，控制在202字以内。,Model2,0.9274,640.79,1.9662
将下面中文翻译成英文：系统应先满足质量阈值，再选择成本最低的模型。 要求包含4个要点，控制在202字以内。,Model3,0.8435,712.06,2.4394
将下面中文翻译成英文：系统应先满足质量阈值，再选择成本最低的模型。 要求包含4个要点，控制在202字以内。,Model4,0.8244,732.18,2.9381
将下面中文翻译成英文：系统应先满足质量阈值，再选择成本最低的模型。 要求包含4个要点，控制在202字以内。,Model5,0.9156,917.56,3.8589
将下面中文翻译成英文：系统应先满足质量阈值，再选择成本最低的模型。 要求包含4个要点，控制在202字以内。,Model6,0.8705,865.66,4.5624
将下面中文翻译成英文：系统应先满足质量阈值，再选择成本最低的模型。 要求包含4个要点，控制在202字以内。,Model7,0.8901,970.55,5.6606
将下面中文翻译成英文：系统应先满足质量阈值，再选择成本最低的模型。 要求包含4个要点，控制在202字以内。,Model8,0.9322,1069.02,6.9592
将下面中文翻译成英文：系统应先满足质量阈值，再选择成本最低的模型。 要求包含4个要点，控制在202字以内。,Model9,0.9413,1080.19,9.6782
将下面中文翻译成英文：系统应先满足质量阈值，再选择成本最低的模型。 要求包含4个要点，控制在202字以内。,Model10,0.9469,1162.56,11.5242
从订单描述中抽取订单号、金额、日期，并按 JSON 返回：订单A4，金额25元，日期2026-09-21。 要求包含5个要点，控制在219字以内。,Model1,0.8852,686.19,1.5681
从订单描述中抽取订单号、金额、日期，并按 JSON 返回：订单A4，金额25元，日期2026-09-21。 要求包含5个要点，控制在219字以内。,Model2,0.8339,742.01,1.9386
从订单描述中抽取订单号、金额、日期，并按 JSON 返回：订单A4，金额25元，日期2026-09-21。 要求包含5个要点，控制在219字以内。,Model3,0.8816,850.07,2.4348
从订单描述中抽取订单号、金额、日期，并按 JSON 返回：订单A4，金额25元，日期2026-09-21。 要求包含5个要点，控制在219字以内。,Model4,0.8047,907.54,2.9226
从订单描述中抽取订单号、金额、日期，并按 JSON 返回：订单A4，金额25元，日期2026-09-21。 要求包含5个要点，控制在219字以内。,Model5,0.8758,970.01,3.4471
从订单描述中抽取订单号、金额、日期，并按 JSON 返回：订单A4，金额25元，日期2026-09-21。 要求包含5个要点，控制在219字以内。,Model6,0.8649,1009.27,4.6051
从订单描述中抽取订单号、金额、日期，并按 JSON 返回：订单A4，金额25元，日期2026-09-21。 要求包含5个要点，控制在219字以内。,Model7,0.8599,1122.27,5.6629
从订单描述中抽取订单号、金额、日期，并按 JSON 返回：订单A4，金额25元，日期2026-09-21。 要求包含5个要点，控制在219字以内。,Model8,0.8966,1392.62,6.8091
从订单描述中抽取订单号、金额、日期，并按 JSON 返回：订单A4，金额25元，日期2026-09-21。 要求包含5个要点，控制在219字以内。,Model9,0.9123,1470.80,8.9848
从订单描述中抽取订单号、金额、日期，并按 JSON 返回：订单A4，金额25元，日期2026-09-21。 要求包含5个要点，控制在219字以内。,Model10,0.9255,1690.86,11.4775
请解释大模型路由的核心原理，并给出两个应用场景。 要求包含2个要点，控制在236字以内。,Model1,0.7620,814.23,1.5390
请解释大模型路由的核心原理，并给出两个应用场景。 要求包含2个要点，控制在236字以内。,Model2,0.7817,791.17,1.9159
请解释大模型路由的核心原理，并给出两个应用场景。 要求包含2个要点，控制在236字以内。,Model3,0.7691,966.31,2.4980
请解释大模型路由的核心原理，并给出两个应用场景。 要求包含2个要点，控制在236字以内。,Model4,0.8023,1070.32,2.9626
请解释大模型路由的核心原理，并给出两个应用场景。 要求包含2个要点，控制在236字以内。,Model5,0.8446,1044.88,3.6051
请解释大模型路由的核心原理，并给出两个应用场景。 要求包含2个要点，控制在236字以内。,Model6,0.8383,1142.29,4.5760
请解释大模型路由的核心原理，并给出两个应用场景。 要求包含2个要点，控制在236字以内。,Model7,0.8572,1411.52,5.7929
请解释大模型路由的核心原理，并给出两个应用场景。 要求包含2个要点，控制在236字以内。,Model8,0.8732,1494.26,7.3230
请解释大模型路由的核心原理，并给出两个应用场景。 要求包含2个要点，控制在236字以内。,Model9,0.8830,1685.39,9.1913
请解释大模型路由的核心原理，并给出两个应用场景。 要求包含2个要点，控制在236字以内。,Model10,0.8958,1762.78,11.7276
一个项目成功概率为0.9，连续两次至少成功一次的概率是多少？ 要求包含3个要点，控制在253字以内。,Model1,0.6446,652.47,1.4019
一个项目成功概率为0.9，连续两次至少成功一次的概率是多少？ 要求包含3个要点，控制在253字以内。,Model2,0.6904,587.05,1.5570
一个项目成功概率为0.9，连续两次至少成功一次的概率是多少？ 要求包含3个要点，控制在253字以内。,Model3,0.7311,815.05,2.0230
一个项目成功概率为0.9，连续两次至少成功一次的概率是多少？ 要求包含3个要点，控制在253字以内。,Model4,0.8999,810.55,2.6518
一个项目成功概率为0.9，连续两次至少成功一次的概率是多少？ 要求包含3个要点，控制在253字以内。,Model5,0.8693,982.88,3.1745
一个项目成功概率为0.9，连续两次至少成功一次的概率是多少？ 要求包含3个要点，控制在253字以内。,Model6,0.8872,1006.95,3.9650
一个项目成功概率为0.9，连续两次至少成功一次的概率是多少？ 要求包含3个要点，控制在253字以内。,Model7,0.9254,1089.68,4.9169
一个项目成功概率为0.9，连续两次至少成功一次的概率是多少？ 要求包含3个要点，控制在253字以内。,Model8,0.9034,1303.83,6.1705
一个项目成功概率为0.9，连续两次至少成功一次的概率是多少？ 要求包含3个要点，控制在253字以内。,Model9,0.9200,1454.75,7.8837
一个项目成功概率为0.9，连续两次至少成功一次的概率是多少？ 要求包含3个要点，控制在253字以内。,Model10,0.9342,1359.54,9.7543
分析下面 SQL 的性能问题并给出索引建议：SELECT * FROM orders WHERE user_id=4 ORDER BY created_at DESC; 要求包含4个要点，控制在270字以内。,Model1,0.5613,754.93,1.7033
分析下面 SQL 的性能问题并给出索引建议：SELECT * FROM orders WHERE user_id=4 ORDER BY created_at DESC; 要求包含4个要点，控制在270字以内。,Model2,0.5866,807.31,1.9466
分析下面 SQL 的性能问题并给出索引建议：SELECT * FROM orders WHERE user_id=4 ORDER BY created_at DESC; 要求包含4个要点，控制在270字以内。,Model3,0.8468,937.13,2.7155
分析下面 SQL 的性能问题并给出索引建议：SELECT * FROM orders WHERE user_id=4 ORDER BY created_at DESC; 要求包含4个要点，控制在270字以内。,Model4,0.7646,1007.20,3.2083
分析下面 SQL 的性能问题并给出索引建议：SELECT * FROM orders WHERE user_id=4 ORDER BY created_at DESC; 要求包含4个要点，控制在270字以内。,Model5,0.7840,1079.14,3.8272
分析下面 SQL 的性能问题并给出索引建议：SELECT * FROM orders WHERE user_id=4 ORDER BY created_at DESC; 要求包含4个要点，控制在270字以内。,Model6,0.8796,1090.62,4.6486
分析下面 SQL 的性能问题并给出索引建议：SELECT * FROM orders WHERE user_id=4 ORDER BY created_at DESC; 要求包含4个要点，控制在270字以内。,Model7,0.8609,1255.29,6.0895
分析下面 SQL 的性能问题并给出索引建议：SELECT * FROM orders WHERE user_id=4 ORDER BY created_at DESC; 要求包含4个要点，控制在270字以内。,Model8,0.8372,1369.43,7.2576
分析下面 SQL 的性能问题并给出索引建议：SELECT * FROM orders WHERE user_id=4 ORDER BY created_at DESC; 要求包含4个要点，控制在270字以内。,Model9,0.8814,1707.98,9.5726
分析下面 SQL 的性能问题并给出索引建议：SELECT * FROM orders WHERE user_id=4 ORDER BY created_at DESC; 要求包含4个要点，控制在270字以内。,Model10,0.9031,1702.27,11.9779
将这段技术说明概括为不超过120字的摘要。 要求包含5个要点，控制在287字以内。,Model1,0.8101,869.15,1.8789
将这段技术说明概括为不超过120字的摘要。 要求包含5个要点，控制在287字以内。,Model2,0.7555,958.71,2.2709
将这段技术说明概括为不超过120字的摘要。 要求包含5个要点，控制在287字以内。,Model3,0.7149,1026.31,3.0771
将这段技术说明概括为不超过120字的摘要。 要求包含5个要点，控制在287字以内。,Model4,0.6854,1163.89,3.6612
将这段技术说明概括为不超过120字的摘要。 要求包含5个要点，控制在287字以内。,Model5,0.8163,1147.06,4.3914
将这段技术说明概括为不超过120字的摘要。 要求包含5个要点，控制在287字以内。,Model6,0.7424,1325.15,5.4059
将这段技术说明概括为不超过120字的摘要。 要求包含5个要点，控制在287字以内。,Model7,0.7918,1553.48,7.0260
将这段技术说明概括为不超过120字的摘要。 要求包含5个要点，控制在287字以内。,Model8,0.8472,1491.21,8.7889
将这段技术说明概括为不超过120字的摘要。 要求包含5个要点，控制在287字以内。,Model9,0.8696,1646.05,11.2162
将这段技术说明概括为不超过120字的摘要。 要求包含5个要点，控制在287字以内。,Model10,0.8751,1999.98,13.7391
"Translate into Chinese: The router predicts quality, cost and latency for every candidate model. 要求包含2个要点，控制在84字以内。",Model1,0.8112,626.75,1.6719
"Translate into Chinese: The router predicts quality, cost and latency for every candidate model. 要求包含2个要点，控制在84字以内。",Model2,0.9097,674.05,2.0939
"Translate into Chinese: The router predicts quality, cost and latency for every candidate model. 要求包含2个要点，控制在84字以内。",Model3,0.8169,723.01,2.6734
"Translate into Chinese: The router predicts quality, cost and latency for every candidate model. 要求包含2个要点，控制在84字以内。",Model4,0.7867,854.54,3.2501
"Translate into Chinese: The router predicts quality, cost and latency for every candidate model. 要求包含2个要点，控制在84字以内。",Model5,0.8972,915.64,3.9744
"Translate into Chinese: The router predicts quality, cost and latency for every candidate model. 要求包含2个要点，控制在84字以内。",Model6,0.8450,1003.23,5.0433
"Translate into Chinese: The router predicts quality, cost and latency for every candidate model. 要求包含2个要点，控制在84字以内。",Model7,0.8667,1135.56,6.0782
"Translate into Chinese: The router predicts quality, cost and latency for every candidate model. 要求包含2个要点，控制在84字以内。",Model8,0.9195,1252.82,7.6237
"Translate into Chinese: The router predicts quality, cost and latency for every candidate model. 要求包含2个要点，控制在84字以内。",Model9,0.9219,1306.45,9.5342
"Translate into Chinese: The router predicts quality, cost and latency for every candidate model. 要求包含2个要点，控制在84字以内。",Model10,0.9337,1396.34,12.4809
从订单描述中抽取订单号、金额、日期，并按 JSON 返回：订单A2，金额42元，日期2026-09-08。 要求包含3个要点，控制在101字以内。,Model1,0.8589,764.27,1.6216
从订单描述中抽取订单号、金额、日期，并按 JSON 返回：订单A2，金额42元，日期2026-09-08。 要求包含3个要点，控制在101字以内。,Model2,0.7970,801.97,2.0014
从订单描述中抽取订单号、金额、日期，并按 JSON 返回：订单A2，金额42元，日期2026-09-08。 要求包含3个要点，控制在101字以内。,Model3,0.8508,952.33,2.6684
从订单描述中抽取订单号、金额、日期，并按 JSON 返回：订单A2，金额42元，日期2026-09-08。 要求包含3个要点，控制在101字以内。,Model4,0.7679,1085.60,3.1786
从订单描述中抽取订单号、金额、日期，并按 JSON 返回：订单A2，金额42元，日期2026-09-08。 要求包含3个要点，控制在101字以内。,Model5,0.8439,1147.83,3.7320
从订单描述中抽取订单号、金额、日期，并按 JSON 返回：订单A2，金额42元，日期2026-09-08。 要求包含3个要点，控制在101字以内。,Model6,0.8407,1079.61,4.8748
从订单描述中抽取订单号、金额、日期，并按 JSON 返回：订单A2，金额42元，日期2026-09-08。 要求包含3个要点，控制在101字以内。,Model7,0.8309,1315.85,6.4896
从订单描述中抽取订单号、金额、日期，并按 JSON 返回：订单A2，金额42元，日期2026-09-08。 要求包含3个要点，控制在101字以内。,Model8,0.8755,1360.24,7.3143
从订单描述中抽取订单号、金额、日期，并按 JSON 返回：订单A2，金额42元，日期2026-09-08。 要求包含3个要点，控制在101字以内。,Model9,0.8954,1413.58,9.8581
从订单描述中抽取订单号、金额、日期，并按 JSON 返回：订单A2，金额42元，日期2026-09-08。 要求包含3个要点，控制在101字以内。,Model10,0.9045,1719.69,11.9160
请解释编译优化的核心原理，并给出两个应用场景。 要求包含4个要点，控制在118字以内。,Model1,0.7244,848.29,1.7463
请解释编译优化的核心原理，并给出两个应用场景。 要求包含4个要点，控制在118字以内。,Model2,0.7500,905.69,1.9969
请解释编译优化的核心原理，并给出两个应用场景。 要求包含4个要点，控制在118字以内。,Model3,0.7321,1055.17,2.4873
请解释编译优化的核心原理，并给出两个应用场景。 要求包含4个要点，控制在118字以内。,Model4,0.7537,1191.87,3.1765
请解释编译优化的核心原理，并给出两个应用场景。 要求包含4个要点，控制在118字以内。,Model5,0.8078,1136.51,3.7617
请解释编译优化的核心原理，并给出两个应用场景。 要求包含4个要点，控制在118字以内。,Model6,0.7995,1377.05,4.7951
请解释编译优化的核心原理，并给出两个应用场景。 要求包含4个要点，控制在118字以内。,Model7,0.8252,1360.72,6.1539
请解释编译优化的核心原理，并给出两个应用场景。 要求包含4个要点，控制在118字以内。,Model8,0.8462,1792.01,7.8451
请解释编译优化的核心原理，并给出两个应用场景。 要求包含4个要点，控制在118字以内。,Model9,0.8605,1800.95,9.6467
请解释编译优化的核心原理，并给出两个应用场景。 要求包含4个要点，控制在118字以内。,Model10,0.8732,1974.19,11.5390
一个项目成功概率为0.8，连续两次至少成功一次的概率是多少？ 要求包含5个要点，控制在135字以内。,Model1,0.5951,727.78,1.5299
一个项目成功概率为0.8，连续两次至少成功一次的概率是多少？ 要求包含5个要点，控制在135字以内。,Model2,0.6336,761.57,1.7186
一个项目成功概率为0.8，连续两次至少成功一次的概率是多少？ 要求包含5个要点，控制在135字以内。,Model3,0.6916,882.68,2.3178
一个项目成功概率为0.8，连续两次至少成功一次的概率是多少？ 要求包含5个要点，控制在135字以内。,Model4,0.8752,1017.01,2.7530
一个项目成功概率为0.8，连续两次至少成功一次的概率是多少？ 要求包含5个要点，控制在135字以内。,Model5,0.8337,1036.90,3.5005
一个项目成功概率为0.8，连续两次至少成功一次的概率是多少？ 要求包含5个要点，控制在135字以内。,Model6,0.8538,1060.36,4.1882
一个项目成功概率为0.8，连续两次至少成功一次的概率是多少？ 要求包含5个要点，控制在135字以内。,Model7,0.9069,1106.06,5.5558
一个项目成功概率为0.8，连续两次至少成功一次的概率是多少？ 要求包含5个要点，控制在135字以内。,Model8,0.8788,1360.09,6.5785
一个项目成功概率为0.8，连续两次至少成功一次的概率是多少？ 要求包含5个要点，控制在135字以内。,Model9,0.9046,1375.64,8.4420
一个项目成功概率为0.8，连续两次至少成功一次的概率是多少？ 要求包含5个要点，控制在135字以内。,Model10,0.9169,1656.57,10.6264
修复这段伪代码中的边界错误，并说明时间复杂度。 要求包含2个要点，控制在152字以内。,Model1,0.4903,813.59,1.6511
修复这段伪代码中的边界错误，并说明时间复杂度。 要求包含2个要点，控制在152字以内。,Model2,0.5301,982.31,1.8721
修复这段伪代码中的边界错误，并说明时间复杂度。 要求包含2个要点，控制在152字以内。,Model3,0.8200,1054.19,2.4572
修复这段伪代码中的边界错误，并说明时间复杂度。 要求包含2个要点，控制在152字以内。,Model4,0.7349,1162.46,3.0774
修复这段伪代码中的边界错误，并说明时间复杂度。 要求包含2个要点，控制在152字以内。,Model5,0.7497,1255.30,3.6463
修复这段伪代码中的边界错误，并说明时间复杂度。 要求包含2个要点，控制在152字以内。,Model6,0.8530,1121.97,4.7027
修复这段伪代码中的边界错误，并说明时间复杂度。 要求包含2个要点，控制在152字以内。,Model7,0.8349,1299.87,5.8476
修复这段伪代码中的边界错误，并说明时间复杂度。 要求包含2个要点，控制在152字以内。,Model8,0.7960,1308.16,6.7952
修复这段伪代码中的边界错误，并说明时间复杂度。 要求包含2个要点，控制在152字以内。,Model9,0.8488,1558.72,8.9090
修复这段伪代码中的边界错误，并说明时间复杂度。 要求包含2个要点，控制在152字以内。,Model10,0.8791,1949.94,11.3350
将这段技术说明概括为不超过120字的摘要。 要求包含3个要点，控制在169字以内。,Model1,0.9083,599.82,1.4998
将这段技术说明概括为不超过120字的摘要。 要求包含3个要点，控制在169字以内。,Model2,0.8750,669.23,1.8352
将这段技术说明概括为不超过120字的摘要。 要求包含3个要点，控制在169字以内。,Model3,0.8503,719.73,2.3393
将这段技术说明概括为不超过120字的摘要。 要求包含3个要点，控制在169字以内。,Model4,0.8481,842.41,2.9066
将这段技术说明概括为不超过120字的摘要。 要求包含3个要点，控制在169字以内。,Model5,0.9134,806.04,3.5176
将这段技术说明概括为不超过120字的摘要。 要求包含3个要点，控制在169字以内。,Model6,0.8766,956.46,4.4337
将这段技术说明概括为不超过120字的摘要。 要求包含3个要点，控制在169字以内。,Model7,0.8991,1156.70,5.7582
将这段技术说明概括为不超过120字的摘要。 要求包含3个要点，控制在169字以内。,Model8,0.9335,1005.52,6.9746
将这段技术说明概括为不超过120字的摘要。 要求包含3个要点，控制在169字以内。,Model9,0.9398,1190.52,8.5826
将这段技术说明概括为不超过120字的摘要。 要求包含3个要点，控制在169字以内。,Model10,0.9442,1493.42,10.8442
将下面中文翻译成英文：系统应先满足质量阈值，再选择成本最低的模型。 要求包含4个要点，控制在186字以内。,Model1,0.7718,756.19,1.8310
将下面中文翻译成英文：系统应先满足质量阈值，再选择成本最低的模型。 要求包含4个要点，控制在186字以内。,Model2,0.8810,796.06,2.2565
将下面中文翻译成英文：系统应先满足质量阈值，再选择成本最低的模型。 要求包含4个要点，控制在186字以内。,Model3,0.7691,860.70,2.7012
将下面中文翻译成英文：系统应先满足质量阈值，再选择成本最低的模型。 要求包含4个要点，控制在186字以内。,Model4,0.7576,1000.50,3.6048
将下面中文翻译成英文：系统应先满足质量阈值，再选择成本最低的模型。 要求包含4个要点，控制在186字以内。,Model5,0.8684,1007.60,4.1854
将下面中文翻译成英文：系统应先满足质量阈值，再选择成本最低的模型。 要求包含4个要点，控制在186字以内。,Model6,0.8076,1165.76,5.3353
将下面中文翻译成英文：系统应先满足质量阈值，再选择成本最低的模型。 要求包含4个要点，控制在186字以内。,Model7,0.8341,1245.17,6.9462
将下面中文翻译成英文：系统应先满足质量阈值，再选择成本最低的模型。 要求包含4个要点，控制在186字以内。,Model8,0.8983,1417.71,8.6201
将下面中文翻译成英文：系统应先满足质量阈值，再选择成本最低的模型。 要求包含4个要点，控制在186字以内。,Model9,0.9083,1362.56,10.3167
将下面中文翻译成英文：系统应先满足质量阈值，再选择成本最低的模型。 要求包含4个要点，控制在186字以内。,Model10,0.9154,1585.85,13.5915
把以下内容整理为 key-value：客户=远航制造；问题=接口超时；优先级=高。 要求包含5个要点，控制在203字以内。,Model1,0.8276,849.87,1.6634
把以下内容整理为 key-value：客户=远航制造；问题=接口超时；优先级=高。 要求包含5个要点，控制在203字以内。,Model2,0.7606,857.13,1.9988
把以下内容整理为 key-value：客户=远航制造；问题=接口超时；优先级=高。 要求包含5个要点，控制在203字以内。,Model3,0.8206,960.73,2.5554
把以下内容整理为 key-value：客户=远航制造；问题=接口超时；优先级=高。 要求包含5个要点，控制在203字以内。,Model4,0.7184,1035.93,3.2250
把以下内容整理为 key-value：客户=远航制造；问题=接口超时；优先级=高。 要求包含5个要点，控制在203字以内。,Model5,0.8075,1118.96,3.8534
把以下内容整理为 key-value：客户=远航制造；问题=接口超时；优先级=高。 要求包含5个要点，控制在203字以内。,Model6,0.7994,1211.66,4.9050
把以下内容整理为 key-value：客户=远航制造；问题=接口超时；优先级=高。 要求包含5个要点，控制在203字以内。,Model7,0.7987,1377.83,6.2588
把以下内容整理为 key-value：客户=远航制造；问题=接口超时；优先级=高。 要求包含5个要点，控制在203字以内。,Model8,0.8425,1432.03,7.4865
把以下内容整理为 key-value：客户=远航制造；问题=接口超时；优先级=高。 要求包含5个要点，控制在203字以内。,Model9,0.8722,1570.93,10.2297
把以下内容整理为 key-value：客户=远航制造；问题=接口超时；优先级=高。 要求包含5个要点，控制在203字以内。,Model10,0.8820,1668.62,12.4072
请解释数据库索引的核心原理，并给出两个应用场景。 要求包含2个要点，控制在220字以内。,Model1,0.8591,665.71,1.3613
请解释数据库索引的核心原理，并给出两个应用场景。 要求包含2个要点，控制在220字以内。,Model2,0.8766,707.10,1.5058
请解释数据库索引的核心原理，并给出两个应用场景。 要求包含2个要点，控制在220字以内。,Model3,0.8627,769.70,2.0216
请解释数据库索引的核心原理，并给出两个应用场景。 要求包含2个要点，控制在220字以内。,Model4,0.8875,815.38,2.5709
请解释数据库索引的核心原理，并给出两个应用场景。 要求包含2个要点，控制在220字以内。,Model5,0.9065,870.04,3.0631
请解释数据库索引的核心原理，并给出两个应用场景。 要求包含2个要点，控制在220字以内。,Model6,0.9064,920.45,3.6922
请解释数据库索引的核心原理，并给出两个应用场景。 要求包含2个要点，控制在220字以内。,Model7,0.9178,1074.64,4.9189
请解释数据库索引的核心原理，并给出两个应用场景。 要求包含2个要点，控制在220字以内。,Model8,0.9285,1139.88,5.8974
请解释数据库索引的核心原理，并给出两个应用场景。 要求包含2个要点，控制在220字以内。,Model9,0.9363,1063.68,7.1981
请解释数据库索引的核心原理，并给出两个应用场景。 要求包含2个要点，控制在220字以内。,Model10,0.9390,1388.23,9.0939
求解方程 3x + 63 = 71，写出计算过程。 要求包含3个要点，控制在237字以内。,Model1,0.5289,803.11,1.5361
求解方程 3x + 63 = 71，写出计算过程。 要求包含3个要点，控制在237字以内。,Model2,0.5781,840.50,1.7820
求解方程 3x + 63 = 71，写出计算过程。 要求包含3个要点，控制在237字以内。,Model3,0.6293,987.71,2.3054
求解方程 3x + 63 = 71，写出计算过程。 要求包含3个要点，控制在237字以内。,Model4,0.8509,982.01,2.8208
求解方程 3x + 63 = 71，写出计算过程。 要求包含3个要点，控制在237字以内。,Model5,0.7955,1055.93,3.6340
求解方程 3x + 63 = 71，写出计算过程。 要求包含3个要点，控制在237字以内。,Model6,0.8202,1146.68,4.4964
求解方程 3x + 63 = 71，写出计算过程。 要求包含3个要点，控制在237字以内。,Model7,0.8775,1365.17,5.6031
求解方程 3x + 63 = 71，写出计算过程。 要求包含3个要点，控制在237字以内。,Model8,0.8504,1698.87,7.0286
求解方程 3x + 63 = 71，写出计算过程。 要求包含3个要点，控制在237字以内。,Model9,0.8805,1635.60,9.0271
求解方程 3x + 63 = 71，写出计算过程。 要求包含3个要点，控制在237字以内。,Model10,0.9000,1729.55,11.2573
修复这段伪代码中的边界错误，并说明时间复杂度。 要求包含4个要点，控制在254字以内。,Model1,0.4307,939.74,1.7669
修复这段伪代码中的边界错误，并说明时间复杂度。 要求包含4个要点，控制在254字以内。,Model2,0.4811,1057.15,1.9648
修复这段伪代码中的边界错误，并说明时间复杂度。 要求包含4个要点，控制在254字以内。,Model3,0.7824,1113.64,2.7867
修复这段伪代码中的边界错误，并说明时间复杂度。 要求包含4个要点，控制在254字以内。,Model4,0.6759,1058.91,3.3061
修复这段伪代码中的边界错误，并说明时间复杂度。 要求包含4个要点，控制在254字以内。,Model5,0.7002,1155.05,4.1300
修复这段伪代码中的边界错误，并说明时间复杂度。 要求包含4个要点，控制在254字以内。,Model6,0.8119,1279.61,5.1131
修复这段伪代码中的边界错误，并说明时间复杂度。 要求包含4个要点，控制在254字以内。,Model7,0.7957,1610.26,6.3931
修复这段伪代码中的边界错误，并说明时间复杂度。 要求包含4个要点，控制在254字以内。,Model8,0.7595,1523.56,7.5171
修复这段伪代码中的边界错误，并说明时间复杂度。 要求包含4个要点，控制在254字以内。,Model9,0.8163,1816.13,9.9554
修复这段伪代码中的边界错误，并说明时间复杂度。 要求包含4个要点，控制在254字以内。,Model10,0.8530,2161.08,12.2980
请把下面材料压缩成三点摘要：企业上线多模型后，需要在质量、成本和延迟之间进行路由选择。 要求包含5个要点，控制在271字以内。,Model1,0.8915,684.35,1.8566
请把下面材料压缩成三点摘要：企业上线多模型后，需要在质量、成本和延迟之间进行路由选择。 要求包含5个要点，控制在271字以内。,Model2,0.8432,698.91,2.1526
请把下面材料压缩成三点摘要：企业上线多模型后，需要在质量、成本和延迟之间进行路由选择。 要求包含5个要点，控制在271字以内。,Model3,0.8208,861.32,2.9512
请把下面材料压缩成三点摘要：企业上线多模型后，需要在质量、成本和延迟之间进行路由选择。 要求包含5个要点，控制在271字以内。,Model4,0.8075,861.90,3.4359
请把下面材料压缩成三点摘要：企业上线多模型后，需要在质量、成本和延迟之间进行路由选择。 要求包含5个要点，控制在271字以内。,Model5,0.8925,993.41,4.1149
请把下面材料压缩成三点摘要：企业上线多模型后，需要在质量、成本和延迟之间进行路由选择。 要求包含5个要点，控制在271字以内。,Model6,0.8487,1097.40,5.4214
请把下面材料压缩成三点摘要：企业上线多模型后，需要在质量、成本和延迟之间进行路由选择。 要求包含5个要点，控制在271字以内。,Model7,0.8756,1163.10,6.5574
请把下面材料压缩成三点摘要：企业上线多模型后，需要在质量、成本和延迟之间进行路由选择。 要求包含5个要点，控制在271字以内。,Model8,0.9209,1213.75,8.4805
请把下面材料压缩成三点摘要：企业上线多模型后，需要在质量、成本和延迟之间进行路由选择。 要求包含5个要点，控制在271字以内。,Model9,0.9229,1337.78,11.1279
请把下面材料压缩成三点摘要：企业上线多模型后，需要在质量、成本和延迟之间进行路由选择。 要求包含5个要点，控制在271字以内。,Model10,0.9316,1411.56,13.5204
把下面句子翻译成简洁、正式的英文：模型价格变化后，路由策略应自动调整。 要求包含2个要点，控制在288字以内。,Model1,0.7322,753.80,1.9403
把下面句子翻译成简洁、正式的英文：模型价格变化后，路由策略应自动调整。 要求包含2个要点，控制在288字以内。,Model2,0.8529,855.86,2.4088
把下面句子翻译成简洁、正式的英文：模型价格变化后，路由策略应自动调整。 要求包含2个要点，控制在288字以内。,Model3,0.7194,904.60,3.1233
把下面句子翻译成简洁、正式的英文：模型价格变化后，路由策略应自动调整。 要求包含2个要点，控制在288字以内。,Model4,0.6902,1117.43,3.8287
把下面句子翻译成简洁、正式的英文：模型价格变化后，路由策略应自动调整。 要求包含2个要点，控制在288字以内。,Model5,0.8387,1087.41,4.4330
把下面句子翻译成简洁、正式的英文：模型价格变化后，路由策略应自动调整。 要求包含2个要点，控制在288字以内。,Model6,0.7575,1122.90,5.6247
把下面句子翻译成简洁、正式的英文：模型价格变化后，路由策略应自动调整。 要求包含2个要点，控制在288字以内。,Model7,0.8021,1418.63,7.5086
把下面句子翻译成简洁、正式的英文：模型价格变化后，路由策略应自动调整。 要求包含2个要点，控制在288字以内。,Model8,0.8740,1304.24,8.6606
把下面句子翻译成简洁、正式的英文：模型价格变化后，路由策略应自动调整。 要求包含2个要点，控制在288字以内。,Model9,0.8850,1651.80,11.1476
把下面句子翻译成简洁、正式的英文：模型价格变化后，路由策略应自动调整。 要求包含2个要点，控制在288字以内。,Model10,0.8964,1831.91,14.7381
从订单描述中抽取订单号、金额、日期，并按 JSON 返回：订单A3，金额73元，日期2026-09-04。 要求包含3个要点，控制在85字以内。,Model1,0.9202,639.44,1.3367
从订单描述中抽取订单号、金额、日期，并按 JSON 返回：订单A3，金额73元，日期2026-09-04。 要求包含3个要点，控制在85字以内。,Model2,0.8771,648.72,1.6689
从订单描述中抽取订单号、金额、日期，并按 JSON 返回：订单A3，金额73元，日期2026-09-04。 要求包含3个要点，控制在85字以内。,Model3,0.9174,704.00,2.1180
从订单描述中抽取订单号、金额、日期，并按 JSON 返回：订单A3，金额73元，日期2026-09-04。 要求包含3个要点，控制在85字以内。,Model4,0.8561,856.40,2.5922
从订单描述中抽取订单号、金额、日期，并按 JSON 返回：订单A3，金额73元，日期2026-09-04。 要求包含3个要点，控制在85字以内。,Model5,0.9065,871.56,3.0854
从订单描述中抽取订单号、金额、日期，并按 JSON 返回：订单A3，金额73元，日期2026-09-04。 要求包含3个要点，控制在85字以内。,Model6,0.9085,832.46,3.9330
从订单描述中抽取订单号、金额、日期，并按 JSON 返回：订单A3，金额73元，日期2026-09-04。 要求包含3个要点，控制在85字以内。,Model7,0.9041,944.58,5.0778
从订单描述中抽取订单号、金额、日期，并按 JSON 返回：订单A3，金额73元，日期2026-09-04。 要求包含3个要点，控制在85字以内。,Model8,0.9318,1185.99,6.2296
从订单描述中抽取订单号、金额、日期，并按 JSON 返回：订单A3，金额73元，日期2026-09-04。 要求包含3个要点，控制在85字以内。,Model9,0.9399,1306.26,8.0530
从订单描述中抽取订单号、金额、日期，并按 JSON 返回：订单A3，金额73元，日期2026-09-04。 要求包含3个要点，控制在85字以内。,Model10,0.9457,1537.62,10.2120
请解释数据库索引的核心原理，并给出两个应用场景。 要求包含4个要点，控制在102字以内。,Model1,0.8318,705.25,1.3885
请解释数据库索引的核心原理，并给出两个应用场景。 要求包含4个要点，控制在102字以内。,Model2,0.8444,738.32,1.7144
请解释数据库索引的核心原理，并给出两个应用场景。 要求包含4个要点，控制在102字以内。,Model3,0.8290,824.09,2.1760
请解释数据库索引的核心原理，并给出两个应用场景。 要求包含4个要点，控制在102字以内。,Model4,0.8622,935.05,2.7103
请解释数据库索引的核心原理，并给出两个应用场景。 要求包含4个要点，控制在102字以内。,Model5,0.8895,1117.60,3.1497
请解释数据库索引的核心原理，并给出两个应用场景。 要求包含4个要点，控制在102字以内。,Model6,0.8779,994.92,3.8359
请解释数据库索引的核心原理，并给出两个应用场景。 要求包含4个要点，控制在102字以内。,Model7,0.8949,1092.68,5.1636
请解释数据库索引的核心原理，并给出两个应用场景。 要求包含4个要点，控制在102字以内。,Model8,0.9110,1358.67,6.3906
请解释数据库索引的核心原理，并给出两个应用场景。 要求包含4个要点，控制在102字以内。,Model9,0.9189,1365.24,7.9992
请解释数据库索引的核心原理，并给出两个应用场景。 要求包含4个要点，控制在102字以内。,Model10,0.9256,1661.42,9.9028
一个项目成功概率为0.5，连续两次至少成功一次的概率是多少？ 要求包含5个要点，控制在119字以内。,Model1,0.4747,882.88,1.7315
一个项目成功概率为0.5，连续两次至少成功一次的概率是多少？ 要求包含5个要点，控制在119字以内。,Model2,0.5280,886.77,1.9556
一个项目成功概率为0.5，连续两次至少成功一次的概率是多少？ 要求包含5个要点，控制在119字以内。,Model3,0.5637,1037.11,2.6159
一个项目成功概率为0.5，连续两次至少成功一次的概率是多少？ 要求包含5个要点，控制在119字以内。,Model4,0.8046,1187.09,3.1642
一个项目成功概率为0.5，连续两次至少成功一次的概率是多少？ 要求包含5个要点，控制在119字以内。,Model5,0.7536,1267.25,3.8964
一个项目成功概率为0.5，连续两次至少成功一次的概率是多少？ 要求包含5个要点，控制在119字以内。,Model6,0.7905,1192.27,4.8575
一个项目成功概率为0.5，连续两次至少成功一次的概率是多少？ 要求包含5个要点，控制在119字以内。,Model7,0.8484,1474.33,6.2646
一个项目成功概率为0.5，连续两次至少成功一次的概率是多少？ 要求包含5个要点，控制在119字以内。,Model8,0.8158,1592.02,7.5802
一个项目成功概率为0.5，连续两次至少成功一次的概率是多少？ 要求包含5个要点，控制在119字以内。,Model9,0.8546,1918.33,9.8523
一个项目成功概率为0.5，连续两次至少成功一次的概率是多少？ 要求包含5个要点，控制在119字以内。,Model10,0.8767,1905.87,11.7126
分析下面 SQL 的性能问题并给出索引建议：SELECT * FROM orders WHERE user_id=8 ORDER BY created_at DESC; 要求包含2个要点，控制在136字以内。,Model1,0.6539,694.27,1.4565
分析下面 SQL 的性能问题并给出索引建议：SELECT * FROM orders WHERE user_id=8 ORDER BY created_at DESC; 要求包含2个要点，控制在136字以内。,Model2,0.6671,685.27,1.7685
分析下面 SQL 的性能问题并给出索引建议：SELECT * FROM orders WHERE user_id=8 ORDER BY created_at DESC; 要求包含2个要点，控制在136字以内。,Model3,0.8980,780.78,2.2961
分析下面 SQL 的性能问题并给出索引建议：SELECT * FROM orders WHERE user_id=8 ORDER BY created_at DESC; 要求包含2个要点，控制在136字以内。,Model4,0.8296,866.15,2.7749
分析下面 SQL 的性能问题并给出索引建议：SELECT * FROM orders WHERE user_id=8 ORDER BY created_at DESC; 要求包含2个要点，控制在136字以内。,Model5,0.8415,1018.11,3.3715
分析下面 SQL 的性能问题并给出索引建议：SELECT * FROM orders WHERE user_id=8 ORDER BY created_at DESC; 要求包含2个要点，控制在136字以内。,Model6,0.9155,960.99,4.3591
分析下面 SQL 的性能问题并给出索引建议：SELECT * FROM orders WHERE user_id=8 ORDER BY created_at DESC; 要求包含2个要点，控制在136字以内。,Model7,0.9002,972.74,5.3677
分析下面 SQL 的性能问题并给出索引建议：SELECT * FROM orders WHERE user_id=8 ORDER BY created_at DESC; 要求包含2个要点，控制在136字以内。,Model8,0.8782,1297.47,6.9215
分析下面 SQL 的性能问题并给出索引建议：SELECT * FROM orders WHERE user_id=8 ORDER BY created_at DESC; 要求包含2个要点，控制在136字以内。,Model9,0.9169,1517.86,8.4224
分析下面 SQL 的性能问题并给出索引建议：SELECT * FROM orders WHERE user_id=8 ORDER BY created_at DESC; 要求包含2个要点，控制在136字以内。,Model10,0.9325,1419.32,10.6199
将这段技术说明概括为不超过120字的摘要。 要求包含3个要点，控制在153字以内。,Model1,0.8664,720.16,1.7500
将这段技术说明概括为不超过120字的摘要。 要求包含3个要点，控制在153字以内。,Model2,0.8079,804.85,2.0582
将这段技术说明概括为不超过120字的摘要。 要求包含3个要点，控制在153字以内。,Model3,0.7832,838.40,2.7665
将这段技术说明概括为不超过120字的摘要。 要求包含3个要点，控制在153字以内。,Model4,0.7718,958.62,3.1450
将这段技术说明概括为不超过120字的摘要。 要求包含3个要点，控制在153字以内。,Model5,0.8655,1091.41,4.2195
将这段技术说明概括为不超过120字的摘要。 要求包含3个要点，控制在153字以内。,Model6,0.8145,1087.07,5.0844
将这段技术说明概括为不超过120字的摘要。 要求包含3个要点，控制在153字以内。,Model7,0.8440,1228.08,6.4645
将这段技术说明概括为不超过120字的摘要。 要求包含3个要点，控制在153字以内。,Model8,0.9005,1434.49,7.8905
将这段技术说明概括为不超过120字的摘要。 要求包含3个要点，控制在153字以内。,Model9,0.9028,1568.52,10.5485
将这段技术说明概括为不超过120字的摘要。 要求包含3个要点，控制在153字以内。,Model10,0.9121,1639.73,12.4607
将下面中文翻译成英文：系统应先满足质量阈值，再选择成本最低的模型。 要求包含4个要点，控制在170字以内。,Model1,0.6783,891.72,2.0301
将下面中文翻译成英文：系统应先满足质量阈值，再选择成本最低的模型。 要求包含4个要点，控制在170字以内。,Model2,0.8224,942.96,2.3842
将下面中文翻译成英文：系统应先满足质量阈值，再选择成本最低的模型。 要求包含4个要点，控制在170字以内。,Model3,0.6806,959.35,3.1760
将下面中文翻译成英文：系统应先满足质量阈值，再选择成本最低的模型。 要求包含4个要点，控制在170字以内。,Model4,0.6458,1151.16,3.8465
将下面中文翻译成英文：系统应先满足质量阈值，再选择成本最低的模型。 要求包含4个要点，控制在170字以内。,Model5,0.8046,1160.65,4.7376
将下面中文翻译成英文：系统应先满足质量阈值，再选择成本最低的模型。 要求包含4个要点，控制在170字以内。,Model6,0.7167,1260.61,5.9129
将下面中文翻译成英文：系统应先满足质量阈值，再选择成本最低的模型。 要求包含4个要点，控制在170字以内。,Model7,0.7518,1340.44,7.4899
将下面中文翻译成英文：系统应先满足质量阈值，再选择成本最低的模型。 要求包含4个要点，控制在170字以内。,Model8,0.8489,1454.64,9.3690
将下面中文翻译成英文：系统应先满足质量阈值，再选择成本最低的模型。 要求包含4个要点，控制在170字以内。,Model9,0.8582,1696.80,11.9477
将下面中文翻译成英文：系统应先满足质量阈值，再选择成本最低的模型。 要求包含4个要点，控制在170字以内。,Model10,0.8725,1887.30,14.6805
把以下内容整理为 key-value：客户=远航制造；问题=接口超时；优先级=高。 要求包含5个要点，控制在187字以内。,Model1,0.8980,697.94,1.4199
把以下内容整理为 key-value：客户=远航制造；问题=接口超时；优先级=高。 要求包含5个要点，控制在187字以内。,Model2,0.8483,707.32,1.6439
把以下内容整理为 key-value：客户=远航制造；问题=接口超时；优先级=高。 要求包含5个要点，控制在187字以内。,Model3,0.8968,791.04,2.1833
把以下内容整理为 key-value：客户=远航制造；问题=接口超时；优先级=高。 要求包含5个要点，控制在187字以内。,Model4,0.8220,838.80,2.7799
把以下内容整理为 key-value：客户=远航制造；问题=接口超时；优先级=高。 要求包含5个要点，控制在187字以内。,Model5,0.8900,873.71,3.3374
把以下内容整理为 key-value：客户=远航制造；问题=接口超时；优先级=高。 要求包含5个要点，控制在187字以内。,Model6,0.8851,1075.09,4.0587
把以下内容整理为 key-value：客户=远航制造；问题=接口超时；优先级=高。 要求包含5个要点，控制在187字以内。,Model7,0.8800,1020.31,5.2594
把以下内容整理为 key-value：客户=远航制造；问题=接口超时；优先级=高。 要求包含5个要点，控制在187字以内。,Model8,0.9076,1055.53,6.2020
把以下内容整理为 key-value：客户=远航制造；问题=接口超时；优先级=高。 要求包含5个要点，控制在187字以内。,Model9,0.9258,1296.56,8.5566
把以下内容整理为 key-value：客户=远航制造；问题=接口超时；优先级=高。 要求包含5个要点，控制在187字以内。,Model10,0.9330,1642.35,9.6494
请解释并行计算的核心原理，并给出两个应用场景。 要求包含2个要点，控制在204字以内。,Model1,0.7984,751.55,1.4844
请解释并行计算的核心原理，并给出两个应用场景。 要求包含2个要点，控制在204字以内。,Model2,0.8109,769.47,1.7967
请解释并行计算的核心原理，并给出两个应用场景。 要求包含2个要点，控制在204字以内。,Model3,0.8035,908.94,2.3250
请解释并行计算的核心原理，并给出两个应用场景。 要求包含2个要点，控制在204字以内。,Model4,0.8222,939.03,2.8850
请解释并行计算的核心原理，并给出两个应用场景。 要求包含2个要点，控制在204字以内。,Model5,0.8645,1079.72,3.4603
请解释并行计算的核心原理，并给出两个应用场景。 要求包含2个要点，控制在204字以内。,Model6,0.8572,1101.92,4.3460
请解释并行计算的核心原理，并给出两个应用场景。 要求包含2个要点，控制在204字以内。,Model7,0.8765,1316.05,5.6963
请解释并行计算的核心原理，并给出两个应用场景。 要求包含2个要点，控制在204字以内。,Model8,0.8871,1506.71,6.8890
请解释并行计算的核心原理，并给出两个应用场景。 要求包含2个要点，控制在204字以内。,Model9,0.8999,1517.73,8.8899
请解释并行计算的核心原理，并给出两个应用场景。 要求包含2个要点，控制在204字以内。,Model10,0.9098,1818.95,11.1142
"已知一组数据为 5,92,28,10，计算平均值并说明步骤。 要求包含3个要点，控制在221字以内。",Model1,0.6737,589.77,1.2244
"已知一组数据为 5,92,28,10，计算平均值并说明步骤。 要求包含3个要点，控制在221字以内。",Model2,0.7240,639.21,1.4386
"已知一组数据为 5,92,28,10，计算平均值并说明步骤。 要求包含3个要点，控制在221字以内。",Model3,0.7620,752.68,1.8808
"已知一组数据为 5,92,28,10，计算平均值并说明步骤。 要求包含3个要点，控制在221字以内。",Model4,0.9106,794.33,2.4426
"已知一组数据为 5,92,28,10，计算平均值并说明步骤。 要求包含3个要点，控制在221字以内。",Model5,0.8815,923.47,2.8115
"已知一组数据为 5,92,28,10，计算平均值并说明步骤。 要求包含3个要点，控制在221字以内。",Model6,0.8985,866.67,3.5728
"已知一组数据为 5,92,28,10，计算平均值并说明步骤。 要求包含3个要点，控制在221字以内。",Model7,0.9344,1007.78,4.4832
"已知一组数据为 5,92,28,10，计算平均值并说明步骤。 要求包含3个要点，控制在221字以内。",Model8,0.9149,1197.08,5.3534
"已知一组数据为 5,92,28,10，计算平均值并说明步骤。 要求包含3个要点，控制在221字以内。",Model9,0.9298,1310.50,7.1231
"已知一组数据为 5,92,28,10，计算平均值并说明步骤。 要求包含3个要点，控制在221字以内。",Model10,0.9448,1364.15,8.8682
用 Python 编写函数，将列表中的重复元素去除并保持原顺序。 要求包含4个要点，控制在238字以内。,Model1,0.5768,673.08,1.5736
用 Python 编写函数，将列表中的重复元素去除并保持原顺序。 要求包含4个要点，控制在238字以内。,Model2,0.6120,762.08,1.7945
用 Python 编写函数，将列表中的重复元素去除并保持原顺序。 要求包含4个要点，控制在238字以内。,Model3,0.8701,931.56,2.2002
用 Python 编写函数，将列表中的重复元素去除并保持原顺序。 要求包含4个要点，控制在238字以内。,Model4,0.7852,972.36,2.7938
用 Python 编写函数，将列表中的重复元素去除并保持原顺序。 要求包含4个要点，控制在238字以内。,Model5,0.8072,1037.35,3.3986
用 Python 编写函数，将列表中的重复元素去除并保持原顺序。 要求包含4个要点，控制在238字以内。,Model6,0.8876,1060.09,4.2703
用 Python 编写函数，将列表中的重复元素去除并保持原顺序。 要求包含4个要点，控制在238字以内。,Model7,0.8809,1195.32,5.4612
用 Python 编写函数，将列表中的重复元素去除并保持原顺序。 要求包含4个要点，控制在238字以内。,Model8,0.8524,1424.40,6.7942
用 Python 编写函数，将列表中的重复元素去除并保持原顺序。 要求包含4个要点，控制在238字以内。,Model9,0.8966,1537.06,8.3352
用 Python 编写函数，将列表中的重复元素去除并保持原顺序。 要求包含4个要点，控制在238字以内。,Model10,0.9118,1714.70,10.4131
请把下面材料压缩成三点摘要：企业上线多模型后，需要在质量、成本和延迟之间进行路由选择。 要求包含5个要点，控制在255字以内。,Model1,0.8245,754.73,2.0771
请把下面材料压缩成三点摘要：企业上线多模型后，需要在质量、成本和延迟之间进行路由选择。 要求包含5个要点，控制在255字以内。,Model2,0.7708,926.70,2.4828
请把下面材料压缩成三点摘要：企业上线多模型后，需要在质量、成本和延迟之间进行路由选择。 要求包含5个要点，控制在255字以内。,Model3,0.7449,969.69,3.3783
请把下面材料压缩成三点摘要：企业上线多模型后，需要在质量、成本和延迟之间进行路由选择。 要求包含5个要点，控制在255字以内。,Model4,0.7207,1077.47,3.9799
请把下面材料压缩成三点摘要：企业上线多模型后，需要在质量、成本和延迟之间进行路由选择。 要求包含5个要点，控制在255字以内。,Model5,0.8274,1139.95,4.6824
请把下面材料压缩成三点摘要：企业上线多模型后，需要在质量、成本和延迟之间进行路由选择。 要求包含5个要点，控制在255字以内。,Model6,0.7720,1305.27,5.7314
请把下面材料压缩成三点摘要：企业上线多模型后，需要在质量、成本和延迟之间进行路由选择。 要求包含5个要点，控制在255字以内。,Model7,0.8099,1328.24,7.5137
请把下面材料压缩成三点摘要：企业上线多模型后，需要在质量、成本和延迟之间进行路由选择。 要求包含5个要点，控制在255字以内。,Model8,0.8676,1656.48,9.3143
请把下面材料压缩成三点摘要：企业上线多模型后，需要在质量、成本和延迟之间进行路由选择。 要求包含5个要点，控制在255字以内。,Model9,0.8846,1545.80,12.0734
请把下面材料压缩成三点摘要：企业上线多模型后，需要在质量、成本和延迟之间进行路由选择。 要求包含5个要点，控制在255字以内。,Model10,0.8931,1739.62,14.9392
将下面中文翻译成英文：系统应先满足质量阈值，再选择成本最低的模型。 要求包含2个要点，控制在272字以内。,Model1,0.8302,616.27,1.7418
将下面中文翻译成英文：系统应先满足质量阈值，再选择成本最低的模型。 要求包含2个要点，控制在272字以内。,Model2,0.9192,661.32,1.9613
将下面中文翻译成英文：系统应先满足质量阈值，再选择成本最低的模型。 要求包含2个要点，控制在272字以内。,Model3,0.8278,775.47,2.5356
将下面中文翻译成英文：系统应先满足质量阈值，再选择成本最低的模型。 要求包含2个要点，控制在272字以内。,Model4,0.8114,885.49,3.2068
将下面中文翻译成英文：系统应先满足质量阈值，再选择成本最低的模型。 要求包含2个要点，控制在272字以内。,Model5,0.9054,805.98,3.8450
将下面中文翻译成英文：系统应先满足质量阈值，再选择成本最低的模型。 要求包含2个要点，控制在272字以内。,Model6,0.8573,980.70,4.7252
将下面中文翻译成英文：系统应先满足质量阈值，再选择成本最低的模型。 要求包含2个要点，控制在272字以内。,Model7,0.8805,1078.67,6.2639
将下面中文翻译成英文：系统应先满足质量阈值，再选择成本最低的模型。 要求包含2个要点，控制在272字以内。,Model8,0.9295,1079.65,7.4796
将下面中文翻译成英文：系统应先满足质量阈值，再选择成本最低的模型。 要求包含2个要点，控制在272字以内。,Model9,0.9341,1197.86,9.1782
将下面中文翻译成英文：系统应先满足质量阈值，再选择成本最低的模型。 要求包含2个要点，控制在272字以内。,Model10,0.9420,1366.83,11.9748
从文本中提取姓名、公司、职位三个字段，并输出 JSON：张三就职于华星科技，担任研发经理。 要求包含3个要点，控制在289字以内。,Model1,0.8795,655.78,1.5731
从文本中提取姓名、公司、职位三个字段，并输出 JSON：张三就职于华星科技，担任研发经理。 要求包含3个要点，控制在289字以内。,Model2,0.8154,733.71,1.9866
从文本中提取姓名、公司、职位三个字段，并输出 JSON：张三就职于华星科技，担任研发经理。 要求包含3个要点，控制在289字以内。,Model3,0.8744,851.36,2.5309
从文本中提取姓名、公司、职位三个字段，并输出 JSON：张三就职于华星科技，担任研发经理。 要求包含3个要点，控制在289字以内。,Model4,0.7878,1017.93,3.1069
从文本中提取姓名、公司、职位三个字段，并输出 JSON：张三就职于华星科技，担任研发经理。 要求包含3个要点，控制在289字以内。,Model5,0.8500,1029.18,3.7317
从文本中提取姓名、公司、职位三个字段，并输出 JSON：张三就职于华星科技，担任研发经理。 要求包含3个要点，控制在289字以内。,Model6,0.8538,1049.99,4.8080
从文本中提取姓名、公司、职位三个字段，并输出 JSON：张三就职于华星科技，担任研发经理。 要求包含3个要点，控制在289字以内。,Model7,0.8567,1331.15,5.9956
从文本中提取姓名、公司、职位三个字段，并输出 JSON：张三就职于华星科技，担任研发经理。 要求包含3个要点，控制在289字以内。,Model8,0.8882,1211.59,7.4040
从文本中提取姓名、公司、职位三个字段，并输出 JSON：张三就职于华星科技，担任研发经理。 要求包含3个要点，控制在289字以内。,Model9,0.9090,1496.39,9.5216
从文本中提取姓名、公司、职位三个字段，并输出 JSON：张三就职于华星科技，担任研发经理。 要求包含3个要点，控制在289字以内。,Model10,0.9179,1709.62,11.5747
为什么数据库索引在实际系统中重要？请用通俗语言回答。 要求包含4个要点，控制在86字以内。,Model1,0.7487,827.74,1.6360
为什么数据库索引在实际系统中重要？请用通俗语言回答。 要求包含4个要点，控制在86字以内。,Model2,0.7748,961.67,2.0327
为什么数据库索引在实际系统中重要？请用通俗语言回答。 要求包含4个要点，控制在86字以内。,Model3,0.7476,1026.78,2.5245
为什么数据库索引在实际系统中重要？请用通俗语言回答。 要求包含4个要点，控制在86字以内。,Model4,0.7834,1007.30,3.1608
为什么数据库索引在实际系统中重要？请用通俗语言回答。 要求包含4个要点，控制在86字以内。,Model5,0.8269,1187.09,3.7472
为什么数据库索引在实际系统中重要？请用通俗语言回答。 要求包含4个要点，控制在86字以内。,Model6,0.8170,1313.69,4.6731
为什么数据库索引在实际系统中重要？请用通俗语言回答。 要求包含4个要点，控制在86字以内。,Model7,0.8470,1534.36,5.8074
为什么数据库索引在实际系统中重要？请用通俗语言回答。 要求包含4个要点，控制在86字以内。,Model8,0.8611,1686.53,7.5029
为什么数据库索引在实际系统中重要？请用通俗语言回答。 要求包含4个要点，控制在86字以内。,Model9,0.8674,1580.93,9.8794
为什么数据库索引在实际系统中重要？请用通俗语言回答。 要求包含4个要点，控制在86字以内。,Model10,0.8878,1936.19,12.2294
"已知一组数据为 4,91,99,7，计算平均值并说明步骤。 要求包含5个要点，控制在103字以内。",Model1,0.6441,765.29,1.2982
"已知一组数据为 4,91,99,7，计算平均值并说明步骤。 要求包含5个要点，控制在103字以内。",Model2,0.6700,762.67,1.5393
"已知一组数据为 4,91,99,7，计算平均值并说明步骤。 要求包含5个要点，控制在103字以内。",Model3,0.7067,857.92,2.0102
"已知一组数据为 4,91,99,7，计算平均值并说明步骤。 要求包含5个要点，控制在103字以内。",Model4,0.8901,913.85,2.5179
"已知一组数据为 4,91,99,7，计算平均值并说明步骤。 要求包含5个要点，控制在103字以内。",Model5,0.8475,967.32,3.0231
"已知一组数据为 4,91,99,7，计算平均值并说明步骤。 要求包含5个要点，控制在103字以内。",Model6,0.8783,1023.02,3.9219
"已知一组数据为 4,91,99,7，计算平均值并说明步骤。 要求包含5个要点，控制在103字以内。",Model7,0.9165,1263.72,5.0179
"已知一组数据为 4,91,99,7，计算平均值并说明步骤。 要求包含5个要点，控制在103字以内。",Model8,0.8933,1218.60,5.9773
"已知一组数据为 4,91,99,7，计算平均值并说明步骤。 要求包含5个要点，控制在103字以内。",Model9,0.9165,1386.75,8.0544
"已知一组数据为 4,91,99,7，计算平均值并说明步骤。 要求包含5个要点，控制在103字以内。",Model10,0.9278,1507.07,9.9073
修复这段伪代码中的边界错误，并说明时间复杂度。 要求包含2个要点，控制在120字以内。,Model1,0.5348,817.76,1.4870
修复这段伪代码中的边界错误，并说明时间复杂度。 要求包含2个要点，控制在120字以内。,Model2,0.5553,912.57,1.8986
修复这段伪代码中的边界错误，并说明时间复杂度。 要求包含2个要点，控制在120字以内。,Model3,0.8437,856.75,2.2294
修复这段伪代码中的边界错误，并说明时间复杂度。 要求包含2个要点，控制在120字以内。,Model4,0.7554,1046.66,2.8062
修复这段伪代码中的边界错误，并说明时间复杂度。 要求包含2个要点，控制在120字以内。,Model5,0.7707,1072.47,3.5678
修复这段伪代码中的边界错误，并说明时间复杂度。 要求包含2个要点，控制在120字以内。,Model6,0.8683,1212.52,4.4201
修复这段伪代码中的边界错误，并说明时间复杂度。 要求包含2个要点，控制在120字以内。,Model7,0.8524,1437.36,5.6965
修复这段伪代码中的边界错误，并说明时间复杂度。 要求包含2个要点，控制在120字以内。,Model8,0.8178,1374.02,6.8069
修复这段伪代码中的边界错误，并说明时间复杂度。 要求包含2个要点，控制在120字以内。,Model9,0.8670,1514.04,8.9314
修复这段伪代码中的边界错误，并说明时间复杂度。 要求包含2个要点，控制在120字以内。,Model10,0.8915,1822.71,11.3603
请把下面材料压缩成三点摘要：企业上线多模型后，需要在质量、成本和延迟之间进行路由选择。 要求包含3个要点，控制在137字以内。,Model1,0.8034,897.25,2.0684
请把下面材料压缩成三点摘要：企业上线多模型后，需要在质量、成本和延迟之间进行路由选择。 要求包含3个要点，控制在137字以内。,Model2,0.7264,965.84,2.6407
请把下面材料压缩成三点摘要：企业上线多模型后，需要在质量、成本和延迟之间进行路由选择。 要求包含3个要点，控制在137字以内。,Model3,0.6798,1052.73,3.3590
请把下面材料压缩成三点摘要：企业上线多模型后，需要在质量、成本和延迟之间进行路由选择。 要求包含3个要点，控制在137字以内。,Model4,0.6720,1192.88,4.0630
请把下面材料压缩成三点摘要：企业上线多模型后，需要在质量、成本和延迟之间进行路由选择。 要求包含3个要点，控制在137字以内。,Model5,0.8067,1242.49,4.9781
请把下面材料压缩成三点摘要：企业上线多模型后，需要在质量、成本和延迟之间进行路由选择。 要求包含3个要点，控制在137字以内。,Model6,0.7265,1247.34,6.2641
请把下面材料压缩成三点摘要：企业上线多模型后，需要在质量、成本和延迟之间进行路由选择。 要求包含3个要点，控制在137字以内。,Model7,0.7642,1449.26,8.0806
请把下面材料压缩成三点摘要：企业上线多模型后，需要在质量、成本和延迟之间进行路由选择。 要求包含3个要点，控制在137字以内。,Model8,0.8376,1690.01,10.3142
请把下面材料压缩成三点摘要：企业上线多模型后，需要在质量、成本和延迟之间进行路由选择。 要求包含3个要点，控制在137字以内。,Model9,0.8628,1765.31,12.6406
请把下面材料压缩成三点摘要：企业上线多模型后，需要在质量、成本和延迟之间进行路由选择。 要求包含3个要点，控制在137字以内。,Model10,0.8700,1861.30,15.5905
把下面句子翻译成简洁、正式的英文：模型价格变化后，路由策略应自动调整。 要求包含4个要点，控制在154字以内。,Model1,0.7939,738.61,1.7737
把下面句子翻译成简洁、正式的英文：模型价格变化后，路由策略应自动调整。 要求包含4个要点，控制在154字以内。,Model2,0.8950,771.67,2.0546
把下面句子翻译成简洁、正式的英文：模型价格变化后，路由策略应自动调整。 要求包含4个要点，控制在154字以内。,Model3,0.7981,906.55,2.7052
把下面句子翻译成简洁、正式的英文：模型价格变化后，路由策略应自动调整。 要求包含4个要点，控制在154字以内。,Model4,0.7682,888.28,3.4571
把下面句子翻译成简洁、正式的英文：模型价格变化后，路由策略应自动调整。 要求包含4个要点，控制在154字以内。,Model5,0.8860,937.73,4.1922
把下面句子翻译成简洁、正式的英文：模型价格变化后，路由策略应自动调整。 要求包含4个要点，控制在154字以内。,Model6,0.8253,1037.89,5.0685
把下面句子翻译成简洁、正式的英文：模型价格变化后，路由策略应自动调整。 要求包含4个要点，控制在154字以内。,Model7,0.8573,1123.79,6.8590
把下面句子翻译成简洁、正式的英文：模型价格变化后，路由策略应自动调整。 要求包含4个要点，控制在154字以内。,Model8,0.9115,1228.26,7.9253
把下面句子翻译成简洁、正式的英文：模型价格变化后，路由策略应自动调整。 要求包含4个要点，控制在154字以内。,Model9,0.9182,1430.14,10.3035
把下面句子翻译成简洁、正式的英文：模型价格变化后，路由策略应自动调整。 要求包含4个要点，控制在154字以内。,Model10,0.9234,1638.23,12.5336
把以下内容整理为 key-value：客户=远航制造；问题=接口超时；优先级=高。 要求包含5个要点，控制在171字以内。,Model1,0.8428,801.57,1.6910
把以下内容整理为 key-value：客户=远航制造；问题=接口超时；优先级=高。 要求包含5个要点，控制在171字以内。,Model2,0.7766,848.38,1.9822
把以下内容整理为 key-value：客户=远航制造；问题=接口超时；优先级=高。 要求包含5个要点，控制在171字以内。,Model3,0.8410,1002.70,2.5117
把以下内容整理为 key-value：客户=远航制造；问题=接口超时；优先级=高。 要求包含5个要点，控制在171字以内。,Model4,0.7428,1070.39,3.0726
把以下内容整理为 key-value：客户=远航制造；问题=接口超时；优先级=高。 要求包含5个要点，控制在171字以内。,Model5,0.8236,1099.93,3.8371
把以下内容整理为 key-value：客户=远航制造；问题=接口超时；优先级=高。 要求包含5个要点，控制在171字以内。,Model6,0.8230,1159.31,4.6919
把以下内容整理为 key-value：客户=远航制造；问题=接口超时；优先级=高。 要求包含5个要点，控制在171字以内。,Model7,0.8207,1374.01,6.1140
把以下内容整理为 key-value：客户=远航制造；问题=接口超时；优先级=高。 要求包含5个要点，控制在171字以内。,Model8,0.8652,1381.43,7.5442
把以下内容整理为 key-value：客户=远航制造；问题=接口超时；优先级=高。 要求包含5个要点，控制在171字以内。,Model9,0.8834,1621.89,9.0882
把以下内容整理为 key-value：客户=远航制造；问题=接口超时；优先级=高。 要求包含5个要点，控制在171字以内。,Model10,0.8943,1935.56,12.0195
请解释请求调度的核心原理，并给出两个应用场景。 要求包含2个要点，控制在188字以内。,Model1,0.8764,602.12,1.1775
请解释请求调度的核心原理，并给出两个应用场景。 要求包含2个要点，控制在188字以内。,Model2,0.8842,692.01,1.4901
请解释请求调度的核心原理，并给出两个应用场景。 要求包含2个要点，控制在188字以内。,Model3,0.8771,667.25,1.8260
请解释请求调度的核心原理，并给出两个应用场景。 要求包含2个要点，控制在188字以内。,Model4,0.8975,812.80,2.2628
请解释请求调度的核心原理，并给出两个应用场景。 要求包含2个要点，控制在188字以内。,Model5,0.9190,866.38,2.8219
请解释请求调度的核心原理，并给出两个应用场景。 要求包含2个要点，控制在188字以内。,Model6,0.9131,961.50,3.4843
请解释请求调度的核心原理，并给出两个应用场景。 要求包含2个要点，控制在188字以内。,Model7,0.9279,957.97,4.3363
请解释请求调度的核心原理，并给出两个应用场景。 要求包含2个要点，控制在188字以内。,Model8,0.9358,1165.65,5.6783
请解释请求调度的核心原理，并给出两个应用场景。 要求包含2个要点，控制在188字以内。,Model9,0.9437,1258.67,7.0150
请解释请求调度的核心原理，并给出两个应用场景。 要求包含2个要点，控制在188字以内。,Model10,0.9459,1378.82,8.4970
一个项目成功概率为0.2，连续两次至少成功一次的概率是多少？ 要求包含3个要点，控制在205字以内。,Model1,0.5719,734.68,1.4981
一个项目成功概率为0.2，连续两次至少成功一次的概率是多少？ 要求包含3个要点，控制在205字以内。,Model2,0.6093,734.15,1.8219
一个项目成功概率为0.2，连续两次至少成功一次的概率是多少？ 要求包含3个要点，控制在205字以内。,Model3,0.6549,869.16,2.4455
一个项目成功概率为0.2，连续两次至少成功一次的概率是多少？ 要求包含3个要点，控制在205字以内。,Model4,0.8669,1032.06,2.9367
一个项目成功概率为0.2，连续两次至少成功一次的概率是多少？ 要求包含3个要点，控制在205字以内。,Model5,0.8205,1075.31,3.4557
一个项目成功概率为0.2，连续两次至少成功一次的概率是多少？ 要求包含3个要点，控制在205字以内。,Model6,0.8447,1034.81,4.3680
一个项目成功概率为0.2，连续两次至少成功一次的概率是多少？ 要求包含3个要点，控制在205字以内。,Model7,0.8956,1394.92,5.5183
一个项目成功概率为0.2，连续两次至少成功一次的概率是多少？ 要求包含3个要点，控制在205字以内。,Model8,0.8651,1260.27,6.8061
一个项目成功概率为0.2，连续两次至少成功一次的概率是多少？ 要求包含3个要点，控制在205字以内。,Model9,0.8916,1634.49,9.0712
一个项目成功概率为0.2，连续两次至少成功一次的概率是多少？ 要求包含3个要点，控制在205字以内。,Model10,0.9099,1651.35,11.0791
分析下面 SQL 的性能问题并给出索引建议：SELECT * FROM orders WHERE user_id=4 ORDER BY created_at DESC; 要求包含4个要点，控制在222字以内。,Model1,0.4552,809.74,1.8089
分析下面 SQL 的性能问题并给出索引建议：SELECT * FROM orders WHERE user_id=4 ORDER BY created_at DESC; 要求包含4个要点，控制在222字以内。,Model2,0.4973,883.24,2.2995
分析下面 SQL 的性能问题并给出索引建议：SELECT * FROM orders WHERE user_id=4 ORDER BY created_at DESC; 要求包含4个要点，控制在222字以内。,Model3,0.8102,986.25,2.7048
分析下面 SQL 的性能问题并给出索引建议：SELECT * FROM orders WHERE user_id=4 ORDER BY created_at DESC; 要求包含4个要点，控制在222字以内。,Model4,0.7034,1217.20,3.4329
分析下面 SQL 的性能问题并给出索引建议：SELECT * FROM orders WHERE user_id=4 ORDER BY created_at DESC; 要求包含4个要点，控制在222字以内。,Model5,0.7304,1178.28,4.2475
分析下面 SQL 的性能问题并给出索引建议：SELECT * FROM orders WHERE user_id=4 ORDER BY created_at DESC; 要求包含4个要点，控制在222字以内。,Model6,0.8370,1284.31,5.3473
分析下面 SQL 的性能问题并给出索引建议：SELECT * FROM orders WHERE user_id=4 ORDER BY created_at DESC; 要求包含4个要点，控制在222字以内。,Model7,0.8221,1284.86,7.0255
分析下面 SQL 的性能问题并给出索引建议：SELECT * FROM orders WHERE user_id=4 ORDER BY created_at DESC; 要求包含4个要点，控制在222字以内。,Model8,0.7805,1528.45,8.3066
分析下面 SQL 的性能问题并给出索引建议：SELECT * FROM orders WHERE user_id=4 ORDER BY created_at DESC; 要求包含4个要点，控制在222字以内。,Model9,0.8436,1581.36,11.0056
分析下面 SQL 的性能问题并给出索引建议：SELECT * FROM orders WHERE user_id=4 ORDER BY created_at DESC; 要求包含4个要点，控制在222字以内。,Model10,0.8627,2015.24,13.6911
总结以下会议纪要，保留结论、负责人和下一步动作。 要求包含5个要点，控制在239字以内。,Model1,0.9037,654.16,1.5802
总结以下会议纪要，保留结论、负责人和下一步动作。 要求包含5个要点，控制在239字以内。,Model2,0.8578,621.66,1.8323
总结以下会议纪要，保留结论、负责人和下一步动作。 要求包含5个要点，控制在239字以内。,Model3,0.8388,742.03,2.3447
总结以下会议纪要，保留结论、负责人和下一步动作。 要求包含5个要点，控制在239字以内。,Model4,0.8302,840.55,2.9738
总结以下会议纪要，保留结论、负责人和下一步动作。 要求包含5个要点，控制在239字以内。,Model5,0.9037,773.68,3.5615
总结以下会议纪要，保留结论、负责人和下一步动作。 要求包含5个要点，控制在239字以内。,Model6,0.8652,1040.21,4.6421
总结以下会议纪要，保留结论、负责人和下一步动作。 要求包含5个要点，控制在239字以内。,Model7,0.8898,1155.13,5.7437
总结以下会议纪要，保留结论、负责人和下一步动作。 要求包含5个要点，控制在239字以内。,Model8,0.9250,1156.14,6.9035
总结以下会议纪要，保留结论、负责人和下一步动作。 要求包含5个要点，控制在239字以内。,Model9,0.9332,1322.13,8.6979
总结以下会议纪要，保留结论、负责人和下一步动作。 要求包含5个要点，控制在239字以内。,Model10,0.9386,1420.94,11.4087
将下面中文翻译成英文：系统应先满足质量阈值，再选择成本最低的模型。 要求包含2个要点，控制在256字以内。,Model1,0.7505,766.59,1.8805
将下面中文翻译成英文：系统应先满足质量阈值，再选择成本最低的模型。 要求包含2个要点，控制在256字以内。,Model2,0.8706,816.65,2.2073
将下面中文翻译成英文：系统应先满足质量阈值，再选择成本最低的模型。 要求包含2个要点，控制在256字以内。,Model3,0.7489,935.07,3.0228
将下面中文翻译成英文：系统应先满足质量阈值，再选择成本最低的模型。 要求包含2个要点，控制在256字以内。,Model4,0.7195,981.85,3.4993
将下面中文翻译成英文：系统应先满足质量阈值，再选择成本最低的模型。 要求包含2个要点，控制在256字以内。,Model5,0.8565,992.01,4.3625
将下面中文翻译成英文：系统应先满足质量阈值，再选择成本最低的模型。 要求包含2个要点，控制在256字以内。,Model6,0.7845,1121.22,5.3524
将下面中文翻译成英文：系统应先满足质量阈值，再选择成本最低的模型。 要求包含2个要点，控制在256字以内。,Model7,0.8244,1351.11,7.2888
将下面中文翻译成英文：系统应先满足质量阈值，再选择成本最低的模型。 要求包含2个要点，控制在256字以内。,Model8,0.8910,1375.80,8.3150
将下面中文翻译成英文：系统应先满足质量阈值，再选择成本最低的模型。 要求包含2个要点，控制在256字以内。,Model9,0.8970,1584.75,11.0028
将下面中文翻译成英文：系统应先满足质量阈值，再选择成本最低的模型。 要求包含2个要点，控制在256字以内。,Model10,0.9085,1822.30,13.1971
把以下内容整理为 key-value：客户=远航制造；问题=接口超时；优先级=高。 要求包含3个要点，控制在273字以内。,Model1,0.8194,866.89,1.7836
把以下内容整理为 key-value：客户=远航制造；问题=接口超时；优先级=高。 要求包含3个要点，控制在273字以内。,Model2,0.7319,952.46,2.0652
把以下内容整理为 key-value：客户=远航制造；问题=接口超时；优先级=高。 要求包含3个要点，控制在273字以内。,Model3,0.8083,1044.04,2.7086
把以下内容整理为 key-value：客户=远航制造；问题=接口超时；优先级=高。 要求包含3个要点，控制在273字以内。,Model4,0.6933,1075.92,3.2780
把以下内容整理为 key-value：客户=远航制造；问题=接口超时；优先级=高。 要求包含3个要点，控制在273字以内。,Model5,0.7842,1175.07,3.8847
把以下内容整理为 key-value：客户=远航制造；问题=接口超时；优先级=高。 要求包含3个要点，控制在273字以内。,Model6,0.7833,1293.70,4.9776
把以下内容整理为 key-value：客户=远航制造；问题=接口超时；优先级=高。 要求包含3个要点，控制在273字以内。,Model7,0.7800,1504.82,6.5185
把以下内容整理为 key-value：客户=远航制造；问题=接口超时；优先级=高。 要求包含3个要点，控制在273字以内。,Model8,0.8292,1422.31,7.7048
把以下内容整理为 key-value：客户=远航制造；问题=接口超时；优先级=高。 要求包含3个要点，控制在273字以内。,Model9,0.8617,1586.96,10.6131
把以下内容整理为 key-value：客户=远航制造；问题=接口超时；优先级=高。 要求包含3个要点，控制在273字以内。,Model10,0.8740,1740.89,12.9113
请解释大模型路由的核心原理，并给出两个应用场景。 要求包含4个要点，控制在290字以内。,Model1,0.8447,655.90,1.3263
请解释大模型路由的核心原理，并给出两个应用场景。 要求包含4个要点，控制在290字以内。,Model2,0.8629,669.79,1.5820
请解释大模型路由的核心原理，并给出两个应用场景。 要求包含4个要点，控制在290字以内。,Model3,0.8426,673.43,1.9649
请解释大模型路由的核心原理，并给出两个应用场景。 要求包含4个要点，控制在290字以内。,Model4,0.8754,899.19,2.5720
请解释大模型路由的核心原理，并给出两个应用场景。 要求包含4个要点，控制在290字以内。,Model5,0.8984,869.67,3.0388
请解释大模型路由的核心原理，并给出两个应用场景。 要求包含4个要点，控制在290字以内。,Model6,0.8942,1013.59,3.8720
请解释大模型路由的核心原理，并给出两个应用场景。 要求包含4个要点，控制在290字以内。,Model7,0.9081,1171.24,4.9789
请解释大模型路由的核心原理，并给出两个应用场景。 要求包含4个要点，控制在290字以内。,Model8,0.9218,1233.63,5.8222
请解释大模型路由的核心原理，并给出两个应用场景。 要求包含4个要点，控制在290字以内。,Model9,0.9292,1259.54,7.8450
请解释大模型路由的核心原理，并给出两个应用场景。 要求包含4个要点，控制在290字以内。,Model10,0.9363,1572.21,9.1149
一个项目成功概率为0.4，连续两次至少成功一次的概率是多少？ 要求包含5个要点，控制在87字以内。,Model1,0.5009,781.62,1.5863
一个项目成功概率为0.4，连续两次至少成功一次的概率是多少？ 要求包含5个要点，控制在87字以内。,Model2,0.5547,883.39,1.9132
一个项目成功概率为0.4，连续两次至少成功一次的概率是多少？ 要求包含5个要点，控制在87字以内。,Model3,0.6024,946.18,2.6530
一个项目成功概率为0.4，连续两次至少成功一次的概率是多少？ 要求包含5个要点，控制在87字以内。,Model4,0.8366,1268.97,2.9001
一个项目成功概率为0.4，连续两次至少成功一次的概率是多少？ 要求包含5个要点，控制在87字以内。,Model5,0.7784,1150.78,3.7430
一个项目成功概率为0.4，连续两次至少成功一次的概率是多少？ 要求包含5个要点，控制在87字以内。,Model6,0.8097,1367.03,4.6985
一个项目成功概率为0.4，连续两次至少成功一次的概率是多少？ 要求包含5个要点，控制在87字以内。,Model7,0.8655,1354.12,6.1177
一个项目成功概率为0.4，连续两次至少成功一次的概率是多少？ 要求包含5个要点，控制在87字以内。,Model8,0.8325,1548.69,7.2679
一个项目成功概率为0.4，连续两次至少成功一次的概率是多少？ 要求包含5个要点，控制在87字以内。,Model9,0.8661,1737.54,9.7870
一个项目成功概率为0.4，连续两次至少成功一次的概率是多少？ 要求包含5个要点，控制在87字以内。,Model10,0.8856,1748.71,11.8823
分析下面 SQL 的性能问题并给出索引建议：SELECT * FROM orders WHERE user_id=4 ORDER BY created_at DESC; 要求包含2个要点，控制在104字以内。,Model1,0.6770,640.30,1.4133
分析下面 SQL 的性能问题并给出索引建议：SELECT * FROM orders WHERE user_id=4 ORDER BY created_at DESC; 要求包含2个要点，控制在104字以内。,Model2,0.7026,642.95,1.7770
分析下面 SQL 的性能问题并给出索引建议：SELECT * FROM orders WHERE user_id=4 ORDER BY created_at DESC; 要求包含2个要点，控制在104字以内。,Model3,0.9027,710.86,2.2589
分析下面 SQL 的性能问题并给出索引建议：SELECT * FROM orders WHERE user_id=4 ORDER BY created_at DESC; 要求包含2个要点，控制在104字以内。,Model4,0.8438,865.39,2.7296
分析下面 SQL 的性能问题并给出索引建议：SELECT * FROM orders WHERE user_id=4 ORDER BY created_at DESC; 要求包含2个要点，控制在104字以内。,Model5,0.8613,914.95,3.4188
分析下面 SQL 的性能问题并给出索引建议：SELECT * FROM orders WHERE user_id=4 ORDER BY created_at DESC; 要求包含2个要点，控制在104字以内。,Model6,0.9210,1042.84,4.1196
分析下面 SQL 的性能问题并给出索引建议：SELECT * FROM orders WHERE user_id=4 ORDER BY created_at DESC; 要求包含2个要点，控制在104字以内。,Model7,0.9139,1149.17,5.2837
分析下面 SQL 的性能问题并给出索引建议：SELECT * FROM orders WHERE user_id=4 ORDER BY created_at DESC; 要求包含2个要点，控制在104字以内。,Model8,0.8955,999.13,6.5396
分析下面 SQL 的性能问题并给出索引建议：SELECT * FROM orders WHERE user_id=4 ORDER BY created_at DESC; 要求包含2个要点，控制在104字以内。,Model9,0.9268,1330.96,8.5474
分析下面 SQL 的性能问题并给出索引建议：SELECT * FROM orders WHERE user_id=4 ORDER BY created_at DESC; 要求包含2个要点，控制在104字以内。,Model10,0.9411,1433.96,10.1883
将这段技术说明概括为不超过120字的摘要。 要求包含3个要点，控制在121字以内。,Model1,0.8816,663.46,1.7000
将这段技术说明概括为不超过120字的摘要。 要求包含3个要点，控制在121字以内。,Model2,0.8319,769.54,2.0620
将这段技术说明概括为不超过120字的摘要。 要求包含3个要点，控制在121字以内。,Model3,0.8026,824.82,2.5769
将这段技术说明概括为不超过120字的摘要。 要求包含3个要点，控制在121字以内。,Model4,0.7818,954.01,3.2108
将这段技术说明概括为不超过120字的摘要。 要求包含3个要点，控制在121字以内。,Model5,0.8825,1044.83,3.8477
将这段技术说明概括为不超过120字的摘要。 要求包含3个要点，控制在121字以内。,Model6,0.8411,1056.01,4.9050
将这段技术说明概括为不超过120字的摘要。 要求包含3个要点，控制在121字以内。,Model7,0.8602,1237.14,6.2944
将这段技术说明概括为不超过120字的摘要。 要求包含3个要点，控制在121字以内。,Model8,0.9115,1326.94,7.9550
将这段技术说明概括为不超过120字的摘要。 要求包含3个要点，控制在121字以内。,Model9,0.9200,1298.56,10.0864
将这段技术说明概括为不超过120字的摘要。 要求包含3个要点，控制在121字以内。,Model10,0.9235,1602.87,12.1385
把下面句子翻译成简洁、正式的英文：模型价格变化后，路由策略应自动调整。 要求包含4个要点，控制在138字以内。,Model1,0.6942,838.78,2.0799
把下面句子翻译成简洁、正式的英文：模型价格变化后，路由策略应自动调整。 要求包含4个要点，控制在138字以内。,Model2,0.8437,840.23,2.3277
把下面句子翻译成简洁、正式的英文：模型价格变化后，路由策略应自动调整。 要求包含4个要点，控制在138字以内。,Model3,0.6909,923.19,3.2592
把下面句子翻译成简洁、正式的英文：模型价格变化后，路由策略应自动调整。 要求包含4个要点，控制在138字以内。,Model4,0.6752,992.27,3.7337
把下面句子翻译成简洁、正式的英文：模型价格变化后，路由策略应自动调整。 要求包含4个要点，控制在138字以内。,Model5,0.8265,1080.37,4.6568
把下面句子翻译成简洁、正式的英文：模型价格变化后，路由策略应自动调整。 要求包含4个要点，控制在138字以内。,Model6,0.7376,1224.51,5.7011
把下面句子翻译成简洁、正式的英文：模型价格变化后，路由策略应自动调整。 要求包含4个要点，控制在138字以内。,Model7,0.7882,1274.89,7.3885
把下面句子翻译成简洁、正式的英文：模型价格变化后，路由策略应自动调整。 要求包含4个要点，控制在138字以内。,Model8,0.8610,1416.96,8.8300
把下面句子翻译成简洁、正式的英文：模型价格变化后，路由策略应自动调整。 要求包含4个要点，控制在138字以内。,Model9,0.8760,1835.90,11.5703
把下面句子翻译成简洁、正式的英文：模型价格变化后，路由策略应自动调整。 要求包含4个要点，控制在138字以内。,Model10,0.8842,1743.55,13.9592
从文本中提取姓名、公司、职位三个字段，并输出 JSON：张三就职于华星科技，担任研发经理。 要求包含5个要点，控制在155字以内。,Model1,0.9108,595.37,1.4219
从文本中提取姓名、公司、职位三个字段，并输出 JSON：张三就职于华星科技，担任研发经理。 要求包含5个要点，控制在155字以内。,Model2,0.8666,701.90,1.7726
从文本中提取姓名、公司、职位三个字段，并输出 JSON：张三就职于华星科技，担任研发经理。 要求包含5个要点，控制在155字以内。,Model3,0.9064,735.42,2.2616
从文本中提取姓名、公司、职位三个字段，并输出 JSON：张三就职于华星科技，担任研发经理。 要求包含5个要点，控制在155字以内。,Model4,0.8456,799.82,2.7114
从文本中提取姓名、公司、职位三个字段，并输出 JSON：张三就职于华星科技，担任研发经理。 要求包含5个要点，控制在155字以内。,Model5,0.8964,838.61,3.3764
从文本中提取姓名、公司、职位三个字段，并输出 JSON：张三就职于华星科技，担任研发经理。 要求包含5个要点，控制在155字以内。,Model6,0.8991,921.01,4.3529
从文本中提取姓名、公司、职位三个字段，并输出 JSON：张三就职于华星科技，担任研发经理。 要求包含5个要点，控制在155字以内。,Model7,0.8914,1045.38,5.3600
从文本中提取姓名、公司、职位三个字段，并输出 JSON：张三就职于华星科技，担任研发经理。 要求包含5个要点，控制在155字以内。,Model8,0.9200,1157.61,6.8955
从文本中提取姓名、公司、职位三个字段，并输出 JSON：张三就职于华星科技，担任研发经理。 要求包含5个要点，控制在155字以内。,Model9,0.9357,1323.99,8.5245
从文本中提取姓名、公司、职位三个字段，并输出 JSON：张三就职于华星科技，担任研发经理。 要求包含5个要点，控制在155字以内。,Model10,0.9400,1391.04,10.2527
请解释并行计算的核心原理，并给出两个应用场景。 要求包含2个要点，控制在172字以内。,Model1,0.8121,797.56,1.3865
请解释并行计算的核心原理，并给出两个应用场景。 要求包含2个要点，控制在172字以内。,Model2,0.8291,817.81,1.6796
请解释并行计算的核心原理，并给出两个应用场景。 要求包含2个要点，控制在172字以内。,Model3,0.8225,896.88,2.1428
请解释并行计算的核心原理，并给出两个应用场景。 要求包含2个要点，控制在172字以内。,Model4,0.8453,986.61,2.7237
请解释并行计算的核心原理，并给出两个应用场景。 要求包含2个要点，控制在172字以内。,Model5,0.8792,1126.84,3.2447
请解释并行计算的核心原理，并给出两个应用场景。 要求包含2个要点，控制在172字以内。,Model6,0.8724,1103.22,4.1780
请解释并行计算的核心原理，并给出两个应用场景。 要求包含2个要点，控制在172字以内。,Model7,0.8849,1182.65,5.1376
请解释并行计算的核心原理，并给出两个应用场景。 要求包含2个要点，控制在172字以内。,Model8,0.8986,1358.39,5.9001
请解释并行计算的核心原理，并给出两个应用场景。 要求包含2个要点，控制在172字以内。,Model9,0.9105,1488.39,8.3129
请解释并行计算的核心原理，并给出两个应用场景。 要求包含2个要点，控制在172字以内。,Model10,0.9171,1758.83,10.4432
求解方程 6x + 34 = 59，写出计算过程。 要求包含3个要点，控制在189字以内。,Model1,0.4513,809.70,1.5913
求解方程 6x + 34 = 59，写出计算过程。 要求包含3个要点，控制在189字以内。,Model2,0.4934,873.83,2.0187
求解方程 6x + 34 = 59，写出计算过程。 要求包含3个要点，控制在189字以内。,Model3,0.5501,1021.82,2.5545
求解方程 6x + 34 = 59，写出计算过程。 要求包含3个要点，控制在189字以内。,Model4,0.7940,1076.55,3.1325
求解方程 6x + 34 = 59，写出计算过程。 要求包含3个要点，控制在189字以内。,Model5,0.7378,1197.54,3.8439
求解方程 6x + 34 = 59，写出计算过程。 要求包含3个要点，控制在189字以内。,Model6,0.7671,1496.76,4.9100
求解方程 6x + 34 = 59，写出计算过程。 要求包含3个要点，控制在189字以内。,Model7,0.8405,1472.33,6.1640
求解方程 6x + 34 = 59，写出计算过程。 要求包含3个要点，控制在189字以内。,Model8,0.7940,1595.75,7.4111
求解方程 6x + 34 = 59，写出计算过程。 要求包含3个要点，控制在189字以内。,Model9,0.8349,1746.89,10.1069
求解方程 6x + 34 = 59，写出计算过程。 要求包含3个要点，控制在189字以内。,Model10,0.8621,1997.01,12.5338
修复这段伪代码中的边界错误，并说明时间复杂度。 要求包含4个要点，控制在206字以内。,Model1,0.6100,714.60,1.3709
修复这段伪代码中的边界错误，并说明时间复杂度。 要求包含4个要点，控制在206字以内。,Model2,0.6448,756.23,1.6367
修复这段伪代码中的边界错误，并说明时间复杂度。 要求包含4个要点，控制在206字以内。,Model3,0.8884,786.97,2.0815
修复这段伪代码中的边界错误，并说明时间复杂度。 要求包含4个要点，控制在206字以内。,Model4,0.8199,862.95,2.6554
修复这段伪代码中的边界错误，并说明时间复杂度。 要求包含4个要点，控制在206字以内。,Model5,0.8288,911.21,3.1259
修复这段伪代码中的边界错误，并说明时间复杂度。 要求包含4个要点，控制在206字以内。,Model6,0.9046,1094.50,3.9868
修复这段伪代码中的边界错误，并说明时间复杂度。 要求包含4个要点，控制在206字以内。,Model7,0.8931,1092.86,5.1071
修复这段伪代码中的边界错误，并说明时间复杂度。 要求包含4个要点，控制在206字以内。,Model8,0.8675,1230.86,6.0506
修复这段伪代码中的边界错误，并说明时间复杂度。 要求包含4个要点，控制在206字以内。,Model9,0.9087,1381.14,7.2836
修复这段伪代码中的边界错误，并说明时间复杂度。 要求包含4个要点，控制在206字以内。,Model10,0.9220,1540.11,9.6055
总结以下会议纪要，保留结论、负责人和下一步动作。 要求包含5个要点，控制在223字以内。,Model1,0.8517,819.96,1.7653
总结以下会议纪要，保留结论、负责人和下一步动作。 要求包含5个要点，控制在223字以内。,Model2,0.7904,829.29,2.1207
总结以下会议纪要，保留结论、负责人和下一步动作。 要求包含5个要点，控制在223字以内。,Model3,0.7570,897.96,2.8006
总结以下会议纪要，保留结论、负责人和下一步动作。 要求包含5个要点，控制在223字以内。,Model4,0.7486,1029.63,3.5050
总结以下会议纪要，保留结论、负责人和下一步动作。 要求包含5个要点，控制在223字以内。,Model5,0.8507,1037.12,4.2204
总结以下会议纪要，保留结论、负责人和下一步动作。 要求包含5个要点，控制在223字以内。,Model6,0.7922,1300.25,5.0167
总结以下会议纪要，保留结论、负责人和下一步动作。 要求包含5个要点，控制在223字以内。,Model7,0.8334,1283.55,6.7086
总结以下会议纪要，保留结论、负责人和下一步动作。 要求包含5个要点，控制在223字以内。,Model8,0.8856,1520.84,8.1250
总结以下会议纪要，保留结论、负责人和下一步动作。 要求包含5个要点，控制在223字以内。,Model9,0.8971,1610.98,10.5137
总结以下会议纪要，保留结论、负责人和下一步动作。 要求包含5个要点，控制在223字以内。,Model10,0.9060,1623.24,12.7290
将下面中文翻译成英文：系统应先满足质量阈值，再选择成本最低的模型。 要求包含2个要点，控制在240字以内。,Model1,0.8479,602.31,1.5131
将下面中文翻译成英文：系统应先满足质量阈值，再选择成本最低的模型。 要求包含2个要点，控制在240字以内。,Model2,0.9297,629.29,1.9163
将下面中文翻译成英文：系统应先满足质量阈值，再选择成本最低的模型。 要求包含2个要点，控制在240字以内。,Model3,0.8553,756.35,2.3988
将下面中文翻译成英文：系统应先满足质量阈值，再选择成本最低的模型。 要求包含2个要点，控制在240字以内。,Model4,0.8260,761.15,2.9685
将下面中文翻译成英文：系统应先满足质量阈值，再选择成本最低的模型。 要求包含2个要点，控制在240字以内。,Model5,0.9176,819.15,3.7367
将下面中文翻译成英文：系统应先满足质量阈值，再选择成本最低的模型。 要求包含2个要点，控制在240字以内。,Model6,0.8691,904.70,4.6077
将下面中文翻译成英文：系统应先满足质量阈值，再选择成本最低的模型。 要求包含2个要点，控制在240字以内。,Model7,0.8941,973.45,5.8264
将下面中文翻译成英文：系统应先满足质量阈值，再选择成本最低的模型。 要求包含2个要点，控制在240字以内。,Model8,0.9361,1077.50,6.8602
将下面中文翻译成英文：系统应先满足质量阈值，再选择成本最低的模型。 要求包含2个要点，控制在240字以内。,Model9,0.9415,1093.05,9.2022
将下面中文翻译成英文：系统应先满足质量阈值，再选择成本最低的模型。 要求包含2个要点，控制在240字以内。,Model10,0.9464,1267.38,11.3021
从文本中提取姓名、公司、职位三个字段，并输出 JSON：张三就职于华星科技，担任研发经理。 要求包含3个要点，控制在257字以内。,Model1,0.8882,675.30,1.4882
从文本中提取姓名、公司、职位三个字段，并输出 JSON：张三就职于华星科技，担任研发经理。 要求包含3个要点，控制在257字以内。,Model2,0.8346,727.41,1.8286
从文本中提取姓名、公司、职位三个字段，并输出 JSON：张三就职于华星科技，担任研发经理。 要求包含3个要点，控制在257字以内。,Model3,0.8869,946.61,2.5322
从文本中提取姓名、公司、职位三个字段，并输出 JSON：张三就职于华星科技，担任研发经理。 要求包含3个要点，控制在257字以内。,Model4,0.8064,902.12,2.9642
从文本中提取姓名、公司、职位三个字段，并输出 JSON：张三就职于华星科技，担任研发经理。 要求包含3个要点，控制在257字以内。,Model5,0.8699,990.65,3.6662
从文本中提取姓名、公司、职位三个字段，并输出 JSON：张三就职于华星科技，担任研发经理。 要求包含3个要点，控制在257字以内。,Model6,0.8675,1030.23,4.5942
从文本中提取姓名、公司、职位三个字段，并输出 JSON：张三就职于华星科技，担任研发经理。 要求包含3个要点，控制在257字以内。,Model7,0.8660,1157.62,5.8113
从文本中提取姓名、公司、职位三个字段，并输出 JSON：张三就职于华星科技，担任研发经理。 要求包含3个要点，控制在257字以内。,Model8,0.9026,1305.70,6.8851
从文本中提取姓名、公司、职位三个字段，并输出 JSON：张三就职于华星科技，担任研发经理。 要求包含3个要点，控制在257字以内。,Model9,0.9176,1437.59,8.9224
从文本中提取姓名、公司、职位三个字段，并输出 JSON：张三就职于华星科技，担任研发经理。 要求包含3个要点，控制在257字以内。,Model10,0.9259,1542.49,11.4666
请解释大模型路由的核心原理，并给出两个应用场景。 要求包含4个要点，控制在274字以内。,Model1,0.7807,787.89,1.5678
请解释大模型路由的核心原理，并给出两个应用场景。 要求包含4个要点，控制在274字以内。,Model2,0.7886,911.71,1.8824
请解释大模型路由的核心原理，并给出两个应用场景。 要求包含4个要点，控制在274字以内。,Model3,0.7759,865.10,2.4308
请解释大模型路由的核心原理，并给出两个应用场景。 要求包含4个要点，控制在274字以内。,Model4,0.8114,1120.58,2.9952
请解释大模型路由的核心原理，并给出两个应用场景。 要求包含4个要点，控制在274字以内。,Model5,0.8456,1054.13,3.4175
请解释大模型路由的核心原理，并给出两个应用场景。 要求包含4个要点，控制在274字以内。,Model6,0.8414,1249.99,4.4662
请解释大模型路由的核心原理，并给出两个应用场景。 要求包含4个要点，控制在274字以内。,Model7,0.8621,1383.94,5.4749
请解释大模型路由的核心原理，并给出两个应用场景。 要求包含4个要点，控制在274字以内。,Model8,0.8823,1511.14,7.1277
请解释大模型路由的核心原理，并给出两个应用场景。 要求包含4个要点，控制在274字以内。,Model9,0.8915,1626.33,9.0124
请解释大模型路由的核心原理，并给出两个应用场景。 要求包含4个要点，控制在274字以内。,Model10,0.8992,1751.34,11.4772
一个项目成功概率为0.4，连续两次至少成功一次的概率是多少？ 要求包含5个要点，控制在291字以内。,Model1,0.6557,673.40,1.3757
一个项目成功概率为0.4，连续两次至少成功一次的概率是多少？ 要求包含5个要点，控制在291字以内。,Model2,0.7012,727.69,1.6592
一个项目成功概率为0.4，连续两次至少成功一次的概率是多少？ 要求包含5个要点，控制在291字以内。,Model3,0.7328,764.72,2.0888
一个项目成功概率为0.4，连续两次至少成功一次的概率是多少？ 要求包含5个要点，控制在291字以内。,Model4,0.9049,796.49,2.6127
一个项目成功概率为0.4，连续两次至少成功一次的概率是多少？ 要求包含5个要点，控制在291字以内。,Model5,0.8667,915.31,3.1453
一个项目成功概率为0.4，连续两次至少成功一次的概率是多少？ 要求包含5个要点，控制在291字以内。,Model6,0.8894,988.23,3.8420
一个项目成功概率为0.4，连续两次至少成功一次的概率是多少？ 要求包含5个要点，控制在291字以内。,Model7,0.9259,1176.19,4.8972
一个项目成功概率为0.4，连续两次至少成功一次的概率是多少？ 要求包含5个要点，控制在291字以内。,Model8,0.9037,1284.20,6.2100
一个项目成功概率为0.4，连续两次至少成功一次的概率是多少？ 要求包含5个要点，控制在291字以内。,Model9,0.9237,1442.70,7.7994
一个项目成功概率为0.4，连续两次至少成功一次的概率是多少？ 要求包含5个要点，控制在291字以内。,Model10,0.9379,1552.54,9.6745
分析下面 SQL 的性能问题并给出索引建议：SELECT * FROM orders WHERE user_id=2 ORDER BY created_at DESC; 要求包含2个要点，控制在88字以内。,Model1,0.5599,791.70,1.6798
分析下面 SQL 的性能问题并给出索引建议：SELECT * FROM orders WHERE user_id=2 ORDER BY created_at DESC; 要求包含2个要点，控制在88字以内。,Model2,0.5922,873.38,1.9641
分析下面 SQL 的性能问题并给出索引建议：SELECT * FROM orders WHERE user_id=2 ORDER BY created_at DESC; 要求包含2个要点，控制在88字以内。,Model3,0.8605,967.95,2.6085
分析下面 SQL 的性能问题并给出索引建议：SELECT * FROM orders WHERE user_id=2 ORDER BY created_at DESC; 要求包含2个要点，控制在88字以内。,Model4,0.7744,1017.31,3.1507
分析下面 SQL 的性能问题并给出索引建议：SELECT * FROM orders WHERE user_id=2 ORDER BY created_at DESC; 要求包含2个要点，控制在88字以内。,Model5,0.7891,1031.54,3.7379
分析下面 SQL 的性能问题并给出索引建议：SELECT * FROM orders WHERE user_id=2 ORDER BY created_at DESC; 要求包含2个要点，控制在88字以内。,Model6,0.8816,1128.50,4.8047
分析下面 SQL 的性能问题并给出索引建议：SELECT * FROM orders WHERE user_id=2 ORDER BY created_at DESC; 要求包含2个要点，控制在88字以内。,Model7,0.8676,1248.19,6.1636
分析下面 SQL 的性能问题并给出索引建议：SELECT * FROM orders WHERE user_id=2 ORDER BY created_at DESC; 要求包含2个要点，控制在88字以内。,Model8,0.8422,1361.20,7.4021
分析下面 SQL 的性能问题并给出索引建议：SELECT * FROM orders WHERE user_id=2 ORDER BY created_at DESC; 要求包含2个要点，控制在88字以内。,Model9,0.8902,1461.38,9.8873
分析下面 SQL 的性能问题并给出索引建议：SELECT * FROM orders WHERE user_id=2 ORDER BY created_at DESC; 要求包含2个要点，控制在88字以内。,Model10,0.9024,1746.98,12.4336
将这段技术说明概括为不超过120字的摘要。 要求包含3个要点，控制在105字以内。,Model1,0.8215,843.92,1.8962
将这段技术说明概括为不超过120字的摘要。 要求包含3个要点，控制在105字以内。,Model2,0.7473,801.69,2.2169
将这段技术说明概括为不超过120字的摘要。 要求包含3个要点，控制在105字以内。,Model3,0.7102,1013.81,3.0617
将这段技术说明概括为不超过120字的摘要。 要求包含3个要点，控制在105字以内。,Model4,0.6991,1091.69,3.6333
将这段技术说明概括为不超过120字的摘要。 要求包含3个要点，控制在105字以内。,Model5,0.8256,1170.42,4.4299
将这段技术说明概括为不超过120字的摘要。 要求包含3个要点，控制在105字以内。,Model6,0.7479,1305.04,5.5560
将这段技术说明概括为不超过120字的摘要。 要求包含3个要点，控制在105字以内。,Model7,0.7956,1430.08,7.1216
将这段技术说明概括为不超过120字的摘要。 要求包含3个要点，控制在105字以内。,Model8,0.8577,1581.44,8.2739
将这段技术说明概括为不超过120字的摘要。 要求包含3个要点，控制在105字以内。,Model9,0.8684,1706.70,10.8824
将这段技术说明概括为不超过120字的摘要。 要求包含3个要点，控制在105字以内。,Model10,0.8803,1866.46,13.8187
把下面句子翻译成简洁、正式的英文：模型价格变化后，路由策略应自动调整。 要求包含4个要点，控制在122字以内。,Model1,0.8159,661.29,1.6666
把下面句子翻译成简洁、正式的英文：模型价格变化后，路由策略应自动调整。 要求包含4个要点，控制在122字以内。,Model2,0.9088,696.20,2.1280
把下面句子翻译成简洁、正式的英文：模型价格变化后，路由策略应自动调整。 要求包含4个要点，控制在122字以内。,Model3,0.8205,798.62,2.7109
把下面句子翻译成简洁、正式的英文：模型价格变化后，路由策略应自动调整。 要求包含4个要点，控制在122字以内。,Model4,0.7857,867.03,3.2962
把下面句子翻译成简洁、正式的英文：模型价格变化后，路由策略应自动调整。 要求包含4个要点，控制在122字以内。,Model5,0.8965,871.83,4.0527
把下面句子翻译成简洁、正式的英文：模型价格变化后，路由策略应自动调整。 要求包含4个要点，控制在122字以内。,Model6,0.8421,978.34,5.0042
把下面句子翻译成简洁、正式的英文：模型价格变化后，路由策略应自动调整。 要求包含4个要点，控制在122字以内。,Model7,0.8706,975.07,6.6581
把下面句子翻译成简洁、正式的英文：模型价格变化后，路由策略应自动调整。 要求包含4个要点，控制在122字以内。,Model8,0.9214,1180.91,7.5156
把下面句子翻译成简洁、正式的英文：模型价格变化后，路由策略应自动调整。 要求包含4个要点，控制在122字以内。,Model9,0.9281,1351.27,10.2005
把下面句子翻译成简洁、正式的英文：模型价格变化后，路由策略应自动调整。 要求包含4个要点，控制在122字以内。,Model10,0.9347,1459.70,12.7978
从订单描述中抽取订单号、金额、日期，并按 JSON 返回：订单A5，金额23元，日期2026-09-10。 要求包含5个要点，控制在139字以内。,Model1,0.8634,784.08,1.5723
从订单描述中抽取订单号、金额、日期，并按 JSON 返回：订单A5，金额23元，日期2026-09-10。 要求包含5个要点，控制在139字以内。,Model2,0.7976,824.97,1.9373
从订单描述中抽取订单号、金额、日期，并按 JSON 返回：订单A5，金额23元，日期2026-09-10。 要求包含5个要点，控制在139字以内。,Model3,0.8612,921.71,2.6383
从订单描述中抽取订单号、金额、日期，并按 JSON 返回：订单A5，金额23元，日期2026-09-10。 要求包含5个要点，控制在139字以内。,Model4,0.7699,1105.18,3.1055
从订单描述中抽取订单号、金额、日期，并按 JSON 返回：订单A5，金额23元，日期2026-09-10。 要求包含5个要点，控制在139字以内。,Model5,0.8491,1042.05,3.8576
从订单描述中抽取订单号、金额、日期，并按 JSON 返回：订单A5，金额23元，日期2026-09-10。 要求包含5个要点，控制在139字以内。,Model6,0.8404,1049.02,4.9059
从订单描述中抽取订单号、金额、日期，并按 JSON 返回：订单A5，金额23元，日期2026-09-10。 要求包含5个要点，控制在139字以内。,Model7,0.8408,1236.74,6.1642
从订单描述中抽取订单号、金额、日期，并按 JSON 返回：订单A5，金额23元，日期2026-09-10。 要求包含5个要点，控制在139字以内。,Model8,0.8793,1410.69,7.5275
从订单描述中抽取订单号、金额、日期，并按 JSON 返回：订单A5，金额23元，日期2026-09-10。 要求包含5个要点，控制在139字以内。,Model9,0.8976,1379.87,9.9220
从订单描述中抽取订单号、金额、日期，并按 JSON 返回：订单A5，金额23元，日期2026-09-10。 要求包含5个要点，控制在139字以内。,Model10,0.9056,1502.29,11.8485
为什么大模型路由在实际系统中重要？请用通俗语言回答。 要求包含2个要点，控制在156字以内。,Model1,0.7223,812.86,1.7176
为什么大模型路由在实际系统中重要？请用通俗语言回答。 要求包含2个要点，控制在156字以内。,Model2,0.7483,936.55,1.9923
为什么大模型路由在实际系统中重要？请用通俗语言回答。 要求包含2个要点，控制在156字以内。,Model3,0.7332,960.39,2.5096
为什么大模型路由在实际系统中重要？请用通俗语言回答。 要求包含2个要点，控制在156字以内。,Model4,0.7663,1114.71,3.1101
为什么大模型路由在实际系统中重要？请用通俗语言回答。 要求包含2个要点，控制在156字以内。,Model5,0.8166,1244.66,4.0474
为什么大模型路由在实际系统中重要？请用通俗语言回答。 要求包含2个要点，控制在156字以内。,Model6,0.8034,1297.68,5.0656
为什么大模型路由在实际系统中重要？请用通俗语言回答。 要求包含2个要点，控制在156字以内。,Model7,0.8338,1522.49,6.2693
为什么大模型路由在实际系统中重要？请用通俗语言回答。 要求包含2个要点，控制在156字以内。,Model8,0.8483,1752.70,7.5189
为什么大模型路由在实际系统中重要？请用通俗语言回答。 要求包含2个要点，控制在156字以内。,Model9,0.8666,1719.95,9.8269
为什么大模型路由在实际系统中重要？请用通俗语言回答。 要求包含2个要点，控制在156字以内。,Model10,0.8739,1879.99,12.3752
求解方程 6x + 90 = 78，写出计算过程。 要求包含3个要点，控制在173字以内。,Model1,0.5967,713.97,1.3393
求解方程 6x + 90 = 78，写出计算过程。 要求包含3个要点，控制在173字以内。,Model2,0.6520,827.80,1.6603
求解方程 6x + 90 = 78，写出计算过程。 要求包含3个要点，控制在173字以内。,Model3,0.6862,893.95,2.1324
求解方程 6x + 90 = 78，写出计算过程。 要求包含3个要点，控制在173字以内。,Model4,0.8789,858.04,2.5988
求解方程 6x + 90 = 78，写出计算过程。 要求包含3个要点，控制在173字以内。,Model5,0.8358,991.29,3.2131
求解方程 6x + 90 = 78，写出计算过程。 要求包含3个要点，控制在173字以内。,Model6,0.8654,1026.80,4.1462
求解方程 6x + 90 = 78，写出计算过程。 要求包含3个要点，控制在173字以内。,Model7,0.9050,1184.47,5.2777
求解方程 6x + 90 = 78，写出计算过程。 要求包含3个要点，控制在173字以内。,Model8,0.8812,1324.43,6.0992
求解方程 6x + 90 = 78，写出计算过程。 要求包含3个要点，控制在173字以内。,Model9,0.9055,1429.47,8.2092
求解方程 6x + 90 = 78，写出计算过程。 要求包含3个要点，控制在173字以内。,Model10,0.9236,1615.41,10.3777
用 Python 编写函数，将列表中的重复元素去除并保持原顺序。 要求包含4个要点，控制在190字以内。,Model1,0.4939,822.45,1.6158
用 Python 编写函数，将列表中的重复元素去除并保持原顺序。 要求包含4个要点，控制在190字以内。,Model2,0.5341,927.22,1.8703
用 Python 编写函数，将列表中的重复元素去除并保持原顺序。 要求包含4个要点，控制在190字以内。,Model3,0.8275,939.11,2.4696
用 Python 编写函数，将列表中的重复元素去除并保持原顺序。 要求包含4个要点，控制在190字以内。,Model4,0.7198,1057.28,3.1232
用 Python 编写函数，将列表中的重复元素去除并保持原顺序。 要求包含4个要点，控制在190字以内。,Model5,0.7541,1143.68,3.7541
用 Python 编写函数，将列表中的重复元素去除并保持原顺序。 要求包含4个要点，控制在190字以内。,Model6,0.8443,1270.36,4.8140
用 Python 编写函数，将列表中的重复元素去除并保持原顺序。 要求包含4个要点，控制在190字以内。,Model7,0.8319,1348.89,5.8896
用 Python 编写函数，将列表中的重复元素去除并保持原顺序。 要求包含4个要点，控制在190字以内。,Model8,0.8040,1555.11,7.1060
用 Python 编写函数，将列表中的重复元素去除并保持原顺序。 要求包含4个要点，控制在190字以内。,Model9,0.8583,1696.50,9.3069
用 Python 编写函数，将列表中的重复元素去除并保持原顺序。 要求包含4个要点，控制在190字以内。,Model10,0.8829,1842.51,12.0674
总结以下会议纪要，保留结论、负责人和下一步动作。 要求包含5个要点，控制在207字以内。,Model1,0.9163,595.77,1.5274
总结以下会议纪要，保留结论、负责人和下一步动作。 要求包含5个要点，控制在207字以内。,Model2,0.8770,578.13,1.8276
总结以下会议纪要，保留结论、负责人和下一步动作。 要求包含5个要点，控制在207字以内。,Model3,0.8569,697.55,2.2697
总结以下会议纪要，保留结论、负责人和下一步动作。 要求包含5个要点，控制在207字以内。,Model4,0.8479,711.38,2.7818
总结以下会议纪要，保留结论、负责人和下一步动作。 要求包含5个要点，控制在207字以内。,Model5,0.9180,824.69,3.5794
总结以下会议纪要，保留结论、负责人和下一步动作。 要求包含5个要点，控制在207字以内。,Model6,0.8807,836.91,4.6099
总结以下会议纪要，保留结论、负责人和下一步动作。 要求包含5个要点，控制在207字以内。,Model7,0.8999,967.62,5.8485
总结以下会议纪要，保留结论、负责人和下一步动作。 要求包含5个要点，控制在207字以内。,Model8,0.9369,1165.86,6.7070
总结以下会议纪要，保留结论、负责人和下一步动作。 要求包含5个要点，控制在207字以内。,Model9,0.9399,1206.40,8.7253
总结以下会议纪要，保留结论、负责人和下一步动作。 要求包含5个要点，控制在207字以内。,Model10,0.9489,1398.09,10.9922
将下面中文翻译成英文：系统应先满足质量阈值，再选择成本最低的模型。 要求包含2个要点，控制在224字以内。,Model1,0.7725,649.54,1.8234
将下面中文翻译成英文：系统应先满足质量阈值，再选择成本最低的模型。 要求包含2个要点，控制在224字以内。,Model2,0.8866,872.69,2.2171
将下面中文翻译成英文：系统应先满足质量阈值，再选择成本最低的模型。 要求包含2个要点，控制在224字以内。,Model3,0.7811,814.04,2.6681
将下面中文翻译成英文：系统应先满足质量阈值，再选择成本最低的模型。 要求包含2个要点，控制在224字以内。,Model4,0.7528,1021.17,3.3779
将下面中文翻译成英文：系统应先满足质量阈值，再选择成本最低的模型。 要求包含2个要点，控制在224字以内。,Model5,0.8737,1000.41,4.1881
将下面中文翻译成英文：系统应先满足质量阈值，再选择成本最低的模型。 要求包含2个要点，控制在224字以内。,Model6,0.8142,1107.89,5.3514
将下面中文翻译成英文：系统应先满足质量阈值，再选择成本最低的模型。 要求包含2个要点，控制在224字以内。,Model7,0.8372,1078.37,6.8002
将下面中文翻译成英文：系统应先满足质量阈值，再选择成本最低的模型。 要求包含2个要点，控制在224字以内。,Model8,0.8988,1420.80,8.0674
将下面中文翻译成英文：系统应先满足质量阈值，再选择成本最低的模型。 要求包含2个要点，控制在224字以内。,Model9,0.9121,1307.68,10.3295
将下面中文翻译成英文：系统应先满足质量阈值，再选择成本最低的模型。 要求包含2个要点，控制在224字以内。,Model10,0.9152,1586.18,12.9298
从文本中提取姓名、公司、职位三个字段，并输出 JSON：张三就职于华星科技，担任研发经理。 要求包含3个要点，控制在241字以内。,Model1,0.8315,798.15,1.7785
从文本中提取姓名、公司、职位三个字段，并输出 JSON：张三就职于华星科技，担任研发经理。 要求包含3个要点，控制在241字以内。,Model2,0.7507,931.10,2.0246
从文本中提取姓名、公司、职位三个字段，并输出 JSON：张三就职于华星科技，担任研发经理。 要求包含3个要点，控制在241字以内。,Model3,0.8263,1025.42,2.8778
从文本中提取姓名、公司、职位三个字段，并输出 JSON：张三就职于华星科技，担任研发经理。 要求包含3个要点，控制在241字以内。,Model4,0.7154,930.38,3.3667
从文本中提取姓名、公司、职位三个字段，并输出 JSON：张三就职于华星科技，担任研发经理。 要求包含3个要点，控制在241字以内。,Model5,0.8062,1250.87,4.3596
从文本中提取姓名、公司、职位三个字段，并输出 JSON：张三就职于华星科技，担任研发经理。 要求包含3个要点，控制在241字以内。,Model6,0.8070,1195.64,5.3051
从文本中提取姓名、公司、职位三个字段，并输出 JSON：张三就职于华星科技，担任研发经理。 要求包含3个要点，控制在241字以内。,Model7,0.8005,1283.59,6.2362
从文本中提取姓名、公司、职位三个字段，并输出 JSON：张三就职于华星科技，担任研发经理。 要求包含3个要点，控制在241字以内。,Model8,0.8500,1599.88,8.1133
从文本中提取姓名、公司、职位三个字段，并输出 JSON：张三就职于华星科技，担任研发经理。 要求包含3个要点，控制在241字以内。,Model9,0.8772,1671.06,10.2083
从文本中提取姓名、公司、职位三个字段，并输出 JSON：张三就职于华星科技，担任研发经理。 要求包含3个要点，控制在241字以内。,Model10,0.8835,1805.13,13.0543
请解释数据库索引的核心原理，并给出两个应用场景。 要求包含4个要点，控制在258字以内。,Model1,0.8653,654.62,1.2582
请解释数据库索引的核心原理，并给出两个应用场景。 要求包含4个要点，控制在258字以内。,Model2,0.8773,698.50,1.5787
请解释数据库索引的核心原理，并给出两个应用场景。 要求包含4个要点，控制在258字以内。,Model3,0.8641,793.54,1.9641
请解释数据库索引的核心原理，并给出两个应用场景。 要求包含4个要点，控制在258字以内。,Model4,0.8891,814.39,2.4749
请解释数据库索引的核心原理，并给出两个应用场景。 要求包含4个要点，控制在258字以内。,Model5,0.9116,966.87,2.9272
请解释数据库索引的核心原理，并给出两个应用场景。 要求包含4个要点，控制在258字以内。,Model6,0.9050,1033.69,3.4858
请解释数据库索引的核心原理，并给出两个应用场景。 要求包含4个要点，控制在258字以内。,Model7,0.9230,1121.66,4.3597
请解释数据库索引的核心原理，并给出两个应用场景。 要求包含4个要点，控制在258字以内。,Model8,0.9320,1070.60,5.7378
请解释数据库索引的核心原理，并给出两个应用场景。 要求包含4个要点，控制在258字以内。,Model9,0.9371,1117.65,7.5161
请解释数据库索引的核心原理，并给出两个应用场景。 要求包含4个要点，控制在258字以内。,Model10,0.9431,1501.95,8.9210
"已知一组数据为 9,30,22,19，计算平均值并说明步骤。 要求包含5个要点，控制在275字以内。",Model1,0.5284,758.52,1.4994
"已知一组数据为 9,30,22,19，计算平均值并说明步骤。 要求包含5个要点，控制在275字以内。",Model2,0.5785,832.83,1.8520
"已知一组数据为 9,30,22,19，计算平均值并说明步骤。 要求包含5个要点，控制在275字以内。",Model3,0.6344,928.67,2.3466
"已知一组数据为 9,30,22,19，计算平均值并说明步骤。 要求包含5个要点，控制在275字以内。",Model4,0.8573,1058.11,2.9843
"已知一组数据为 9,30,22,19，计算平均值并说明步骤。 要求包含5个要点，控制在275字以内。",Model5,0.7971,1092.02,3.5181
"已知一组数据为 9,30,22,19，计算平均值并说明步骤。 要求包含5个要点，控制在275字以内。",Model6,0.8295,1269.60,4.4693
"已知一组数据为 9,30,22,19，计算平均值并说明步骤。 要求包含5个要点，控制在275字以内。",Model7,0.8845,1396.66,5.8018
"已知一组数据为 9,30,22,19，计算平均值并说明步骤。 要求包含5个要点，控制在275字以内。",Model8,0.8544,1498.30,6.8091
"已知一组数据为 9,30,22,19，计算平均值并说明步骤。 要求包含5个要点，控制在275字以内。",Model9,0.8832,1506.64,8.6486
"已知一组数据为 9,30,22,19，计算平均值并说明步骤。 要求包含5个要点，控制在275字以内。",Model10,0.9000,1752.98,11.0609
分析下面 SQL 的性能问题并给出索引建议：SELECT * FROM orders WHERE user_id=8 ORDER BY created_at DESC; 要求包含2个要点，控制在292字以内。,Model1,0.4375,916.32,1.8811
分析下面 SQL 的性能问题并给出索引建议：SELECT * FROM orders WHERE user_id=8 ORDER BY created_at DESC; 要求包含2个要点，控制在292字以内。,Model2,0.4680,1004.44,2.3065
分析下面 SQL 的性能问题并给出索引建议：SELECT * FROM orders WHERE user_id=8 ORDER BY created_at DESC; 要求包含2个要点，控制在292字以内。,Model3,0.7897,1109.80,2.8594
分析下面 SQL 的性能问题并给出索引建议：SELECT * FROM orders WHERE user_id=8 ORDER BY created_at DESC; 要求包含2个要点，控制在292字以内。,Model4,0.6685,1076.11,3.6437
分析下面 SQL 的性能问题并给出索引建议：SELECT * FROM orders WHERE user_id=8 ORDER BY created_at DESC; 要求包含2个要点，控制在292字以内。,Model5,0.6959,1279.49,4.1374
分析下面 SQL 的性能问题并给出索引建议：SELECT * FROM orders WHERE user_id=8 ORDER BY created_at DESC; 要求包含2个要点，控制在292字以内。,Model6,0.8297,1350.26,5.5804
分析下面 SQL 的性能问题并给出索引建议：SELECT * FROM orders WHERE user_id=8 ORDER BY created_at DESC; 要求包含2个要点，控制在292字以内。,Model7,0.8034,1499.38,6.8977
分析下面 SQL 的性能问题并给出索引建议：SELECT * FROM orders WHERE user_id=8 ORDER BY created_at DESC; 要求包含2个要点，控制在292字以内。,Model8,0.7623,1591.71,8.5279
分析下面 SQL 的性能问题并给出索引建议：SELECT * FROM orders WHERE user_id=8 ORDER BY created_at DESC; 要求包含2个要点，控制在292字以内。,Model9,0.8227,1815.72,10.7287
分析下面 SQL 的性能问题并给出索引建议：SELECT * FROM orders WHERE user_id=8 ORDER BY created_at DESC; 要求包含2个要点，控制在292字以内。,Model10,0.8539,2010.76,13.5863
将这段技术说明概括为不超过120字的摘要。 要求包含3个要点，控制在89字以内。,Model1,0.8926,691.20,1.5442
将这段技术说明概括为不超过120字的摘要。 要求包含3个要点，控制在89字以内。,Model2,0.8409,706.07,1.9629
将这段技术说明概括为不超过120字的摘要。 要求包含3个要点，控制在89字以内。,Model3,0.8212,828.82,2.5380
将这段技术说明概括为不超过120字的摘要。 要求包含3个要点，控制在89字以内。,Model4,0.8131,894.91,3.0429
将这段技术说明概括为不超过120字的摘要。 要求包含3个要点，控制在89字以内。,Model5,0.8981,1008.68,3.8204
将这段技术说明概括为不超过120字的摘要。 要求包含3个要点，控制在89字以内。,Model6,0.8506,1027.17,4.7188
将这段技术说明概括为不超过120字的摘要。 要求包含3个要点，控制在89字以内。,Model7,0.8765,1153.57,6.2400
将这段技术说明概括为不超过120字的摘要。 要求包含3个要点，控制在89字以内。,Model8,0.9189,1133.16,7.6499
将这段技术说明概括为不超过120字的摘要。 要求包含3个要点，控制在89字以内。,Model9,0.9232,1374.29,9.4615
将这段技术说明概括为不超过120字的摘要。 要求包含3个要点，控制在89字以内。,Model10,0.9341,1544.87,11.3396
将下面中文翻译成英文：系统应先满足质量阈值，再选择成本最低的模型。 要求包含4个要点，控制在106字以内。,Model1,0.7223,803.37,1.9257
将下面中文翻译成英文：系统应先满足质量阈值，再选择成本最低的模型。 要求包含4个要点，控制在106字以内。,Model2,0.8568,809.64,2.2983
将下面中文翻译成英文：系统应先满足质量阈值，再选择成本最低的模型。 要求包含4个要点，控制在106字以内。,Model3,0.7380,947.27,3.0354
将下面中文翻译成英文：系统应先满足质量阈值，再选择成本最低的模型。 要求包含4个要点，控制在106字以内。,Model4,0.6998,1017.38,3.5115
将下面中文翻译成英文：系统应先满足质量阈值，再选择成本最低的模型。 要求包含4个要点，控制在106字以内。,Model5,0.8490,1103.09,4.2472
将下面中文翻译成英文：系统应先满足质量阈值，再选择成本最低的模型。 要求包含4个要点，控制在106字以内。,Model6,0.7489,1189.69,5.5874
将下面中文翻译成英文：系统应先满足质量阈值，再选择成本最低的模型。 要求包含4个要点，控制在106字以内。,Model7,0.8073,1141.30,7.1566
将下面中文翻译成英文：系统应先满足质量阈值，再选择成本最低的模型。 要求包含4个要点，控制在106字以内。,Model8,0.8754,1446.23,8.6716
将下面中文翻译成英文：系统应先满足质量阈值，再选择成本最低的模型。 要求包含4个要点，控制在106字以内。,Model9,0.8900,1635.00,11.5021
将下面中文翻译成英文：系统应先满足质量阈值，再选择成本最低的模型。 要求包含4个要点，控制在106字以内。,Model10,0.8993,1772.63,13.7572
从订单描述中抽取订单号、金额、日期，并按 JSON 返回：订单A8，金额28元，日期2026-09-01。 要求包含5个要点，控制在123字以内。,Model1,0.9209,597.31,1.3438
从订单描述中抽取订单号、金额、日期，并按 JSON 返回：订单A8，金额28元，日期2026-09-01。 要求包含5个要点，控制在123字以内。,Model2,0.8814,630.83,1.6037
从订单描述中抽取订单号、金额、日期，并按 JSON 返回：订单A8，金额28元，日期2026-09-01。 要求包含5个要点，控制在123字以内。,Model3,0.9183,632.95,2.1690
从订单描述中抽取订单号、金额、日期，并按 JSON 返回：订单A8，金额28元，日期2026-09-01。 要求包含5个要点，控制在123字以内。,Model4,0.8580,796.89,2.5967
从订单描述中抽取订单号、金额、日期，并按 JSON 返回：订单A8，金额28元，日期2026-09-01。 要求包含5个要点，控制在123字以内。,Model5,0.9084,821.16,3.0931
从订单描述中抽取订单号、金额、日期，并按 JSON 返回：订单A8，金额28元，日期2026-09-01。 要求包含5个要点，控制在123字以内。,Model6,0.9089,904.70,3.9382
从订单描述中抽取订单号、金额、日期，并按 JSON 返回：订单A8，金额28元，日期2026-09-01。 要求包含5个要点，控制在123字以内。,Model7,0.9017,1032.65,5.0439
从订单描述中抽取订单号、金额、日期，并按 JSON 返回：订单A8，金额28元，日期2026-09-01。 要求包含5个要点，控制在123字以内。,Model8,0.9280,1118.98,6.3056
从订单描述中抽取订单号、金额、日期，并按 JSON 返回：订单A8，金额28元，日期2026-09-01。 要求包含5个要点，控制在123字以内。,Model9,0.9437,1254.91,8.0496
从订单描述中抽取订单号、金额、日期，并按 JSON 返回：订单A8，金额28元，日期2026-09-01。 要求包含5个要点，控制在123字以内。,Model10,0.9475,1288.56,9.8926
为什么编译优化在实际系统中重要？请用通俗语言回答。 要求包含2个要点，控制在140字以内。,Model1,0.8354,661.03,1.4114
为什么编译优化在实际系统中重要？请用通俗语言回答。 要求包含2个要点，控制在140字以内。,Model2,0.8498,801.59,1.6421
为什么编译优化在实际系统中重要？请用通俗语言回答。 要求包含2个要点，控制在140字以内。,Model3,0.8340,877.19,2.2764
为什么编译优化在实际系统中重要？请用通俗语言回答。 要求包含2个要点，控制在140字以内。,Model4,0.8555,912.15,2.5135
为什么编译优化在实际系统中重要？请用通俗语言回答。 要求包含2个要点，控制在140字以内。,Model5,0.8913,959.35,3.3463
为什么编译优化在实际系统中重要？请用通俗语言回答。 要求包含2个要点，控制在140字以内。,Model6,0.8847,1078.52,3.9575
为什么编译优化在实际系统中重要？请用通俗语言回答。 要求包含2个要点，控制在140字以内。,Model7,0.9024,1198.98,5.1644
为什么编译优化在实际系统中重要？请用通俗语言回答。 要求包含2个要点，控制在140字以内。,Model8,0.9092,1350.14,6.2080
为什么编译优化在实际系统中重要？请用通俗语言回答。 要求包含2个要点，控制在140字以内。,Model9,0.9183,1547.41,7.9136
为什么编译优化在实际系统中重要？请用通俗语言回答。 要求包含2个要点，控制在140字以内。,Model10,0.9294,1649.02,10.0430
求解方程 9x + 41 = 30，写出计算过程。 要求包含3个要点，控制在157字以内。,Model1,0.4769,817.53,1.6297
求解方程 9x + 41 = 30，写出计算过程。 要求包含3个要点，控制在157字以内。,Model2,0.5385,938.70,2.0196
求解方程 9x + 41 = 30，写出计算过程。 要求包含3个要点，控制在157字以内。,Model3,0.5703,1022.69,2.5105
求解方程 9x + 41 = 30，写出计算过程。 要求包含3个要点，控制在157字以内。,Model4,0.8149,1170.51,3.1786
求解方程 9x + 41 = 30，写出计算过程。 要求包含3个要点，控制在157字以内。,Model5,0.7586,1298.93,3.7620
求解方程 9x + 41 = 30，写出计算过程。 要求包含3个要点，控制在157字以内。,Model6,0.8008,1344.81,4.9467
求解方程 9x + 41 = 30，写出计算过程。 要求包含3个要点，控制在157字以内。,Model7,0.8570,1256.60,6.1152
求解方程 9x + 41 = 30，写出计算过程。 要求包含3个要点，控制在157字以内。,Model8,0.8183,1510.46,7.3616
求解方程 9x + 41 = 30，写出计算过程。 要求包含3个要点，控制在157字以内。,Model9,0.8519,1646.87,9.3865
求解方程 9x + 41 = 30，写出计算过程。 要求包含3个要点，控制在157字以内。,Model10,0.8757,1864.23,11.8509
修复这段伪代码中的边界错误，并说明时间复杂度。 要求包含4个要点，控制在174字以内。,Model1,0.6504,680.03,1.2857
修复这段伪代码中的边界错误，并说明时间复杂度。 要求包含4个要点，控制在174字以内。,Model2,0.6758,789.47,1.5210
修复这段伪代码中的边界错误，并说明时间复杂度。 要求包含4个要点，控制在174字以内。,Model3,0.8981,827.80,2.0305
修复这段伪代码中的边界错误，并说明时间复杂度。 要求包含4个要点，控制在174字以内。,Model4,0.8339,889.41,2.5501
修复这段伪代码中的边界错误，并说明时间复杂度。 要求包含4个要点，控制在174字以内。,Model5,0.8442,933.58,2.9515
修复这段伪代码中的边界错误，并说明时间复杂度。 要求包含4个要点，控制在174字以内。,Model6,0.9153,1062.68,3.7578
修复这段伪代码中的边界错误，并说明时间复杂度。 要求包含4个要点，控制在174字以内。,Model7,0.9030,1155.04,4.8440
修复这段伪代码中的边界错误，并说明时间复杂度。 要求包含4个要点，控制在174字以内。,Model8,0.8841,1215.33,5.7649
修复这段伪代码中的边界错误，并说明时间复杂度。 要求包含4个要点，控制在174字以内。,Model9,0.9165,1291.54,7.6133
修复这段伪代码中的边界错误，并说明时间复杂度。 要求包含4个要点，控制在174字以内。,Model10,0.9304,1441.96,9.5670
总结以下会议纪要，保留结论、负责人和下一步动作。 要求包含5个要点，控制在191字以内。,Model1,0.8682,736.73,1.7076
总结以下会议纪要，保留结论、负责人和下一步动作。 要求包含5个要点，控制在191字以内。,Model2,0.8057,805.97,1.9963
总结以下会议纪要，保留结论、负责人和下一步动作。 要求包含5个要点，控制在191字以内。,Model3,0.7801,865.02,2.6419
总结以下会议纪要，保留结论、负责人和下一步动作。 要求包含5个要点，控制在191字以内。,Model4,0.7635,960.06,3.3766
总结以下会议纪要，保留结论、负责人和下一步动作。 要求包含5个要点，控制在191字以内。,Model5,0.8749,973.31,4.0386
总结以下会议纪要，保留结论、负责人和下一步动作。 要求包含5个要点，控制在191字以内。,Model6,0.8163,1168.35,4.6269
总结以下会议纪要，保留结论、负责人和下一步动作。 要求包含5个要点，控制在191字以内。,Model7,0.8454,1292.80,6.4070
总结以下会议纪要，保留结论、负责人和下一步动作。 要求包含5个要点，控制在191字以内。,Model8,0.9017,1377.06,7.8405
总结以下会议纪要，保留结论、负责人和下一步动作。 要求包含5个要点，控制在191字以内。,Model9,0.9067,1417.70,10.0351
总结以下会议纪要，保留结论、负责人和下一步动作。 要求包含5个要点，控制在191字以内。,Model10,0.9191,1552.70,13.0395
把下面句子翻译成简洁、正式的英文：模型价格变化后，路由策略应自动调整。 要求包含2个要点，控制在208字以内。,Model1,0.6859,821.96,1.9525
把下面句子翻译成简洁、正式的英文：模型价格变化后，路由策略应自动调整。 要求包含2个要点，控制在208字以内。,Model2,0.8250,896.21,2.4619
把下面句子翻译成简洁、正式的英文：模型价格变化后，路由策略应自动调整。 要求包含2个要点，控制在208字以内。,Model3,0.6748,1065.63,3.1379
把下面句子翻译成简洁、正式的英文：模型价格变化后，路由策略应自动调整。 要求包含2个要点，控制在208字以内。,Model4,0.6586,1095.70,4.1208
把下面句子翻译成简洁、正式的英文：模型价格变化后，路由策略应自动调整。 要求包含2个要点，控制在208字以内。,Model5,0.8001,1090.11,4.8117
把下面句子翻译成简洁、正式的英文：模型价格变化后，路由策略应自动调整。 要求包含2个要点，控制在208字以内。,Model6,0.7197,1306.92,5.8228
把下面句子翻译成简洁、正式的英文：模型价格变化后，路由策略应自动调整。 要求包含2个要点，控制在208字以内。,Model7,0.7583,1360.90,7.5842
把下面句子翻译成简洁、正式的英文：模型价格变化后，路由策略应自动调整。 要求包含2个要点，控制在208字以内。,Model8,0.8423,1624.72,9.6013
把下面句子翻译成简洁、正式的英文：模型价格变化后，路由策略应自动调整。 要求包含2个要点，控制在208字以内。,Model9,0.8563,1439.24,11.7521
把下面句子翻译成简洁、正式的英文：模型价格变化后，路由策略应自动调整。 要求包含2个要点，控制在208字以内。,Model10,0.8722,1903.43,15.4807
从文本中提取姓名、公司、职位三个字段，并输出 JSON：张三就职于华星科技，担任研发经理。 要求包含3个要点，控制在225字以内。,Model1,0.9045,694.72,1.5053
从文本中提取姓名、公司、职位三个字段，并输出 JSON：张三就职于华星科技，担任研发经理。 要求包含3个要点，控制在225字以内。,Model2,0.8518,696.85,1.7861
从文本中提取姓名、公司、职位三个字段，并输出 JSON：张三就职于华星科技，担任研发经理。 要求包含3个要点，控制在225字以内。,Model3,0.8987,757.49,2.4529
从文本中提取姓名、公司、职位三个字段，并输出 JSON：张三就职于华星科技，担任研发经理。 要求包含3个要点，控制在225字以内。,Model4,0.8302,835.64,2.9292
从文本中提取姓名、公司、职位三个字段，并输出 JSON：张三就职于华星科技，担任研发经理。 要求包含3个要点，控制在225字以内。,Model5,0.8877,1038.86,3.4365
从文本中提取姓名、公司、职位三个字段，并输出 JSON：张三就职于华星科技，担任研发经理。 要求包含3个要点，控制在225字以内。,Model6,0.8825,935.21,4.3177
从文本中提取姓名、公司、职位三个字段，并输出 JSON：张三就职于华星科技，担任研发经理。 要求包含3个要点，控制在225字以内。,Model7,0.8766,1054.25,5.5707
从文本中提取姓名、公司、职位三个字段，并输出 JSON：张三就职于华星科技，担任研发经理。 要求包含3个要点，控制在225字以内。,Model8,0.9120,1208.26,6.5611
从文本中提取姓名、公司、职位三个字段，并输出 JSON：张三就职于华星科技，担任研发经理。 要求包含3个要点，控制在225字以内。,Model9,0.9289,1255.37,8.7660
从文本中提取姓名、公司、职位三个字段，并输出 JSON：张三就职于华星科技，担任研发经理。 要求包含3个要点，控制在225字以内。,Model10,0.9344,1409.72,11.1525
请解释成本控制的核心原理，并给出两个应用场景。 要求包含4个要点，控制在242字以内。,Model1,0.7979,750.96,1.4947
请解释成本控制的核心原理，并给出两个应用场景。 要求包含4个要点，控制在242字以内。,Model2,0.8147,833.82,1.7534
请解释成本控制的核心原理，并给出两个应用场景。 要求包含4个要点，控制在242字以内。,Model3,0.7988,958.32,2.3488
请解释成本控制的核心原理，并给出两个应用场景。 要求包含4个要点，控制在242字以内。,Model4,0.8250,904.95,2.8950
请解释成本控制的核心原理，并给出两个应用场景。 要求包含4个要点，控制在242字以内。,Model5,0.8662,1123.63,3.5113
请解释成本控制的核心原理，并给出两个应用场景。 要求包含4个要点，控制在242字以内。,Model6,0.8548,1217.30,4.3565
请解释成本控制的核心原理，并给出两个应用场景。 要求包含4个要点，控制在242字以内。,Model7,0.8804,1292.47,5.5372
请解释成本控制的核心原理，并给出两个应用场景。 要求包含4个要点，控制在242字以内。,Model8,0.8891,1312.44,6.5225
请解释成本控制的核心原理，并给出两个应用场景。 要求包含4个要点，控制在242字以内。,Model9,0.9002,1600.94,8.1627
请解释成本控制的核心原理，并给出两个应用场景。 要求包含4个要点，控制在242字以内。,Model10,0.9080,1887.77,10.6575
"已知一组数据为 2,23,59,19，计算平均值并说明步骤。 要求包含5个要点，控制在259字以内。",Model1,0.4067,977.51,1.7030
"已知一组数据为 2,23,59,19，计算平均值并说明步骤。 要求包含5个要点，控制在259字以内。",Model2,0.4697,914.70,2.1132
"已知一组数据为 2,23,59,19，计算平均值并说明步骤。 要求包含5个要点，控制在259字以内。",Model3,0.5161,1158.58,2.6895
"已知一组数据为 2,23,59,19，计算平均值并说明步骤。 要求包含5个要点，控制在259字以内。",Model4,0.7774,1285.09,3.3218
"已知一组数据为 2,23,59,19，计算平均值并说明步骤。 要求包含5个要点，控制在259字以内。",Model5,0.7059,1325.46,4.0995
"已知一组数据为 2,23,59,19，计算平均值并说明步骤。 要求包含5个要点，控制在259字以内。",Model6,0.7575,1454.67,5.0086
"已知一组数据为 2,23,59,19，计算平均值并说明步骤。 要求包含5个要点，控制在259字以内。",Model7,0.8230,1635.60,6.4906
"已知一组数据为 2,23,59,19，计算平均值并说明步骤。 要求包含5个要点，控制在259字以内。",Model8,0.7811,1616.29,7.8123
"已知一组数据为 2,23,59,19，计算平均值并说明步骤。 要求包含5个要点，控制在259字以内。",Model9,0.8227,1832.61,10.4238
"已知一组数据为 2,23,59,19，计算平均值并说明步骤。 要求包含5个要点，控制在259字以内。",Model10,0.8453,1991.42,12.3903
用 Python 编写函数，将列表中的重复元素去除并保持原顺序。 要求包含2个要点，控制在276字以内。,Model1,0.5888,722.11,1.4886
用 Python 编写函数，将列表中的重复元素去除并保持原顺序。 要求包含2个要点，控制在276字以内。,Model2,0.6309,747.23,1.8356
用 Python 编写函数，将列表中的重复元素去除并保持原顺序。 要求包含2个要点，控制在276字以内。,Model3,0.8722,931.99,2.1436
用 Python 编写函数，将列表中的重复元素去除并保持原顺序。 要求包含2个要点，控制在276字以内。,Model4,0.7955,1032.10,2.7670
用 Python 编写函数，将列表中的重复元素去除并保持原顺序。 要求包含2个要点，控制在276字以内。,Model5,0.8109,982.59,3.3336
用 Python 编写函数，将列表中的重复元素去除并保持原顺序。 要求包含2个要点，控制在276字以内。,Model6,0.8932,1147.47,4.2590
用 Python 编写函数，将列表中的重复元素去除并保持原顺序。 要求包含2个要点，控制在276字以内。,Model7,0.8803,1179.61,5.3348
用 Python 编写函数，将列表中的重复元素去除并保持原顺序。 要求包含2个要点，控制在276字以内。,Model8,0.8557,1303.78,6.4738
用 Python 编写函数，将列表中的重复元素去除并保持原顺序。 要求包含2个要点，控制在276字以内。,Model9,0.9003,1419.21,8.2918
用 Python 编写函数，将列表中的重复元素去除并保持原顺序。 要求包含2个要点，控制在276字以内。,Model10,0.9146,1519.26,11.0967
总结以下会议纪要，保留结论、负责人和下一步动作。 要求包含3个要点，控制在293字以内。,Model1,0.8383,758.13,1.7628
总结以下会议纪要，保留结论、负责人和下一步动作。 要求包含3个要点，控制在293字以内。,Model2,0.7726,908.18,2.1793
总结以下会议纪要，保留结论、负责人和下一步动作。 要求包含3个要点，控制在293字以内。,Model3,0.7476,1021.15,2.8661
总结以下会议纪要，保留结论、负责人和下一步动作。 要求包含3个要点，控制在293字以内。,Model4,0.7238,1146.95,3.5138
总结以下会议纪要，保留结论、负责人和下一步动作。 要求包含3个要点，控制在293字以内。,Model5,0.8420,1091.72,4.1426
总结以下会议纪要，保留结论、负责人和下一步动作。 要求包含3个要点，控制在293字以内。,Model6,0.7757,1366.94,5.2703
总结以下会议纪要，保留结论、负责人和下一步动作。 要求包含3个要点，控制在293字以内。,Model7,0.8141,1438.28,6.5951
总结以下会议纪要，保留结论、负责人和下一步动作。 要求包含3个要点，控制在293字以内。,Model8,0.8697,1457.60,8.3786
总结以下会议纪要，保留结论、负责人和下一步动作。 要求包含3个要点，控制在293字以内。,Model9,0.8916,1729.29,10.7120
总结以下会议纪要，保留结论、负责人和下一步动作。 要求包含3个要点，控制在293字以内。,Model10,0.8995,1836.74,13.2612
"Translate into Chinese: The router predicts quality, cost and latency for every candidate model. 要求包含4个要点，控制在90字以内。",Model1,0.8327,643.47,1.5610
"Translate into Chinese: The router predicts quality, cost and latency for every candidate model. 要求包含4个要点，控制在90字以内。",Model2,0.9203,713.74,1.9244
"Translate into Chinese: The router predicts quality, cost and latency for every candidate model. 要求包含4个要点，控制在90字以内。",Model3,0.8349,732.52,2.4177
"Translate into Chinese: The router predicts quality, cost and latency for every candidate model. 要求包含4个要点，控制在90字以内。",Model4,0.8228,805.89,3.1165
"Translate into Chinese: The router predicts quality, cost and latency for every candidate model. 要求包含4个要点，控制在90字以内。",Model5,0.9079,809.40,3.7199
"Translate into Chinese: The router predicts quality, cost and latency for every candidate model. 要求包含4个要点，控制在90字以内。",Model6,0.8571,1066.34,4.5581
"Translate into Chinese: The router predicts quality, cost and latency for every candidate model. 要求包含4个要点，控制在90字以内。",Model7,0.8821,1056.53,6.0832
"Translate into Chinese: The router predicts quality, cost and latency for every candidate model. 要求包含4个要点，控制在90字以内。",Model8,0.9284,1092.93,7.5931
"Translate into Chinese: The router predicts quality, cost and latency for every candidate model. 要求包含4个要点，控制在90字以内。",Model9,0.9369,1313.48,9.2744
"Translate into Chinese: The router predicts quality, cost and latency for every candidate model. 要求包含4个要点，控制在90字以内。",Model10,0.9391,1508.12,11.7265
从文本中提取姓名、公司、职位三个字段，并输出 JSON：张三就职于华星科技，担任研发经理。 要求包含5个要点，控制在107字以内。,Model1,0.8737,681.69,1.6418
从文本中提取姓名、公司、职位三个字段，并输出 JSON：张三就职于华星科技，担任研发经理。 要求包含5个要点，控制在107字以内。,Model2,0.8187,794.20,1.8776
从文本中提取姓名、公司、职位三个字段，并输出 JSON：张三就职于华星科技，担任研发经理。 要求包含5个要点，控制在107字以内。,Model3,0.8811,842.50,2.5907
从文本中提取姓名、公司、职位三个字段，并输出 JSON：张三就职于华星科技，担任研发经理。 要求包含5个要点，控制在107字以内。,Model4,0.7925,1027.39,3.0592
从文本中提取姓名、公司、职位三个字段，并输出 JSON：张三就职于华星科技，担任研发经理。 要求包含5个要点，控制在107字以内。,Model5,0.8609,995.56,3.7153
从文本中提取姓名、公司、职位三个字段，并输出 JSON：张三就职于华星科技，担任研发经理。 要求包含5个要点，控制在107字以内。,Model6,0.8626,1068.47,4.8345
从文本中提取姓名、公司、职位三个字段，并输出 JSON：张三就职于华星科技，担任研发经理。 要求包含5个要点，控制在107字以内。,Model7,0.8525,1229.05,6.0663
从文本中提取姓名、公司、职位三个字段，并输出 JSON：张三就职于华星科技，担任研发经理。 要求包含5个要点，控制在107字以内。,Model8,0.8935,1234.69,7.2730
从文本中提取姓名、公司、职位三个字段，并输出 JSON：张三就职于华星科技，担任研发经理。 要求包含5个要点，控制在107字以内。,Model9,0.9102,1509.03,9.5441
从文本中提取姓名、公司、职位三个字段，并输出 JSON：张三就职于华星科技，担任研发经理。 要求包含5个要点，控制在107字以内。,Model10,0.9141,1382.12,11.9790
请解释请求调度的核心原理，并给出两个应用场景。 要求包含2个要点，控制在124字以内。,Model1,0.7465,806.80,1.5023
请解释请求调度的核心原理，并给出两个应用场景。 要求包含2个要点，控制在124字以内。,Model2,0.7809,938.05,1.9030
请解释请求调度的核心原理，并给出两个应用场景。 要求包含2个要点，控制在124字以内。,Model3,0.7511,1016.47,2.4726
请解释请求调度的核心原理，并给出两个应用场景。 要求包含2个要点，控制在124字以内。,Model4,0.7891,1102.27,3.0737
请解释请求调度的核心原理，并给出两个应用场景。 要求包含2个要点，控制在124字以内。,Model5,0.8324,1168.86,3.9024
请解释请求调度的核心原理，并给出两个应用场景。 要求包含2个要点，控制在124字以内。,Model6,0.8248,1272.64,4.6669
请解释请求调度的核心原理，并给出两个应用场景。 要求包含2个要点，控制在124字以内。,Model7,0.8469,1470.91,6.1058
请解释请求调度的核心原理，并给出两个应用场景。 要求包含2个要点，控制在124字以内。,Model8,0.8689,1598.66,7.2112
请解释请求调度的核心原理，并给出两个应用场景。 要求包含2个要点，控制在124字以内。,Model9,0.8772,1788.67,8.8914
请解释请求调度的核心原理，并给出两个应用场景。 要求包含2个要点，控制在124字以内。,Model10,0.8856,1763.88,11.5074
"已知一组数据为 8,27,80,8，计算平均值并说明步骤。 要求包含3个要点，控制在141字以内。",Model1,0.6245,647.55,1.3619
"已知一组数据为 8,27,80,8，计算平均值并说明步骤。 要求包含3个要点，控制在141字以内。",Model2,0.6774,807.87,1.6269
"已知一组数据为 8,27,80,8，计算平均值并说明步骤。 要求包含3个要点，控制在141字以内。",Model3,0.7224,926.96,2.0346
"已知一组数据为 8,27,80,8，计算平均值并说明步骤。 要求包含3个要点，控制在141字以内。",Model4,0.8934,952.01,2.6533
"已知一组数据为 8,27,80,8，计算平均值并说明步骤。 要求包含3个要点，控制在141字以内。",Model5,0.8581,968.77,3.1072
"已知一组数据为 8,27,80,8，计算平均值并说明步骤。 要求包含3个要点，控制在141字以内。",Model6,0.8740,1078.85,3.9011
"已知一组数据为 8,27,80,8，计算平均值并说明步骤。 要求包含3个要点，控制在141字以内。",Model7,0.9147,1156.31,4.7193
"已知一组数据为 8,27,80,8，计算平均值并说明步骤。 要求包含3个要点，控制在141字以内。",Model8,0.8900,1251.82,5.8729
"已知一组数据为 8,27,80,8，计算平均值并说明步骤。 要求包含3个要点，控制在141字以内。",Model9,0.9143,1455.38,7.4931
"已知一组数据为 8,27,80,8，计算平均值并说明步骤。 要求包含3个要点，控制在141字以内。",Model10,0.9270,1574.02,9.8720
用 Python 编写函数，将列表中的重复元素去除并保持原顺序。 要求包含4个要点，控制在158字以内。,Model1,0.5348,870.39,1.5095
用 Python 编写函数，将列表中的重复元素去除并保持原顺序。 要求包含4个要点，控制在158字以内。,Model2,0.5637,882.32,1.9938
用 Python 编写函数，将列表中的重复元素去除并保持原顺序。 要求包含4个要点，控制在158字以内。,Model3,0.8449,1031.17,2.4660
用 Python 编写函数，将列表中的重复元素去除并保持原顺序。 要求包含4个要点，控制在158字以内。,Model4,0.7412,1047.37,3.0210
用 Python 编写函数，将列表中的重复元素去除并保持原顺序。 要求包含4个要点，控制在158字以内。,Model5,0.7687,1148.31,3.6025
用 Python 编写函数，将列表中的重复元素去除并保持原顺序。 要求包含4个要点，控制在158字以内。,Model6,0.8716,1127.78,4.6251
用 Python 编写函数，将列表中的重复元素去除并保持原顺序。 要求包含4个要点，控制在158字以内。,Model7,0.8539,1385.14,5.8276
用 Python 编写函数，将列表中的重复元素去除并保持原顺序。 要求包含4个要点，控制在158字以内。,Model8,0.8234,1411.28,7.1734
用 Python 编写函数，将列表中的重复元素去除并保持原顺序。 要求包含4个要点，控制在158字以内。,Model9,0.8725,1518.37,8.8086
用 Python 编写函数，将列表中的重复元素去除并保持原顺序。 要求包含4个要点，控制在158字以内。,Model10,0.8946,1755.66,11.2349
将这段技术说明概括为不超过120字的摘要。 要求包含5个要点，控制在175字以内。,Model1,0.8025,956.16,1.9979
将这段技术说明概括为不超过120字的摘要。 要求包含5个要点，控制在175字以内。,Model2,0.7257,939.58,2.2610
将这段技术说明概括为不超过120字的摘要。 要求包含5个要点，控制在175字以内。,Model3,0.6956,1026.31,2.8988
将这段技术说明概括为不超过120字的摘要。 要求包含5个要点，控制在175字以内。,Model4,0.6708,1161.26,3.5738
将这段技术说明概括为不超过120字的摘要。 要求包含5个要点，控制在175字以内。,Model5,0.8068,1165.13,4.6388
将这段技术说明概括为不超过120字的摘要。 要求包含5个要点，控制在175字以内。,Model6,0.7290,1281.57,5.7882
将这段技术说明概括为不超过120字的摘要。 要求包含5个要点，控制在175字以内。,Model7,0.7713,1619.27,7.1114
将这段技术说明概括为不超过120字的摘要。 要求包含5个要点，控制在175字以内。,Model8,0.8473,1821.82,8.8795
将这段技术说明概括为不超过120字的摘要。 要求包含5个要点，控制在175字以内。,Model9,0.8612,1765.06,11.4547
将这段技术说明概括为不超过120字的摘要。 要求包含5个要点，控制在175字以内。,Model10,0.8763,2021.23,14.2150
将下面中文翻译成英文：系统应先满足质量阈值，再选择成本最低的模型。 要求包含2个要点，控制在192字以内。,Model1,0.7977,744.81,1.8121
将下面中文翻译成英文：系统应先满足质量阈值，再选择成本最低的模型。 要求包含2个要点，控制在192字以内。,Model2,0.8973,765.08,2.0562
将下面中文翻译成英文：系统应先满足质量阈值，再选择成本最低的模型。 要求包含2个要点，控制在192字以内。,Model3,0.8029,795.16,2.6361
将下面中文翻译成英文：系统应先满足质量阈值，再选择成本最低的模型。 要求包含2个要点，控制在192字以内。,Model4,0.7708,898.29,3.4596
将下面中文翻译成英文：系统应先满足质量阈值，再选择成本最低的模型。 要求包含2个要点，控制在192字以内。,Model5,0.8897,1023.05,3.9889
将下面中文翻译成英文：系统应先满足质量阈值，再选择成本最低的模型。 要求包含2个要点，控制在192字以内。,Model6,0.8285,979.69,5.0555
将下面中文翻译成英文：系统应先满足质量阈值，再选择成本最低的模型。 要求包含2个要点，控制在192字以内。,Model7,0.8552,1119.61,6.4137
将下面中文翻译成英文：系统应先满足质量阈值，再选择成本最低的模型。 要求包含2个要点，控制在192字以内。,Model8,0.9084,1330.24,7.9816
将下面中文翻译成英文：系统应先满足质量阈值，再选择成本最低的模型。 要求包含2个要点，控制在192字以内。,Model9,0.9210,1425.55,9.9501
将下面中文翻译成英文：系统应先满足质量阈值，再选择成本最低的模型。 要求包含2个要点，控制在192字以内。,Model10,0.9269,1672.40,12.8810
从订单描述中抽取订单号、金额、日期，并按 JSON 返回：订单A2，金额57元，日期2026-09-03。 要求包含3个要点，控制在209字以内。,Model1,0.8514,758.48,1.7412
从订单描述中抽取订单号、金额、日期，并按 JSON 返回：订单A2，金额57元，日期2026-09-03。 要求包含3个要点，控制在209字以内。,Model2,0.7905,780.25,2.0296
从订单描述中抽取订单号、金额、日期，并按 JSON 返回：订单A2，金额57元，日期2026-09-03。 要求包含3个要点，控制在209字以内。,Model3,0.8389,923.20,2.6445
从订单描述中抽取订单号、金额、日期，并按 JSON 返回：订单A2，金额57元，日期2026-09-03。 要求包含3个要点，控制在209字以内。,Model4,0.7450,1056.67,3.1811
从订单描述中抽取订单号、金额、日期，并按 JSON 返回：订单A2，金额57元，日期2026-09-03。 要求包含3个要点，控制在209字以内。,Model5,0.8304,1167.77,3.9356
从订单描述中抽取订单号、金额、日期，并按 JSON 返回：订单A2，金额57元，日期2026-09-03。 要求包含3个要点，控制在209字以内。,Model6,0.8301,1241.28,5.0010
从订单描述中抽取订单号、金额、日期，并按 JSON 返回：订单A2，金额57元，日期2026-09-03。 要求包含3个要点，控制在209字以内。,Model7,0.8241,1255.69,6.3358
从订单描述中抽取订单号、金额、日期，并按 JSON 返回：订单A2，金额57元，日期2026-09-03。 要求包含3个要点，控制在209字以内。,Model8,0.8623,1513.50,7.6897
从订单描述中抽取订单号、金额、日期，并按 JSON 返回：订单A2，金额57元，日期2026-09-03。 要求包含3个要点，控制在209字以内。,Model9,0.8835,1644.99,9.7828
从订单描述中抽取订单号、金额、日期，并按 JSON 返回：订单A2，金额57元，日期2026-09-03。 要求包含3个要点，控制在209字以内。,Model10,0.8958,1849.93,12.3420
比较成本控制与数据库索引的主要区别，并给出适用条件。 要求包含4个要点，控制在226字以内。,Model1,0.8796,585.44,1.2282
比较成本控制与数据库索引的主要区别，并给出适用条件。 要求包含4个要点，控制在226字以内。,Model2,0.8875,660.34,1.4910
比较成本控制与数据库索引的主要区别，并给出适用条件。 要求包含4个要点，控制在226字以内。,Model3,0.8814,714.72,1.9401
比较成本控制与数据库索引的主要区别，并给出适用条件。 要求包含4个要点，控制在226字以内。,Model4,0.8998,853.34,2.4399
比较成本控制与数据库索引的主要区别，并给出适用条件。 要求包含4个要点，控制在226字以内。,Model5,0.9213,872.85,2.7006
比较成本控制与数据库索引的主要区别，并给出适用条件。 要求包含4个要点，控制在226字以内。,Model6,0.9180,940.11,3.3972
比较成本控制与数据库索引的主要区别，并给出适用条件。 要求包含4个要点，控制在226字以内。,Model7,0.9306,986.63,4.2988
比较成本控制与数据库索引的主要区别，并给出适用条件。 要求包含4个要点，控制在226字以内。,Model8,0.9404,1006.92,5.6330
比较成本控制与数据库索引的主要区别，并给出适用条件。 要求包含4个要点，控制在226字以内。,Model9,0.9447,1189.91,6.9356
比较成本控制与数据库索引的主要区别，并给出适用条件。 要求包含4个要点，控制在226字以内。,Model10,0.9505,1367.94,8.6686
一个项目成功概率为0.7，连续两次至少成功一次的概率是多少？ 要求包含5个要点，控制在243字以内。,Model1,0.5745,768.76,1.5379
一个项目成功概率为0.7，连续两次至少成功一次的概率是多少？ 要求包含5个要点，控制在243字以内。,Model2,0.6243,933.36,1.7575
一个项目成功概率为0.7，连续两次至少成功一次的概率是多少？ 要求包含5个要点，控制在243字以内。,Model3,0.6737,928.61,2.2948
一个项目成功概率为0.7，连续两次至少成功一次的概率是多少？ 要求包含5个要点，控制在243字以内。,Model4,0.8673,995.46,2.8921
一个项目成功概率为0.7，连续两次至少成功一次的概率是多少？ 要求包含5个要点，控制在243字以内。,Model5,0.8229,1007.69,3.4598
一个项目成功概率为0.7，连续两次至少成功一次的概率是多少？ 要求包含5个要点，控制在243字以内。,Model6,0.8518,1024.74,4.4559
一个项目成功概率为0.7，连续两次至少成功一次的概率是多少？ 要求包含5个要点，控制在243字以内。,Model7,0.8963,1332.98,5.4704
一个项目成功概率为0.7，连续两次至少成功一次的概率是多少？ 要求包含5个要点，控制在243字以内。,Model8,0.8715,1409.40,6.8292
一个项目成功概率为0.7，连续两次至少成功一次的概率是多少？ 要求包含5个要点，控制在243字以内。,Model9,0.8960,1474.65,8.8637
一个项目成功概率为0.7，连续两次至少成功一次的概率是多少？ 要求包含5个要点，控制在243字以内。,Model10,0.9122,1784.09,10.6438
分析下面 SQL 的性能问题并给出索引建议：SELECT * FROM orders WHERE user_id=7 ORDER BY created_at DESC; 要求包含2个要点，控制在260字以内。,Model1,0.4625,862.20,1.7600
分析下面 SQL 的性能问题并给出索引建议：SELECT * FROM orders WHERE user_id=7 ORDER BY created_at DESC; 要求包含2个要点，控制在260字以内。,Model2,0.5061,907.16,2.2796
分析下面 SQL 的性能问题并给出索引建议：SELECT * FROM orders WHERE user_id=7 ORDER BY created_at DESC; 要求包含2个要点，控制在260字以内。,Model3,0.8145,1031.24,2.7549
分析下面 SQL 的性能问题并给出索引建议：SELECT * FROM orders WHERE user_id=7 ORDER BY created_at DESC; 要求包含2个要点，控制在260字以内。,Model4,0.7070,1193.68,3.3958
分析下面 SQL 的性能问题并给出索引建议：SELECT * FROM orders WHERE user_id=7 ORDER BY created_at DESC; 要求包含2个要点，控制在260字以内。,Model5,0.7257,1137.01,4.1765
分析下面 SQL 的性能问题并给出索引建议：SELECT * FROM orders WHERE user_id=7 ORDER BY created_at DESC; 要求包含2个要点，控制在260字以内。,Model6,0.8371,1351.72,5.2492
分析下面 SQL 的性能问题并给出索引建议：SELECT * FROM orders WHERE user_id=7 ORDER BY created_at DESC; 要求包含2个要点，控制在260字以内。,Model7,0.8217,1382.20,6.6123
分析下面 SQL 的性能问题并给出索引建议：SELECT * FROM orders WHERE user_id=7 ORDER BY created_at DESC; 要求包含2个要点，控制在260字以内。,Model8,0.7795,1558.00,7.9623
分析下面 SQL 的性能问题并给出索引建议：SELECT * FROM orders WHERE user_id=7 ORDER BY created_at DESC; 要求包含2个要点，控制在260字以内。,Model9,0.8478,1522.26,10.5070
分析下面 SQL 的性能问题并给出索引建议：SELECT * FROM orders WHERE user_id=7 ORDER BY created_at DESC; 要求包含2个要点，控制在260字以内。,Model10,0.8667,2120.45,12.9219
将这段技术说明概括为不超过120字的摘要。 要求包含3个要点，控制在277字以内。,Model1,0.9052,589.40,1.5805
将这段技术说明概括为不超过120字的摘要。 要求包含3个要点，控制在277字以内。,Model2,0.8606,753.46,1.8827
将这段技术说明概括为不超过120字的摘要。 要求包含3个要点，控制在277字以内。,Model3,0.8429,722.31,2.3072
将这段技术说明概括为不超过120字的摘要。 要求包含3个要点，控制在277字以内。,Model4,0.8246,802.12,2.9962
将这段技术说明概括为不超过120字的摘要。 要求包含3个要点，控制在277字以内。,Model5,0.9113,882.13,3.6389
将这段技术说明概括为不超过120字的摘要。 要求包含3个要点，控制在277字以内。,Model6,0.8661,1069.87,4.4200
将这段技术说明概括为不超过120字的摘要。 要求包含3个要点，控制在277字以内。,Model7,0.8918,1078.28,5.6101
将这段技术说明概括为不超过120字的摘要。 要求包含3个要点，控制在277字以内。,Model8,0.9286,1215.89,6.9491
将这段技术说明概括为不超过120字的摘要。 要求包含3个要点，控制在277字以内。,Model9,0.9334,1323.50,8.9780
将这段技术说明概括为不超过120字的摘要。 要求包含3个要点，控制在277字以内。,Model10,0.9431,1523.60,11.4310
把下面句子翻译成简洁、正式的英文：模型价格变化后，路由策略应自动调整。 要求包含4个要点，控制在294字以内。,Model1,0.7497,741.40,1.8261
把下面句子翻译成简洁、正式的英文：模型价格变化后，路由策略应自动调整。 要求包含4个要点，控制在294字以内。,Model2,0.8685,764.41,2.2340
把下面句子翻译成简洁、正式的英文：模型价格变化后，路由策略应自动调整。 要求包含4个要点，控制在294字以内。,Model3,0.7616,914.85,2.8339
把下面句子翻译成简洁、正式的英文：模型价格变化后，路由策略应自动调整。 要求包含4个要点，控制在294字以内。,Model4,0.7343,944.82,3.5320
把下面句子翻译成简洁、正式的英文：模型价格变化后，路由策略应自动调整。 要求包含4个要点，控制在294字以内。,Model5,0.8603,1055.96,4.5462
把下面句子翻译成简洁、正式的英文：模型价格变化后，路由策略应自动调整。 要求包含4个要点，控制在294字以内。,Model6,0.7907,1103.28,5.3374
把下面句子翻译成简洁、正式的英文：模型价格变化后，路由策略应自动调整。 要求包含4个要点，控制在294字以内。,Model7,0.8191,1195.71,7.1008
把下面句子翻译成简洁、正式的英文：模型价格变化后，路由策略应自动调整。 要求包含4个要点，控制在294字以内。,Model8,0.8903,1251.94,8.4862
把下面句子翻译成简洁、正式的英文：模型价格变化后，路由策略应自动调整。 要求包含4个要点，控制在294字以内。,Model9,0.8941,1698.40,10.8317
把下面句子翻译成简洁、正式的英文：模型价格变化后，路由策略应自动调整。 要求包含4个要点，控制在294字以内。,Model10,0.9068,1637.02,12.8029
从文本中提取姓名、公司、职位三个字段，并输出 JSON：张三就职于华星科技，担任研发经理。 要求包含5个要点，控制在91字以内。,Model1,0.8146,846.47,1.8643
从文本中提取姓名、公司、职位三个字段，并输出 JSON：张三就职于华星科技，担任研发经理。 要求包含5个要点，控制在91字以内。,Model2,0.7411,869.30,2.2195
从文本中提取姓名、公司、职位三个字段，并输出 JSON：张三就职于华星科技，担任研发经理。 要求包含5个要点，控制在91字以内。,Model3,0.8075,958.07,2.8701
从文本中提取姓名、公司、职位三个字段，并输出 JSON：张三就职于华星科技，担任研发经理。 要求包含5个要点，控制在91字以内。,Model4,0.6853,1077.59,3.7098
从文本中提取姓名、公司、职位三个字段，并输出 JSON：张三就职于华星科技，担任研发经理。 要求包含5个要点，控制在91字以内。,Model5,0.7924,1192.23,4.2113
从文本中提取姓名、公司、职位三个字段，并输出 JSON：张三就职于华星科技，担任研发经理。 要求包含5个要点，控制在91字以内。,Model6,0.7839,1260.37,5.2492
从文本中提取姓名、公司、职位三个字段，并输出 JSON：张三就职于华星科技，担任研发经理。 要求包含5个要点，控制在91字以内。,Model7,0.7806,1446.88,6.9290
从文本中提取姓名、公司、职位三个字段，并输出 JSON：张三就职于华星科技，担任研发经理。 要求包含5个要点，控制在91字以内。,Model8,0.8326,1747.78,8.1242
从文本中提取姓名、公司、职位三个字段，并输出 JSON：张三就职于华星科技，担任研发经理。 要求包含5个要点，控制在91字以内。,Model9,0.8584,1604.07,10.4611
从文本中提取姓名、公司、职位三个字段，并输出 JSON：张三就职于华星科技，担任研发经理。 要求包含5个要点，控制在91字以内。,Model10,0.8719,1798.46,12.7342
为什么成本控制在实际系统中重要？请用通俗语言回答。 要求包含2个要点，控制在108字以内。,Model1,0.8483,641.32,1.3062
为什么成本控制在实际系统中重要？请用通俗语言回答。 要求包含2个要点，控制在108字以内。,Model2,0.8681,714.42,1.5835
为什么成本控制在实际系统中重要？请用通俗语言回答。 要求包含2个要点，控制在108字以内。,Model3,0.8508,795.22,1.9991
为什么成本控制在实际系统中重要？请用通俗语言回答。 要求包含2个要点，控制在108字以内。,Model4,0.8762,889.50,2.5119
为什么成本控制在实际系统中重要？请用通俗语言回答。 要求包含2个要点，控制在108字以内。,Model5,0.9032,999.68,3.1850
为什么成本控制在实际系统中重要？请用通俗语言回答。 要求包含2个要点，控制在108字以内。,Model6,0.8972,992.86,4.0582
为什么成本控制在实际系统中重要？请用通俗语言回答。 要求包含2个要点，控制在108字以内。,Model7,0.9116,1140.20,5.0122
为什么成本控制在实际系统中重要？请用通俗语言回答。 要求包含2个要点，控制在108字以内。,Model8,0.9242,1249.35,6.0068
为什么成本控制在实际系统中重要？请用通俗语言回答。 要求包含2个要点，控制在108字以内。,Model9,0.9300,1356.39,7.4594
为什么成本控制在实际系统中重要？请用通俗语言回答。 要求包含2个要点，控制在108字以内。,Model10,0.9381,1457.50,9.3947
"已知一组数据为 4,50,88,12，计算平均值并说明步骤。 要求包含3个要点，控制在125字以内。",Model1,0.5137,805.32,1.5718
"已知一组数据为 4,50,88,12，计算平均值并说明步骤。 要求包含3个要点，控制在125字以内。",Model2,0.5626,882.99,1.8700
"已知一组数据为 4,50,88,12，计算平均值并说明步骤。 要求包含3个要点，控制在125字以内。",Model3,0.6085,988.15,2.4006
"已知一组数据为 4,50,88,12，计算平均值并说明步骤。 要求包含3个要点，控制在125字以内。",Model4,0.8410,1075.58,3.0460
"已知一组数据为 4,50,88,12，计算平均值并说明步骤。 要求包含3个要点，控制在125字以内。",Model5,0.7783,1100.57,3.6108
"已知一组数据为 4,50,88,12，计算平均值并说明步骤。 要求包含3个要点，控制在125字以内。",Model6,0.8067,1276.56,4.5175
"已知一组数据为 4,50,88,12，计算平均值并说明步骤。 要求包含3个要点，控制在125字以内。",Model7,0.8708,1414.45,5.6639
"已知一组数据为 4,50,88,12，计算平均值并说明步骤。 要求包含3个要点，控制在125字以内。",Model8,0.8396,1447.31,7.2472
"已知一组数据为 4,50,88,12，计算平均值并说明步骤。 要求包含3个要点，控制在125字以内。",Model9,0.8687,1531.17,9.1304
"已知一组数据为 4,50,88,12，计算平均值并说明步骤。 要求包含3个要点，控制在125字以内。",Model10,0.8941,1944.37,10.9796
分析下面 SQL 的性能问题并给出索引建议：SELECT * FROM orders WHERE user_id=4 ORDER BY created_at DESC; 要求包含4个要点，控制在142字以内。,Model1,0.6766,568.70,1.4574
分析下面 SQL 的性能问题并给出索引建议：SELECT * FROM orders WHERE user_id=4 ORDER BY created_at DESC; 要求包含4个要点，控制在142字以内。,Model2,0.7085,655.75,1.7124
分析下面 SQL 的性能问题并给出索引建议：SELECT * FROM orders WHERE user_id=4 ORDER BY created_at DESC; 要求包含4个要点，控制在142字以内。,Model3,0.9121,748.40,2.3756
分析下面 SQL 的性能问题并给出索引建议：SELECT * FROM orders WHERE user_id=4 ORDER BY created_at DESC; 要求包含4个要点，控制在142字以内。,Model4,0.8502,783.17,2.6451
分析下面 SQL 的性能问题并给出索引建议：SELECT * FROM orders WHERE user_id=4 ORDER BY created_at DESC; 要求包含4个要点，控制在142字以内。,Model5,0.8633,816.69,3.1431
分析下面 SQL 的性能问题并给出索引建议：SELECT * FROM orders WHERE user_id=4 ORDER BY created_at DESC; 要求包含4个要点，控制在142字以内。,Model6,0.9232,883.79,4.1055
分析下面 SQL 的性能问题并给出索引建议：SELECT * FROM orders WHERE user_id=4 ORDER BY created_at DESC; 要求包含4个要点，控制在142字以内。,Model7,0.9164,1074.19,5.4291
分析下面 SQL 的性能问题并给出索引建议：SELECT * FROM orders WHERE user_id=4 ORDER BY created_at DESC; 要求包含4个要点，控制在142字以内。,Model8,0.8993,1147.80,6.4792
分析下面 SQL 的性能问题并给出索引建议：SELECT * FROM orders WHERE user_id=4 ORDER BY created_at DESC; 要求包含4个要点，控制在142字以内。,Model9,0.9276,1257.14,8.1221
分析下面 SQL 的性能问题并给出索引建议：SELECT * FROM orders WHERE user_id=4 ORDER BY created_at DESC; 要求包含4个要点，控制在142字以内。,Model10,0.9396,1377.81,10.1516
将这段技术说明概括为不超过120字的摘要。 要求包含5个要点，控制在159字以内。,Model1,0.8856,722.81,1.6311
将这段技术说明概括为不超过120字的摘要。 要求包含5个要点，控制在159字以内。,Model2,0.8326,756.15,1.9590
将这段技术说明概括为不超过120字的摘要。 要求包含5个要点，控制在159字以内。,Model3,0.8040,836.01,2.5176
将这段技术说明概括为不超过120字的摘要。 要求包含5个要点，控制在159字以内。,Model4,0.8040,968.56,3.1564
将这段技术说明概括为不超过120字的摘要。 要求包含5个要点，控制在159字以内。,Model5,0.8883,1043.49,3.7752
将这段技术说明概括为不超过120字的摘要。 要求包含5个要点，控制在159字以内。,Model6,0.8325,1071.35,4.9787
将这段技术说明概括为不超过120字的摘要。 要求包含5个要点，控制在159字以内。,Model7,0.8706,1143.20,6.3617
将这段技术说明概括为不超过120字的摘要。 要求包含5个要点，控制在159字以内。,Model8,0.9097,1261.20,7.4835
将这段技术说明概括为不超过120字的摘要。 要求包含5个要点，控制在159字以内。,Model9,0.9197,1430.75,9.6789
将这段技术说明概括为不超过120字的摘要。 要求包含5个要点，控制在159字以内。,Model10,0.9275,1454.79,11.5458
"Translate into Chinese: The router predicts quality, cost and latency for every candidate model. 要求包含2个要点，控制在176字以内。",Model1,0.7030,790.31,1.9516
"Translate into Chinese: The router predicts quality, cost and latency for every candidate model. 要求包含2个要点，控制在176字以内。",Model2,0.8438,895.57,2.3321
"Translate into Chinese: The router predicts quality, cost and latency for every candidate model. 要求包含2个要点，控制在176字以内。",Model3,0.7091,966.37,3.1656
"Translate into Chinese: The router predicts quality, cost and latency for every candidate model. 要求包含2个要点，控制在176字以内。",Model4,0.6745,982.81,3.8120
"Translate into Chinese: The router predicts quality, cost and latency for every candidate model. 要求包含2个要点，控制在176字以内。",Model5,0.8247,1117.13,4.4503
"Translate into Chinese: The router predicts quality, cost and latency for every candidate model. 要求包含2个要点，控制在176字以内。",Model6,0.7435,1207.72,5.6482
"Translate into Chinese: The router predicts quality, cost and latency for every candidate model. 要求包含2个要点，控制在176字以内。",Model7,0.7811,1338.08,7.3587
"Translate into Chinese: The router predicts quality, cost and latency for every candidate model. 要求包含2个要点，控制在176字以内。",Model8,0.8651,1574.66,8.9962
"Translate into Chinese: The router predicts quality, cost and latency for every candidate model. 要求包含2个要点，控制在176字以内。",Model9,0.8810,1441.95,11.4841
"Translate into Chinese: The router predicts quality, cost and latency for every candidate model. 要求包含2个要点，控制在176字以内。",Model10,0.8807,1817.62,14.4099
把以下内容整理为 key-value：客户=远航制造；问题=接口超时；优先级=高。 要求包含3个要点，控制在193字以内。,Model1,0.9117,635.30,1.3788
把以下内容整理为 key-value：客户=远航制造；问题=接口超时；优先级=高。 要求包含3个要点，控制在193字以内。,Model2,0.8715,680.62,1.6333
把以下内容整理为 key-value：客户=远航制造；问题=接口超时；优先级=高。 要求包含3个要点，控制在193字以内。,Model3,0.9108,841.80,2.0805
把以下内容整理为 key-value：客户=远航制造；问题=接口超时；优先级=高。 要求包含3个要点，控制在193字以内。,Model4,0.8445,855.24,2.6111
把以下内容整理为 key-value：客户=远航制造；问题=接口超时；优先级=高。 要求包含3个要点，控制在193字以内。,Model5,0.8988,856.36,3.1176
把以下内容整理为 key-value：客户=远航制造；问题=接口超时；优先级=高。 要求包含3个要点，控制在193字以内。,Model6,0.8967,983.56,4.0066
把以下内容整理为 key-value：客户=远航制造；问题=接口超时；优先级=高。 要求包含3个要点，控制在193字以内。,Model7,0.8921,1041.33,4.8149
把以下内容整理为 key-value：客户=远航制造；问题=接口超时；优先级=高。 要求包含3个要点，控制在193字以内。,Model8,0.9231,1253.75,6.0710
把以下内容整理为 key-value：客户=远航制造；问题=接口超时；优先级=高。 要求包含3个要点，控制在193字以内。,Model9,0.9359,1312.47,7.7932
把以下内容整理为 key-value：客户=远航制造；问题=接口超时；优先级=高。 要求包含3个要点，控制在193字以内。,Model10,0.9415,1484.05,9.2654
请解释大模型路由的核心原理，并给出两个应用场景。 要求包含4个要点，控制在210字以内。,Model1,0.8170,746.74,1.4279
请解释大模型路由的核心原理，并给出两个应用场景。 要求包含4个要点，控制在210字以内。,Model2,0.8403,765.37,1.7366
请解释大模型路由的核心原理，并给出两个应用场景。 要求包含4个要点，控制在210字以内。,Model3,0.8162,889.60,2.2235
请解释大模型路由的核心原理，并给出两个应用场景。 要求包含4个要点，控制在210字以内。,Model4,0.8442,953.05,2.6410
请解释大模型路由的核心原理，并给出两个应用场景。 要求包含4个要点，控制在210字以内。,Model5,0.8812,1034.82,3.2813
请解释大模型路由的核心原理，并给出两个应用场景。 要求包含4个要点，控制在210字以内。,Model6,0.8760,1105.34,4.2561
请解释大模型路由的核心原理，并给出两个应用场景。 要求包含4个要点，控制在210字以内。,Model7,0.8917,1139.13,5.4537
请解释大模型路由的核心原理，并给出两个应用场景。 要求包含4个要点，控制在210字以内。,Model8,0.9024,1355.80,6.2565
请解释大模型路由的核心原理，并给出两个应用场景。 要求包含4个要点，控制在210字以内。,Model9,0.9105,1428.56,8.5180
请解释大模型路由的核心原理，并给出两个应用场景。 要求包含4个要点，控制在210字以内。,Model10,0.9238,1606.21,9.9769
"已知一组数据为 7,84,66,20，计算平均值并说明步骤。 要求包含5个要点，控制在227字以内。",Model1,0.4393,889.08,1.6583
"已知一组数据为 7,84,66,20，计算平均值并说明步骤。 要求包含5个要点，控制在227字以内。",Model2,0.4975,972.90,2.0468
"已知一组数据为 7,84,66,20，计算平均值并说明步骤。 要求包含5个要点，控制在227字以内。",Model3,0.5473,1003.13,2.6469
"已知一组数据为 7,84,66,20，计算平均值并说明步骤。 要求包含5个要点，控制在227字以内。",Model4,0.7995,1098.38,3.2545
"已知一组数据为 7,84,66,20，计算平均值并说明步骤。 要求包含5个要点，控制在227字以内。",Model5,0.7348,1310.84,3.8988
"已知一组数据为 7,84,66,20，计算平均值并说明步骤。 要求包含5个要点，控制在227字以内。",Model6,0.7694,1304.46,4.9424
"已知一组数据为 7,84,66,20，计算平均值并说明步骤。 要求包含5个要点，控制在227字以内。",Model7,0.8429,1376.20,6.1799
"已知一组数据为 7,84,66,20，计算平均值并说明步骤。 要求包含5个要点，控制在227字以内。",Model8,0.7990,1470.02,7.6911
"已知一组数据为 7,84,66,20，计算平均值并说明步骤。 要求包含5个要点，控制在227字以内。",Model9,0.8357,1604.21,10.0974
"已知一组数据为 7,84,66,20，计算平均值并说明步骤。 要求包含5个要点，控制在227字以内。",Model10,0.8656,1974.45,12.1510
分析下面 SQL 的性能问题并给出索引建议：SELECT * FROM orders WHERE user_id=2 ORDER BY created_at DESC; 要求包含2个要点，控制在244字以内。,Model1,0.6345,746.42,1.5836
分析下面 SQL 的性能问题并给出索引建议：SELECT * FROM orders WHERE user_id=2 ORDER BY created_at DESC; 要求包含2个要点，控制在244字以内。,Model2,0.6518,794.76,1.8463
分析下面 SQL 的性能问题并给出索引建议：SELECT * FROM orders WHERE user_id=2 ORDER BY created_at DESC; 要求包含2个要点，控制在244字以内。,Model3,0.8905,849.87,2.3652
分析下面 SQL 的性能问题并给出索引建议：SELECT * FROM orders WHERE user_id=2 ORDER BY created_at DESC; 要求包含2个要点，控制在244字以内。,Model4,0.8156,895.98,2.8896
分析下面 SQL 的性能问题并给出索引建议：SELECT * FROM orders WHERE user_id=2 ORDER BY created_at DESC; 要求包含2个要点，控制在244字以内。,Model5,0.8297,932.81,3.3252
分析下面 SQL 的性能问题并给出索引建议：SELECT * FROM orders WHERE user_id=2 ORDER BY created_at DESC; 要求包含2个要点，控制在244字以内。,Model6,0.9069,1068.03,4.3841
分析下面 SQL 的性能问题并给出索引建议：SELECT * FROM orders WHERE user_id=2 ORDER BY created_at DESC; 要求包含2个要点，控制在244字以内。,Model7,0.8928,1209.86,5.6107
分析下面 SQL 的性能问题并给出索引建议：SELECT * FROM orders WHERE user_id=2 ORDER BY created_at DESC; 要求包含2个要点，控制在244字以内。,Model8,0.8714,1251.49,6.9371
分析下面 SQL 的性能问题并给出索引建议：SELECT * FROM orders WHERE user_id=2 ORDER BY created_at DESC; 要求包含2个要点，控制在244字以内。,Model9,0.9086,1507.88,9.0607
分析下面 SQL 的性能问题并给出索引建议：SELECT * FROM orders WHERE user_id=2 ORDER BY created_at DESC; 要求包含2个要点，控制在244字以内。,Model10,0.9235,1628.12,10.8984
总结以下会议纪要，保留结论、负责人和下一步动作。 要求包含3个要点，控制在261字以内。,Model1,0.8495,776.95,1.8778
总结以下会议纪要，保留结论、负责人和下一步动作。 要求包含3个要点，控制在261字以内。,Model2,0.7942,824.41,2.2017
总结以下会议纪要，保留结论、负责人和下一步动作。 要求包含3个要点，控制在261字以内。,Model3,0.7662,923.66,2.8646
总结以下会议纪要，保留结论、负责人和下一步动作。 要求包含3个要点，控制在261字以内。,Model4,0.7507,950.95,3.3653
总结以下会议纪要，保留结论、负责人和下一步动作。 要求包含3个要点，控制在261字以内。,Model5,0.8570,1106.03,4.0620
总结以下会议纪要，保留结论、负责人和下一步动作。 要求包含3个要点，控制在261字以内。,Model6,0.7989,1147.88,5.1402
总结以下会议纪要，保留结论、负责人和下一步动作。 要求包含3个要点，控制在261字以内。,Model7,0.8344,1216.43,6.6270
总结以下会议纪要，保留结论、负责人和下一步动作。 要求包含3个要点，控制在261字以内。,Model8,0.8874,1368.14,7.9914
总结以下会议纪要，保留结论、负责人和下一步动作。 要求包含3个要点，控制在261字以内。,Model9,0.8965,1574.19,9.8728
总结以下会议纪要，保留结论、负责人和下一步动作。 要求包含3个要点，控制在261字以内。,Model10,0.9054,1689.18,13.6758
"Translate into Chinese: The router predicts quality, cost and latency for every candidate model. 要求包含4个要点，控制在278字以内。",Model1,0.6445,863.08,2.0442
"Translate into Chinese: The router predicts quality, cost and latency for every candidate model. 要求包含4个要点，控制在278字以内。",Model2,0.8082,969.79,2.5261
"Translate into Chinese: The router predicts quality, cost and latency for every candidate model. 要求包含4个要点，控制在278字以内。",Model3,0.6627,1015.73,3.2561
"Translate into Chinese: The router predicts quality, cost and latency for every candidate model. 要求包含4个要点，控制在278字以内。",Model4,0.6208,1096.10,3.8728
"Translate into Chinese: The router predicts quality, cost and latency for every candidate model. 要求包含4个要点，控制在278字以内。",Model5,0.7947,1195.10,4.7604
"Translate into Chinese: The router predicts quality, cost and latency for every candidate model. 要求包含4个要点，控制在278字以内。",Model6,0.7064,1272.73,6.0998
"Translate into Chinese: The router predicts quality, cost and latency for every candidate model. 要求包含4个要点，控制在278字以内。",Model7,0.7380,1411.84,7.7860
"Translate into Chinese: The router predicts quality, cost and latency for every candidate model. 要求包含4个要点，控制在278字以内。",Model8,0.8329,1641.96,9.2171
"Translate into Chinese: The router predicts quality, cost and latency for every candidate model. 要求包含4个要点，控制在278字以内。",Model9,0.8481,1877.51,11.9112
"Translate into Chinese: The router predicts quality, cost and latency for every candidate model. 要求包含4个要点，控制在278字以内。",Model10,0.8617,1985.17,14.1756
把以下内容整理为 key-value：客户=远航制造；问题=接口超时；优先级=高。 要求包含5个要点，控制在295字以内。,Model1,0.8910,670.32,1.4452
把以下内容整理为 key-value：客户=远航制造；问题=接口超时；优先级=高。 要求包含5个要点，控制在295字以内。,Model2,0.8314,783.18,1.7247
把以下内容整理为 key-value：客户=远航制造；问题=接口超时；优先级=高。 要求包含5个要点，控制在295字以内。,Model3,0.8921,796.72,2.2387
把以下内容整理为 key-value：客户=远航制造；问题=接口超时；优先级=高。 要求包含5个要点，控制在295字以内。,Model4,0.8066,893.64,2.7457
把以下内容整理为 key-value：客户=远航制造；问题=接口超时；优先级=高。 要求包含5个要点，控制在295字以内。,Model5,0.8782,966.03,3.3444
把以下内容整理为 key-value：客户=远航制造；问题=接口超时；优先级=高。 要求包含5个要点，控制在295字以内。,Model6,0.8704,1038.69,4.0257
把以下内容整理为 key-value：客户=远航制造；问题=接口超时；优先级=高。 要求包含5个要点，控制在295字以内。,Model7,0.8710,1173.02,5.4370
把以下内容整理为 key-value：客户=远航制造；问题=接口超时；优先级=高。 要求包含5个要点，控制在295字以内。,Model8,0.9047,1304.66,6.4100
把以下内容整理为 key-value：客户=远航制造；问题=接口超时；优先级=高。 要求包含5个要点，控制在295字以内。,Model9,0.9185,1456.55,8.6001
把以下内容整理为 key-value：客户=远航制造；问题=接口超时；优先级=高。 要求包含5个要点，控制在295字以内。,Model10,0.9260,1606.96,10.6573
比较缓存机制与大模型路由的主要区别，并给出适用条件。 要求包含2个要点，控制在92字以内。,Model1,0.7753,746.67,1.5825
比较缓存机制与大模型路由的主要区别，并给出适用条件。 要求包含2个要点，控制在92字以内。,Model2,0.7967,834.53,1.8002
比较缓存机制与大模型路由的主要区别，并给出适用条件。 要求包含2个要点，控制在92字以内。,Model3,0.7782,946.52,2.4842
比较缓存机制与大模型路由的主要区别，并给出适用条件。 要求包含2个要点，控制在92字以内。,Model4,0.8219,1138.89,2.9470
比较缓存机制与大模型路由的主要区别，并给出适用条件。 要求包含2个要点，控制在92字以内。,Model5,0.8507,1216.01,3.5053
比较缓存机制与大模型路由的主要区别，并给出适用条件。 要求包含2个要点，控制在92字以内。,Model6,0.8393,1173.84,4.3456
比较缓存机制与大模型路由的主要区别，并给出适用条件。 要求包含2个要点，控制在92字以内。,Model7,0.8647,1385.72,5.6518
比较缓存机制与大模型路由的主要区别，并给出适用条件。 要求包含2个要点，控制在92字以内。,Model8,0.8795,1487.86,7.3239
比较缓存机制与大模型路由的主要区别，并给出适用条件。 要求包含2个要点，控制在92字以内。,Model9,0.8863,1699.13,9.0866
比较缓存机制与大模型路由的主要区别，并给出适用条件。 要求包含2个要点，控制在92字以内。,Model10,0.9017,1831.74,11.5004
求解方程 3x + 91 = 39，写出计算过程。 要求包含3个要点，控制在109字以内。,Model1,0.6628,634.57,1.3028
求解方程 3x + 91 = 39，写出计算过程。 要求包含3个要点，控制在109字以内。,Model2,0.7009,640.97,1.5020
求解方程 3x + 91 = 39，写出计算过程。 要求包含3个要点，控制在109字以内。,Model3,0.7403,817.34,2.0112
求解方程 3x + 91 = 39，写出计算过程。 要求包含3个要点，控制在109字以内。,Model4,0.9030,966.30,2.4278
求解方程 3x + 91 = 39，写出计算过程。 要求包含3个要点，控制在109字以内。,Model5,0.8658,862.90,3.0255
求解方程 3x + 91 = 39，写出计算过程。 要求包含3个要点，控制在109字以内。,Model6,0.8907,932.92,3.7654
求解方程 3x + 91 = 39，写出计算过程。 要求包含3个要点，控制在109字以内。,Model7,0.9283,1209.60,4.9695
求解方程 3x + 91 = 39，写出计算过程。 要求包含3个要点，控制在109字以内。,Model8,0.9083,1169.17,5.9945
求解方程 3x + 91 = 39，写出计算过程。 要求包含3个要点，控制在109字以内。,Model9,0.9259,1321.27,7.6081
求解方程 3x + 91 = 39，写出计算过程。 要求包含3个要点，控制在109字以内。,Model10,0.9357,1479.92,9.4729
分析下面 SQL 的性能问题并给出索引建议：SELECT * FROM orders WHERE user_id=8 ORDER BY created_at DESC; 要求包含4个要点，控制在126字以内。,Model1,0.5759,776.94,1.6124
分析下面 SQL 的性能问题并给出索引建议：SELECT * FROM orders WHERE user_id=8 ORDER BY created_at DESC; 要求包含4个要点，控制在126字以内。,Model2,0.5999,746.78,1.9921
分析下面 SQL 的性能问题并给出索引建议：SELECT * FROM orders WHERE user_id=8 ORDER BY created_at DESC; 要求包含4个要点，控制在126字以内。,Model3,0.8615,850.19,2.5143
分析下面 SQL 的性能问题并给出索引建议：SELECT * FROM orders WHERE user_id=8 ORDER BY created_at DESC; 要求包含4个要点，控制在126字以内。,Model4,0.7732,1029.72,3.0744
分析下面 SQL 的性能问题并给出索引建议：SELECT * FROM orders WHERE user_id=8 ORDER BY created_at DESC; 要求包含4个要点，控制在126字以内。,Model5,0.7959,1167.10,3.6474
分析下面 SQL 的性能问题并给出索引建议：SELECT * FROM orders WHERE user_id=8 ORDER BY created_at DESC; 要求包含4个要点，控制在126字以内。,Model6,0.8786,1180.94,4.7125
分析下面 SQL 的性能问题并给出索引建议：SELECT * FROM orders WHERE user_id=8 ORDER BY created_at DESC; 要求包含4个要点，控制在126字以内。,Model7,0.8654,1253.40,6.1286
分析下面 SQL 的性能问题并给出索引建议：SELECT * FROM orders WHERE user_id=8 ORDER BY created_at DESC; 要求包含4个要点，控制在126字以内。,Model8,0.8432,1413.40,7.6755
分析下面 SQL 的性能问题并给出索引建议：SELECT * FROM orders WHERE user_id=8 ORDER BY created_at DESC; 要求包含4个要点，控制在126字以内。,Model9,0.8873,1617.64,9.3786
分析下面 SQL 的性能问题并给出索引建议：SELECT * FROM orders WHERE user_id=8 ORDER BY created_at DESC; 要求包含4个要点，控制在126字以内。,Model10,0.9069,1680.57,11.6445
总结以下会议纪要，保留结论、负责人和下一步动作。 要求包含5个要点，控制在143字以内。,Model1,0.8233,843.86,1.9682
总结以下会议纪要，保留结论、负责人和下一步动作。 要求包含5个要点，控制在143字以内。,Model2,0.7444,894.80,2.2737
总结以下会议纪要，保留结论、负责人和下一步动作。 要求包含5个要点，控制在143字以内。,Model3,0.7276,943.69,2.9493
总结以下会议纪要，保留结论、负责人和下一步动作。 要求包含5个要点，控制在143字以内。,Model4,0.7046,1043.46,3.6887
总结以下会议纪要，保留结论、负责人和下一步动作。 要求包含5个要点，控制在143字以内。,Model5,0.8281,1177.37,4.4310
总结以下会议纪要，保留结论、负责人和下一步动作。 要求包含5个要点，控制在143字以内。,Model6,0.7605,1204.01,5.6071
总结以下会议纪要，保留结论、负责人和下一步动作。 要求包含5个要点，控制在143字以内。,Model7,0.7998,1419.03,6.9265
总结以下会议纪要，保留结论、负责人和下一步动作。 要求包含5个要点，控制在143字以内。,Model8,0.8612,1544.87,8.3005
总结以下会议纪要，保留结论、负责人和下一步动作。 要求包含5个要点，控制在143字以内。,Model9,0.8730,1703.06,11.3401
总结以下会议纪要，保留结论、负责人和下一步动作。 要求包含5个要点，控制在143字以内。,Model10,0.8872,1908.26,14.0513
将下面中文翻译成英文：系统应先满足质量阈值，再选择成本最低的模型。 要求包含2个要点，控制在160字以内。,Model1,0.8230,595.31,1.6779
将下面中文翻译成英文：系统应先满足质量阈值，再选择成本最低的模型。 要求包含2个要点，控制在160字以内。,Model2,0.9138,685.49,2.0057
将下面中文翻译成英文：系统应先满足质量阈值，再选择成本最低的模型。 要求包含2个要点，控制在160字以内。,Model3,0.8239,696.28,2.5480
将下面中文翻译成英文：系统应先满足质量阈值，再选择成本最低的模型。 要求包含2个要点，控制在160字以内。,Model4,0.7962,874.40,3.2604
将下面中文翻译成英文：系统应先满足质量阈值，再选择成本最低的模型。 要求包含2个要点，控制在160字以内。,Model5,0.8982,923.16,3.8716
将下面中文翻译成英文：系统应先满足质量阈值，再选择成本最低的模型。 要求包含2个要点，控制在160字以内。,Model6,0.8446,1054.24,5.0151
将下面中文翻译成英文：系统应先满足质量阈值，再选择成本最低的模型。 要求包含2个要点，控制在160字以内。,Model7,0.8745,1146.36,6.3696
将下面中文翻译成英文：系统应先满足质量阈值，再选择成本最低的模型。 要求包含2个要点，控制在160字以内。,Model8,0.9244,1151.46,7.7213
将下面中文翻译成英文：系统应先满足质量阈值，再选择成本最低的模型。 要求包含2个要点，控制在160字以内。,Model9,0.9309,1262.64,10.2095
将下面中文翻译成英文：系统应先满足质量阈值，再选择成本最低的模型。 要求包含2个要点，控制在160字以内。,Model10,0.9364,1329.43,11.9066
从文本中提取姓名、公司、职位三个字段，并输出 JSON：张三就职于华星科技，担任研发经理。 要求包含3个要点，控制在177字以内。,Model1,0.8694,749.64,1.7190
从文本中提取姓名、公司、职位三个字段，并输出 JSON：张三就职于华星科技，担任研发经理。 要求包含3个要点，控制在177字以内。,Model2,0.8061,863.53,2.0487
从文本中提取姓名、公司、职位三个字段，并输出 JSON：张三就职于华星科技，担任研发经理。 要求包含3个要点，控制在177字以内。,Model3,0.8638,932.08,2.5632
从文本中提取姓名、公司、职位三个字段，并输出 JSON：张三就职于华星科技，担任研发经理。 要求包含3个要点，控制在177字以内。,Model4,0.7682,1001.27,3.1489
从文本中提取姓名、公司、职位三个字段，并输出 JSON：张三就职于华星科技，担任研发经理。 要求包含3个要点，控制在177字以内。,Model5,0.8445,1014.43,3.8009
从文本中提取姓名、公司、职位三个字段，并输出 JSON：张三就职于华星科技，担任研发经理。 要求包含3个要点，控制在177字以内。,Model6,0.8430,1214.79,4.8994
从文本中提取姓名、公司、职位三个字段，并输出 JSON：张三就职于华星科技，担任研发经理。 要求包含3个要点，控制在177字以内。,Model7,0.8370,1335.35,6.2007
从文本中提取姓名、公司、职位三个字段，并输出 JSON：张三就职于华星科技，担任研发经理。 要求包含3个要点，控制在177字以内。,Model8,0.8815,1363.86,7.8105
从文本中提取姓名、公司、职位三个字段，并输出 JSON：张三就职于华星科技，担任研发经理。 要求包含3个要点，控制在177字以内。,Model9,0.8961,1433.23,9.7979
从文本中提取姓名、公司、职位三个字段，并输出 JSON：张三就职于华星科技，担任研发经理。 要求包含3个要点，控制在177字以内。,Model10,0.9060,1774.62,12.5007
为什么编译优化在实际系统中重要？请用通俗语言回答。 要求包含4个要点，控制在194字以内。,Model1,0.7295,887.36,1.6624
为什么编译优化在实际系统中重要？请用通俗语言回答。 要求包含4个要点，控制在194字以内。,Model2,0.7520,940.18,1.9971
为什么编译优化在实际系统中重要？请用通俗语言回答。 要求包含4个要点，控制在194字以内。,Model3,0.7309,1031.66,2.4858
为什么编译优化在实际系统中重要？请用通俗语言回答。 要求包含4个要点，控制在194字以内。,Model4,0.7793,1169.95,3.0904
为什么编译优化在实际系统中重要？请用通俗语言回答。 要求包含4个要点，控制在194字以内。,Model5,0.8186,1250.47,3.8355
为什么编译优化在实际系统中重要？请用通俗语言回答。 要求包含4个要点，控制在194字以内。,Model6,0.8031,1478.90,4.6846
为什么编译优化在实际系统中重要？请用通俗语言回答。 要求包含4个要点，控制在194字以内。,Model7,0.8322,1433.81,6.0252
为什么编译优化在实际系统中重要？请用通俗语言回答。 要求包含4个要点，控制在194字以内。,Model8,0.8479,1530.32,7.6363
为什么编译优化在实际系统中重要？请用通俗语言回答。 要求包含4个要点，控制在194字以内。,Model9,0.8632,1742.16,9.8431
为什么编译优化在实际系统中重要？请用通俗语言回答。 要求包含4个要点，控制在194字以内。,Model10,0.8744,2022.60,12.1453
一个项目成功概率为0.7，连续两次至少成功一次的概率是多少？ 要求包含5个要点，控制在211字以内。,Model1,0.6022,758.21,1.4258
一个项目成功概率为0.7，连续两次至少成功一次的概率是多少？ 要求包含5个要点，控制在211字以内。,Model2,0.6504,746.98,1.7266
一个项目成功概率为0.7，连续两次至少成功一次的概率是多少？ 要求包含5个要点，控制在211字以内。,Model3,0.6992,809.27,2.2334
一个项目成功概率为0.7，连续两次至少成功一次的概率是多少？ 要求包含5个要点，控制在211字以内。,Model4,0.8823,976.11,2.7980
一个项目成功概率为0.7，连续两次至少成功一次的概率是多少？ 要求包含5个要点，控制在211字以内。,Model5,0.8406,1039.94,3.3702
一个项目成功概率为0.7，连续两次至少成功一次的概率是多少？ 要求包含5个要点，控制在211字以内。,Model6,0.8623,1035.90,4.3583
一个项目成功概率为0.7，连续两次至少成功一次的概率是多少？ 要求包含5个要点，控制在211字以内。,Model7,0.9047,1147.65,5.3259
一个项目成功概率为0.7，连续两次至少成功一次的概率是多少？ 要求包含5个要点，控制在211字以内。,Model8,0.8895,1316.61,6.3860
一个项目成功概率为0.7，连续两次至少成功一次的概率是多少？ 要求包含5个要点，控制在211字以内。,Model9,0.9050,1539.11,8.4141
一个项目成功概率为0.7，连续两次至少成功一次的概率是多少？ 要求包含5个要点，控制在211字以内。,Model10,0.9204,1559.93,10.3450
修复这段伪代码中的边界错误，并说明时间复杂度。 要求包含2个要点，控制在228字以内。,Model1,0.5006,777.41,1.5578
修复这段伪代码中的边界错误，并说明时间复杂度。 要求包含2个要点，控制在228字以内。,Model2,0.5325,953.63,1.8678
修复这段伪代码中的边界错误，并说明时间复杂度。 要求包含2个要点，控制在228字以内。,Model3,0.8286,1003.98,2.3959
修复这段伪代码中的边界错误，并说明时间复杂度。 要求包含2个要点，控制在228字以内。,Model4,0.7294,1064.80,3.1491
修复这段伪代码中的边界错误，并说明时间复杂度。 要求包含2个要点，控制在228字以内。,Model5,0.7457,1171.33,3.6802
修复这段伪代码中的边界错误，并说明时间复杂度。 要求包含2个要点，控制在228字以内。,Model6,0.8533,1156.74,4.6251
修复这段伪代码中的边界错误，并说明时间复杂度。 要求包含2个要点，控制在228字以内。,Model7,0.8402,1414.86,5.8902
修复这段伪代码中的边界错误，并说明时间复杂度。 要求包含2个要点，控制在228字以内。,Model8,0.8048,1546.68,7.3751
修复这段伪代码中的边界错误，并说明时间复杂度。 要求包含2个要点，控制在228字以内。,Model9,0.8626,1813.66,9.2738
修复这段伪代码中的边界错误，并说明时间复杂度。 要求包含2个要点，控制在228字以内。,Model10,0.8838,1919.37,11.3863
将这段技术说明概括为不超过120字的摘要。 要求包含3个要点，控制在245字以内。,Model1,0.9184,633.89,1.4572
将这段技术说明概括为不超过120字的摘要。 要求包含3个要点，控制在245字以内。,Model2,0.8800,661.46,1.7928
将这段技术说明概括为不超过120字的摘要。 要求包含3个要点，控制在245字以内。,Model3,0.8564,698.80,2.2733
将这段技术说明概括为不超过120字的摘要。 要求包含3个要点，控制在245字以内。,Model4,0.8490,750.78,2.7882
将这段技术说明概括为不超过120字的摘要。 要求包含3个要点，控制在245字以内。,Model5,0.9160,871.69,3.5122
将这段技术说明概括为不超过120字的摘要。 要求包含3个要点，控制在245字以内。,Model6,0.8822,808.83,4.4767
将这段技术说明概括为不超过120字的摘要。 要求包含3个要点，控制在245字以内。,Model7,0.9077,976.65,5.7278
将这段技术说明概括为不超过120字的摘要。 要求包含3个要点，控制在245字以内。,Model8,0.9372,1076.37,6.9640
将这段技术说明概括为不超过120字的摘要。 要求包含3个要点，控制在245字以内。,Model9,0.9422,1253.11,8.8589
将这段技术说明概括为不超过120字的摘要。 要求包含3个要点，控制在245字以内。,Model10,0.9488,1363.50,10.5567
把下面句子翻译成简洁、正式的英文：模型价格变化后，路由策略应自动调整。 要求包含4个要点，控制在262字以内。,Model1,0.7798,699.21,1.8543
把下面句子翻译成简洁、正式的英文：模型价格变化后，路由策略应自动调整。 要求包含4个要点，控制在262字以内。,Model2,0.8876,748.97,2.2262
把下面句子翻译成简洁、正式的英文：模型价格变化后，路由策略应自动调整。 要求包含4个要点，控制在262字以内。,Model3,0.7864,810.70,2.8662
把下面句子翻译成简洁、正式的英文：模型价格变化后，路由策略应自动调整。 要求包含4个要点，控制在262字以内。,Model4,0.7549,908.49,3.5227
把下面句子翻译成简洁、正式的英文：模型价格变化后，路由策略应自动调整。 要求包含4个要点，控制在262字以内。,Model5,0.8782,946.78,4.3582
把下面句子翻译成简洁、正式的英文：模型价格变化后，路由策略应自动调整。 要求包含4个要点，控制在262字以内。,Model6,0.8065,1034.22,5.4093
把下面句子翻译成简洁、正式的英文：模型价格变化后，路由策略应自动调整。 要求包含4个要点，控制在262字以内。,Model7,0.8386,1312.63,6.9378
把下面句子翻译成简洁、正式的英文：模型价格变化后，路由策略应自动调整。 要求包含4个要点，控制在262字以内。,Model8,0.9020,1196.78,8.4324
把下面句子翻译成简洁、正式的英文：模型价格变化后，路由策略应自动调整。 要求包含4个要点，控制在262字以内。,Model9,0.9138,1378.05,10.5610
把下面句子翻译成简洁、正式的英文：模型价格变化后，路由策略应自动调整。 要求包含4个要点，控制在262字以内。,Model10,0.9196,1729.42,13.1450
把以下内容整理为 key-value：客户=远航制造；问题=接口超时；优先级=高。 要求包含5个要点，控制在279字以内。,Model1,0.8371,899.66,1.7294
把以下内容整理为 key-value：客户=远航制造；问题=接口超时；优先级=高。 要求包含5个要点，控制在279字以内。,Model2,0.7611,902.52,2.0354
把以下内容整理为 key-value：客户=远航制造；问题=接口超时；优先级=高。 要求包含5个要点，控制在279字以内。,Model3,0.8265,925.28,2.6821
把以下内容整理为 key-value：客户=远航制造；问题=接口超时；优先级=高。 要求包含5个要点，控制在279字以内。,Model4,0.7289,1115.47,3.0651
把以下内容整理为 key-value：客户=远航制造；问题=接口超时；优先级=高。 要求包含5个要点，控制在279字以内。,Model5,0.8093,1179.93,3.8730
把以下内容整理为 key-value：客户=远航制造；问题=接口超时；优先级=高。 要求包含5个要点，控制在279字以内。,Model6,0.8001,1328.62,4.6606
把以下内容整理为 key-value：客户=远航制造；问题=接口超时；优先级=高。 要求包含5个要点，控制在279字以内。,Model7,0.8100,1276.14,6.1431
把以下内容整理为 key-value：客户=远航制造；问题=接口超时；优先级=高。 要求包含5个要点，控制在279字以内。,Model8,0.8516,1617.84,7.7144
把以下内容整理为 key-value：客户=远航制造；问题=接口超时；优先级=高。 要求包含5个要点，控制在279字以内。,Model9,0.8731,1541.07,9.6778
把以下内容整理为 key-value：客户=远航制造；问题=接口超时；优先级=高。 要求包含5个要点，控制在279字以内。,Model10,0.8862,1762.73,11.7976
为什么数据库索引在实际系统中重要？请用通俗语言回答。 要求包含2个要点，控制在296字以内。,Model1,0.8694,625.45,1.3095
为什么数据库索引在实际系统中重要？请用通俗语言回答。 要求包含2个要点，控制在296字以内。,Model2,0.8773,639.51,1.5412
为什么数据库索引在实际系统中重要？请用通俗语言回答。 要求包含2个要点，控制在296字以内。,Model3,0.8660,777.51,1.9498
为什么数据库索引在实际系统中重要？请用通俗语言回答。 要求包含2个要点，控制在296字以内。,Model4,0.8902,883.25,2.4003
为什么数据库索引在实际系统中重要？请用通俗语言回答。 要求包含2个要点，控制在296字以内。,Model5,0.9140,876.73,2.9253
为什么数据库索引在实际系统中重要？请用通俗语言回答。 要求包含2个要点，控制在296字以内。,Model6,0.9080,936.47,3.7428
为什么数据库索引在实际系统中重要？请用通俗语言回答。 要求包含2个要点，控制在296字以内。,Model7,0.9215,970.82,4.7054
为什么数据库索引在实际系统中重要？请用通俗语言回答。 要求包含2个要点，控制在296字以内。,Model8,0.9336,1151.68,6.0205
为什么数据库索引在实际系统中重要？请用通俗语言回答。 要求包含2个要点，控制在296字以内。,Model9,0.9391,1235.36,7.4499
为什么数据库索引在实际系统中重要？请用通俗语言回答。 要求包含2个要点，控制在296字以内。,Model10,0.9456,1443.06,9.2635
一个项目成功概率为0.4，连续两次至少成功一次的概率是多少？ 要求包含3个要点，控制在93字以内。,Model1,0.5426,772.07,1.6209
一个项目成功概率为0.4，连续两次至少成功一次的概率是多少？ 要求包含3个要点，控制在93字以内。,Model2,0.5966,887.88,1.8648
一个项目成功概率为0.4，连续两次至少成功一次的概率是多少？ 要求包含3个要点，控制在93字以内。,Model3,0.6362,926.39,2.4442
一个项目成功概率为0.4，连续两次至少成功一次的概率是多少？ 要求包含3个要点，控制在93字以内。,Model4,0.8471,1124.65,2.9536
一个项目成功概率为0.4，连续两次至少成功一次的概率是多少？ 要求包含3个要点，控制在93字以内。,Model5,0.8075,1284.72,3.5312
一个项目成功概率为0.4，连续两次至少成功一次的概率是多少？ 要求包含3个要点，控制在93字以内。,Model6,0.8295,1092.89,4.4600
一个项目成功概率为0.4，连续两次至少成功一次的概率是多少？ 要求包含3个要点，控制在93字以内。,Model7,0.8852,1362.33,6.0738
一个项目成功概率为0.4，连续两次至少成功一次的概率是多少？ 要求包含3个要点，控制在93字以内。,Model8,0.8560,1493.85,6.9103
一个项目成功概率为0.4，连续两次至少成功一次的概率是多少？ 要求包含3个要点，控制在93字以内。,Model9,0.8822,1383.82,8.9260
一个项目成功概率为0.4，连续两次至少成功一次的概率是多少？ 要求包含3个要点，控制在93字以内。,Model10,0.9076,1684.39,11.3450
用 Python 编写函数，将列表中的重复元素去除并保持原顺序。 要求包含4个要点，控制在110字以内。,Model1,0.4231,878.43,1.6969
用 Python 编写函数，将列表中的重复元素去除并保持原顺序。 要求包含4个要点，控制在110字以内。,Model2,0.4800,1066.56,2.0966
用 Python 编写函数，将列表中的重复元素去除并保持原顺序。 要求包含4个要点，控制在110字以内。,Model3,0.8037,1074.93,2.7129
用 Python 编写函数，将列表中的重复元素去除并保持原顺序。 要求包含4个要点，控制在110字以内。,Model4,0.6805,1160.64,3.4025
用 Python 编写函数，将列表中的重复元素去除并保持原顺序。 要求包含4个要点，控制在110字以内。,Model5,0.7070,1263.40,3.9635
用 Python 编写函数，将列表中的重复元素去除并保持原顺序。 要求包含4个要点，控制在110字以内。,Model6,0.8217,1364.74,5.0613
用 Python 编写函数，将列表中的重复元素去除并保持原顺序。 要求包含4个要点，控制在110字以内。,Model7,0.7956,1569.87,6.2140
用 Python 编写函数，将列表中的重复元素去除并保持原顺序。 要求包含4个要点，控制在110字以内。,Model8,0.7639,1532.75,7.6602
用 Python 编写函数，将列表中的重复元素去除并保持原顺序。 要求包含4个要点，控制在110字以内。,Model9,0.8281,1777.55,10.3709
用 Python 编写函数，将列表中的重复元素去除并保持原顺序。 要求包含4个要点，控制在110字以内。,Model10,0.8562,2126.28,12.2853
总结以下会议纪要，保留结论、负责人和下一步动作。 要求包含5个要点，控制在127字以内。,Model1,0.8958,714.44,1.5684
总结以下会议纪要，保留结论、负责人和下一步动作。 要求包含5个要点，控制在127字以内。,Model2,0.8548,657.90,1.9296
总结以下会议纪要，保留结论、负责人和下一步动作。 要求包含5个要点，控制在127字以内。,Model3,0.8260,832.05,2.4575
总结以下会议纪要，保留结论、负责人和下一步动作。 要求包含5个要点，控制在127字以内。,Model4,0.8186,829.72,3.0676
总结以下会议纪要，保留结论、负责人和下一步动作。 要求包含5个要点，控制在127字以内。,Model5,0.8986,1046.55,3.7379
总结以下会议纪要，保留结论、负责人和下一步动作。 要求包含5个要点，控制在127字以内。,Model6,0.8559,941.21,4.8037
总结以下会议纪要，保留结论、负责人和下一步动作。 要求包含5个要点，控制在127字以内。,Model7,0.8780,1092.44,5.8742
总结以下会议纪要，保留结论、负责人和下一步动作。 要求包含5个要点，控制在127字以内。,Model8,0.9195,1186.02,7.6292
总结以下会议纪要，保留结论、负责人和下一步动作。 要求包含5个要点，控制在127字以内。,Model9,0.9293,1274.20,9.6208
总结以下会议纪要，保留结论、负责人和下一步动作。 要求包含5个要点，控制在127字以内。,Model10,0.9347,1526.68,11.7396
把下面句子翻译成简洁、正式的英文：模型价格变化后，路由策略应自动调整。 要求包含2个要点，控制在144字以内。,Model1,0.7378,773.31,1.9357
把下面句子翻译成简洁、正式的英文：模型价格变化后，路由策略应自动调整。 要求包含2个要点，控制在144字以内。,Model2,0.8675,874.98,2.3408
把下面句子翻译成简洁、正式的英文：模型价格变化后，路由策略应自动调整。 要求包含2个要点，控制在144字以内。,Model3,0.7397,871.73,2.9723
把下面句子翻译成简洁、正式的英文：模型价格变化后，路由策略应自动调整。 要求包含2个要点，控制在144字以内。,Model4,0.6989,1066.11,3.7043
把下面句子翻译成简洁、正式的英文：模型价格变化后，路由策略应自动调整。 要求包含2个要点，控制在144字以内。,Model5,0.8485,1126.54,4.4302
把下面句子翻译成简洁、正式的英文：模型价格变化后，路由策略应自动调整。 要求包含2个要点，控制在144字以内。,Model6,0.7753,1184.11,5.5781
把下面句子翻译成简洁、正式的英文：模型价格变化后，路由策略应自动调整。 要求包含2个要点，控制在144字以内。,Model7,0.8094,1270.45,6.9442
把下面句子翻译成简洁、正式的英文：模型价格变化后，路由策略应自动调整。 要求包含2个要点，控制在144字以内。,Model8,0.8785,1339.59,8.4617
把下面句子翻译成简洁、正式的英文：模型价格变化后，路由策略应自动调整。 要求包含2个要点，控制在144字以内。,Model9,0.8872,1600.12,10.8564
把下面句子翻译成简洁、正式的英文：模型价格变化后，路由策略应自动调整。 要求包含2个要点，控制在144字以内。,Model10,0.8987,1765.78,14.1878
把以下内容整理为 key-value：客户=远航制造；问题=接口超时；优先级=高。 要求包含3个要点，控制在161字以内。,Model1,0.9224,566.98,1.2886
把以下内容整理为 key-value：客户=远航制造；问题=接口超时；优先级=高。 要求包含3个要点，控制在161字以内。,Model2,0.8856,634.05,1.4612
把以下内容整理为 key-value：客户=远航制造；问题=接口超时；优先级=高。 要求包含3个要点，控制在161字以内。,Model3,0.9208,721.08,1.9894
把以下内容整理为 key-value：客户=远航制造；问题=接口超时；优先级=高。 要求包含3个要点，控制在161字以内。,Model4,0.8674,904.29,2.2956
把以下内容整理为 key-value：客户=远航制造；问题=接口超时；优先级=高。 要求包含3个要点，控制在161字以内。,Model5,0.9111,819.35,2.9338
把以下内容整理为 key-value：客户=远航制造；问题=接口超时；优先级=高。 要求包含3个要点，控制在161字以内。,Model6,0.9087,915.31,3.7764
把以下内容整理为 key-value：客户=远航制造；问题=接口超时；优先级=高。 要求包含3个要点，控制在161字以内。,Model7,0.9104,1035.51,4.5297
把以下内容整理为 key-value：客户=远航制造；问题=接口超时；优先级=高。 要求包含3个要点，控制在161字以内。,Model8,0.9329,1132.74,5.7306
把以下内容整理为 key-value：客户=远航制造；问题=接口超时；优先级=高。 要求包含3个要点，控制在161字以内。,Model9,0.9421,1241.08,7.0910
把以下内容整理为 key-value：客户=远航制造；问题=接口超时；优先级=高。 要求包含3个要点，控制在161字以内。,Model10,0.9513,1301.16,9.2024
请解释编译优化的核心原理，并给出两个应用场景。 要求包含4个要点，控制在178字以内。,Model1,0.8320,664.32,1.4039
请解释编译优化的核心原理，并给出两个应用场景。 要求包含4个要点，控制在178字以内。,Model2,0.8522,682.57,1.5950
请解释编译优化的核心原理，并给出两个应用场景。 要求包含4个要点，控制在178字以内。,Model3,0.8383,836.88,2.0557
请解释编译优化的核心原理，并给出两个应用场景。 要求包含4个要点，控制在178字以内。,Model4,0.8621,832.72,2.6059
请解释编译优化的核心原理，并给出两个应用场景。 要求包含4个要点，控制在178字以内。,Model5,0.8951,958.86,3.1210
请解释编译优化的核心原理，并给出两个应用场景。 要求包含4个要点，控制在178字以内。,Model6,0.8840,1041.33,3.9685
请解释编译优化的核心原理，并给出两个应用场景。 要求包含4个要点，控制在178字以内。,Model7,0.9025,1085.09,4.8323
请解释编译优化的核心原理，并给出两个应用场景。 要求包含4个要点，控制在178字以内。,Model8,0.9173,1309.86,6.3661
请解释编译优化的核心原理，并给出两个应用场景。 要求包含4个要点，控制在178字以内。,Model9,0.9234,1459.68,8.0200
请解释编译优化的核心原理，并给出两个应用场景。 要求包含4个要点，控制在178字以内。,Model10,0.9285,1729.45,9.6737
一个项目成功概率为0.4，连续两次至少成功一次的概率是多少？ 要求包含5个要点，控制在195字以内。,Model1,0.4839,885.95,1.7406
一个项目成功概率为0.4，连续两次至少成功一次的概率是多少？ 要求包含5个要点，控制在195字以内。,Model2,0.5398,881.39,2.0458
一个项目成功概率为0.4，连续两次至少成功一次的概率是多少？ 要求包含5个要点，控制在195字以内。,Model3,0.5733,1069.53,2.6355
一个项目成功概率为0.4，连续两次至少成功一次的概率是多少？ 要求包含5个要点，控制在195字以内。,Model4,0.8206,1166.21,3.1755
一个项目成功概率为0.4，连续两次至少成功一次的概率是多少？ 要求包含5个要点，控制在195字以内。,Model5,0.7636,1289.93,3.8045
一个项目成功概率为0.4，连续两次至少成功一次的概率是多少？ 要求包含5个要点，控制在195字以内。,Model6,0.7925,1180.24,4.6894
一个项目成功概率为0.4，连续两次至少成功一次的概率是多少？ 要求包含5个要点，控制在195字以内。,Model7,0.8588,1415.36,6.3493
一个项目成功概率为0.4，连续两次至少成功一次的概率是多少？ 要求包含5个要点，控制在195字以内。,Model8,0.8386,1693.63,7.4824
一个项目成功概率为0.4，连续两次至少成功一次的概率是多少？ 要求包含5个要点，控制在195字以内。,Model9,0.8505,1742.43,9.2230
一个项目成功概率为0.4，连续两次至少成功一次的概率是多少？ 要求包含5个要点，控制在195字以内。,Model10,0.8803,1911.28,11.9901
修复这段伪代码中的边界错误，并说明时间复杂度。 要求包含2个要点，控制在212字以内。,Model1,0.6514,625.61,1.3160
修复这段伪代码中的边界错误，并说明时间复杂度。 要求包含2个要点，控制在212字以内。,Model2,0.6762,758.93,1.5449
修复这段伪代码中的边界错误，并说明时间复杂度。 要求包含2个要点，控制在212字以内。,Model3,0.9002,718.83,1.9071
修复这段伪代码中的边界错误，并说明时间复杂度。 要求包含2个要点，控制在212字以内。,Model4,0.8392,885.98,2.5464
修复这段伪代码中的边界错误，并说明时间复杂度。 要求包含2个要点，控制在212字以内。,Model5,0.8505,913.30,2.8920
修复这段伪代码中的边界错误，并说明时间复杂度。 要求包含2个要点，控制在212字以内。,Model6,0.9133,966.10,3.8052
修复这段伪代码中的边界错误，并说明时间复杂度。 要求包含2个要点，控制在212字以内。,Model7,0.9058,1015.66,4.7737
修复这段伪代码中的边界错误，并说明时间复杂度。 要求包含2个要点，控制在212字以内。,Model8,0.8880,1222.11,5.9732
修复这段伪代码中的边界错误，并说明时间复杂度。 要求包含2个要点，控制在212字以内。,Model9,0.9194,1371.81,7.6728
修复这段伪代码中的边界错误，并说明时间复杂度。 要求包含2个要点，控制在212字以内。,Model10,0.9334,1472.27,9.3466
总结以下会议纪要，保留结论、负责人和下一步动作。 要求包含3个要点，控制在229字以内。,Model1,0.8666,700.50,1.8057
总结以下会议纪要，保留结论、负责人和下一步动作。 要求包含3个要点，控制在229字以内。,Model2,0.8177,804.71,2.0697
总结以下会议纪要，保留结论、负责人和下一步动作。 要求包含3个要点，控制在229字以内。,Model3,0.7868,821.66,2.6793
总结以下会议纪要，保留结论、负责人和下一步动作。 要求包含3个要点，控制在229字以内。,Model4,0.7790,934.76,3.4116
总结以下会议纪要，保留结论、负责人和下一步动作。 要求包含3个要点，控制在229字以内。,Model5,0.8686,963.32,3.9926
总结以下会议纪要，保留结论、负责人和下一步动作。 要求包含3个要点，控制在229字以内。,Model6,0.8183,984.08,5.0081
总结以下会议纪要，保留结论、负责人和下一步动作。 要求包含3个要点，控制在229字以内。,Model7,0.8499,1131.23,6.4697
总结以下会议纪要，保留结论、负责人和下一步动作。 要求包含3个要点，控制在229字以内。,Model8,0.9009,1285.26,7.4231
总结以下会议纪要，保留结论、负责人和下一步动作。 要求包含3个要点，控制在229字以内。,Model9,0.9066,1375.62,10.6442
总结以下会议纪要，保留结论、负责人和下一步动作。 要求包含3个要点，控制在229字以内。,Model10,0.9196,1616.84,12.5373
"Translate into Chinese: The router predicts quality, cost and latency for every candidate model. 要求包含4个要点，控制在246字以内。",Model1,0.6843,841.44,2.0396
"Translate into Chinese: The router predicts quality, cost and latency for every candidate model. 要求包含4个要点，控制在246字以内。",Model2,0.8277,992.12,2.3831
"Translate into Chinese: The router predicts quality, cost and latency for every candidate model. 要求包含4个要点，控制在246字以内。",Model3,0.6907,954.64,3.0619
"Translate into Chinese: The router predicts quality, cost and latency for every candidate model. 要求包含4个要点，控制在246字以内。",Model4,0.6508,1183.50,3.9431
"Translate into Chinese: The router predicts quality, cost and latency for every candidate model. 要求包含4个要点，控制在246字以内。",Model5,0.8062,1144.74,4.6416
"Translate into Chinese: The router predicts quality, cost and latency for every candidate model. 要求包含4个要点，控制在246字以内。",Model6,0.7251,1296.18,5.9576
"Translate into Chinese: The router predicts quality, cost and latency for every candidate model. 要求包含4个要点，控制在246字以内。",Model7,0.7631,1269.58,7.6040
"Translate into Chinese: The router predicts quality, cost and latency for every candidate model. 要求包含4个要点，控制在246字以内。",Model8,0.8429,1374.56,9.3236
"Translate into Chinese: The router predicts quality, cost and latency for every candidate model. 要求包含4个要点，控制在246字以内。",Model9,0.8629,1704.14,11.4670
"Translate into Chinese: The router predicts quality, cost and latency for every candidate model. 要求包含4个要点，控制在246字以内。",Model10,0.8713,1916.29,14.1184
从文本中提取姓名、公司、职位三个字段，并输出 JSON：张三就职于华星科技，担任研发经理。 要求包含5个要点，控制在263字以内。,Model1,0.9047,639.93,1.5273
从文本中提取姓名、公司、职位三个字段，并输出 JSON：张三就职于华星科技，担任研发经理。 要求包含5个要点，控制在263字以内。,Model2,0.8569,740.03,1.7584
从文本中提取姓名、公司、职位三个字段，并输出 JSON：张三就职于华星科技，担任研发经理。 要求包含5个要点，控制在263字以内。,Model3,0.9007,864.91,2.2937
从文本中提取姓名、公司、职位三个字段，并输出 JSON：张三就职于华星科技，担任研发经理。 要求包含5个要点，控制在263字以内。,Model4,0.8299,872.53,2.8075
从文本中提取姓名、公司、职位三个字段，并输出 JSON：张三就职于华星科技，担任研发经理。 要求包含5个要点，控制在263字以内。,Model5,0.8908,857.22,3.3167
从文本中提取姓名、公司、职位三个字段，并输出 JSON：张三就职于华星科技，担任研发经理。 要求包含5个要点，控制在263字以内。,Model6,0.8853,995.14,4.2184
从文本中提取姓名、公司、职位三个字段，并输出 JSON：张三就职于华星科技，担任研发经理。 要求包含5个要点，控制在263字以内。,Model7,0.8851,1078.23,5.8624
从文本中提取姓名、公司、职位三个字段，并输出 JSON：张三就职于华星科技，担任研发经理。 要求包含5个要点，控制在263字以内。,Model8,0.9146,1135.03,6.6232
从文本中提取姓名、公司、职位三个字段，并输出 JSON：张三就职于华星科技，担任研发经理。 要求包含5个要点，控制在263字以内。,Model9,0.9279,1396.23,8.8201
从文本中提取姓名、公司、职位三个字段，并输出 JSON：张三就职于华星科技，担任研发经理。 要求包含5个要点，控制在263字以内。,Model10,0.9354,1485.70,10.9775
比较请求调度与数据库索引的主要区别，并给出适用条件。 要求包含2个要点，控制在280字以内。,Model1,0.8070,720.84,1.5287
比较请求调度与数据库索引的主要区别，并给出适用条件。 要求包含2个要点，控制在280字以内。,Model2,0.8102,808.42,1.8516
比较请求调度与数据库索引的主要区别，并给出适用条件。 要求包含2个要点，控制在280字以内。,Model3,0.7996,994.43,2.3475
比较请求调度与数据库索引的主要区别，并给出适用条件。 要求包含2个要点，控制在280字以内。,Model4,0.8347,972.45,2.7655
比较请求调度与数据库索引的主要区别，并给出适用条件。 要求包含2个要点，控制在280字以内。,Model5,0.8700,1037.41,3.5621
比较请求调度与数据库索引的主要区别，并给出适用条件。 要求包含2个要点，控制在280字以内。,Model6,0.8620,1100.14,4.0227
比较请求调度与数据库索引的主要区别，并给出适用条件。 要求包含2个要点，控制在280字以内。,Model7,0.8813,1380.00,5.5800
比较请求调度与数据库索引的主要区别，并给出适用条件。 要求包含2个要点，控制在280字以内。,Model8,0.8918,1555.35,6.7481
比较请求调度与数据库索引的主要区别，并给出适用条件。 要求包含2个要点，控制在280字以内。,Model9,0.9023,1455.76,8.8856
比较请求调度与数据库索引的主要区别，并给出适用条件。 要求包含2个要点，控制在280字以内。,Model10,0.9116,1589.54,11.0587
一个项目成功概率为0.6，连续两次至少成功一次的概率是多少？ 要求包含3个要点，控制在297字以内。,Model1,0.4240,859.13,1.7212
一个项目成功概率为0.6，连续两次至少成功一次的概率是多少？ 要求包含3个要点，控制在297字以内。,Model2,0.4687,926.88,2.1038
一个项目成功概率为0.6，连续两次至少成功一次的概率是多少？ 要求包含3个要点，控制在297字以内。,Model3,0.5204,1074.23,2.8405
一个项目成功概率为0.6，连续两次至少成功一次的概率是多少？ 要求包含3个要点，控制在297字以内。,Model4,0.7855,1202.01,3.1386
一个项目成功概率为0.6，连续两次至少成功一次的概率是多少？ 要求包含3个要点，控制在297字以内。,Model5,0.7195,1261.90,4.1058
一个项目成功概率为0.6，连续两次至少成功一次的概率是多少？ 要求包含3个要点，控制在297字以内。,Model6,0.7497,1477.81,5.1417
一个项目成功概率为0.6，连续两次至少成功一次的概率是多少？ 要求包含3个要点，控制在297字以内。,Model7,0.8246,1495.89,6.5740
一个项目成功概率为0.6，连续两次至少成功一次的概率是多少？ 要求包含3个要点，控制在297字以内。,Model8,0.7923,1596.53,8.4001
一个项目成功概率为0.6，连续两次至少成功一次的概率是多少？ 要求包含3个要点，控制在297字以内。,Model9,0.8277,2106.38,10.1687
一个项目成功概率为0.6，连续两次至少成功一次的概率是多少？ 要求包含3个要点，控制在297字以内。,Model10,0.8554,2056.39,13.2494
分析下面 SQL 的性能问题并给出索引建议：SELECT * FROM orders WHERE user_id=4 ORDER BY created_at DESC; 要求包含4个要点，控制在94字以内。,Model1,0.5961,693.82,1.5394
分析下面 SQL 的性能问题并给出索引建议：SELECT * FROM orders WHERE user_id=4 ORDER BY created_at DESC; 要求包含4个要点，控制在94字以内。,Model2,0.6349,773.36,1.9172
分析下面 SQL 的性能问题并给出索引建议：SELECT * FROM orders WHERE user_id=4 ORDER BY created_at DESC; 要求包含4个要点，控制在94字以内。,Model3,0.8793,887.50,2.5923
分析下面 SQL 的性能问题并给出索引建议：SELECT * FROM orders WHERE user_id=4 ORDER BY created_at DESC; 要求包含4个要点，控制在94字以内。,Model4,0.8055,912.52,3.1295
分析下面 SQL 的性能问题并给出索引建议：SELECT * FROM orders WHERE user_id=4 ORDER BY created_at DESC; 要求包含4个要点，控制在94字以内。,Model5,0.8127,1067.72,3.6234
分析下面 SQL 的性能问题并给出索引建议：SELECT * FROM orders WHERE user_id=4 ORDER BY created_at DESC; 要求包含4个要点，控制在94字以内。,Model6,0.8953,1079.11,4.5276
分析下面 SQL 的性能问题并给出索引建议：SELECT * FROM orders WHERE user_id=4 ORDER BY created_at DESC; 要求包含4个要点，控制在94字以内。,Model7,0.8839,1255.04,5.8485
分析下面 SQL 的性能问题并给出索引建议：SELECT * FROM orders WHERE user_id=4 ORDER BY created_at DESC; 要求包含4个要点，控制在94字以内。,Model8,0.8543,1209.93,7.2047
分析下面 SQL 的性能问题并给出索引建议：SELECT * FROM orders WHERE user_id=4 ORDER BY created_at DESC; 要求包含4个要点，控制在94字以内。,Model9,0.9044,1401.09,9.4333
分析下面 SQL 的性能问题并给出索引建议：SELECT * FROM orders WHERE user_id=4 ORDER BY created_at DESC; 要求包含4个要点，控制在94字以内。,Model10,0.9165,1576.12,10.6446
将这段技术说明概括为不超过120字的摘要。 要求包含5个要点，控制在111字以内。,Model1,0.8409,745.03,1.8155
将这段技术说明概括为不超过120字的摘要。 要求包含5个要点，控制在111字以内。,Model2,0.7775,821.20,2.2319
将这段技术说明概括为不超过120字的摘要。 要求包含5个要点，控制在111字以内。,Model3,0.7434,904.72,2.8300
将这段技术说明概括为不超过120字的摘要。 要求包含5个要点，控制在111字以内。,Model4,0.7210,1039.06,3.5289
将这段技术说明概括为不超过120字的摘要。 要求包含5个要点，控制在111字以内。,Model5,0.8429,1087.54,4.1949
将这段技术说明概括为不超过120字的摘要。 要求包含5个要点，控制在111字以内。,Model6,0.7832,1117.90,5.5349
将这段技术说明概括为不超过120字的摘要。 要求包含5个要点，控制在111字以内。,Model7,0.8091,1303.14,6.6216
将这段技术说明概括为不超过120字的摘要。 要求包含5个要点，控制在111字以内。,Model8,0.8784,1375.11,8.1871
将这段技术说明概括为不超过120字的摘要。 要求包含5个要点，控制在111字以内。,Model9,0.8845,1539.66,11.1572
将这段技术说明概括为不超过120字的摘要。 要求包含5个要点，控制在111字以内。,Model10,0.8981,1697.96,12.8907
把下面句子翻译成简洁、正式的英文：模型价格变化后，路由策略应自动调整。 要求包含2个要点，控制在128字以内。,Model1,0.8368,687.98,1.6206
把下面句子翻译成简洁、正式的英文：模型价格变化后，路由策略应自动调整。 要求包含2个要点，控制在128字以内。,Model2,0.9221,621.05,1.9571
把下面句子翻译成简洁、正式的英文：模型价格变化后，路由策略应自动调整。 要求包含2个要点，控制在128字以内。,Model3,0.8431,671.59,2.6365
把下面句子翻译成简洁、正式的英文：模型价格变化后，路由策略应自动调整。 要求包含2个要点，控制在128字以内。,Model4,0.8215,823.88,3.2593
把下面句子翻译成简洁、正式的英文：模型价格变化后，路由策略应自动调整。 要求包含2个要点，控制在128字以内。,Model5,0.9094,906.96,3.7915
把下面句子翻译成简洁、正式的英文：模型价格变化后，路由策略应自动调整。 要求包含2个要点，控制在128字以内。,Model6,0.8620,861.86,4.6782
把下面句子翻译成简洁、正式的英文：模型价格变化后，路由策略应自动调整。 要求包含2个要点，控制在128字以内。,Model7,0.8842,1069.48,6.2034
把下面句子翻译成简洁、正式的英文：模型价格变化后，路由策略应自动调整。 要求包含2个要点，控制在128字以内。,Model8,0.9293,1189.59,7.3421
把下面句子翻译成简洁、正式的英文：模型价格变化后，路由策略应自动调整。 要求包含2个要点，控制在128字以内。,Model9,0.9370,1142.14,9.7923
把下面句子翻译成简洁、正式的英文：模型价格变化后，路由策略应自动调整。 要求包含2个要点，控制在128字以内。,Model10,0.9440,1330.85,11.6827
从文本中提取姓名、公司、职位三个字段，并输出 JSON：张三就职于华星科技，担任研发经理。 要求包含3个要点，控制在145字以内。,Model1,0.8793,700.58,1.7116
从文本中提取姓名、公司、职位三个字段，并输出 JSON：张三就职于华星科技，担任研发经理。 要求包含3个要点，控制在145字以内。,Model2,0.8207,799.08,1.9488
从文本中提取姓名、公司、职位三个字段，并输出 JSON：张三就职于华星科技，担任研发经理。 要求包含3个要点，控制在145字以内。,Model3,0.8768,857.02,2.5769
从文本中提取姓名、公司、职位三个字段，并输出 JSON：张三就职于华星科技，担任研发经理。 要求包含3个要点，控制在145字以内。,Model4,0.7897,914.09,3.1848
从文本中提取姓名、公司、职位三个字段，并输出 JSON：张三就职于华星科技，担任研发经理。 要求包含3个要点，控制在145字以内。,Model5,0.8644,1068.62,3.8455
从文本中提取姓名、公司、职位三个字段，并输出 JSON：张三就职于华星科技，担任研发经理。 要求包含3个要点，控制在145字以内。,Model6,0.8582,1086.44,4.6226
从文本中提取姓名、公司、职位三个字段，并输出 JSON：张三就职于华星科技，担任研发经理。 要求包含3个要点，控制在145字以内。,Model7,0.8580,1090.95,5.8155
从文本中提取姓名、公司、职位三个字段，并输出 JSON：张三就职于华星科技，担任研发经理。 要求包含3个要点，控制在145字以内。,Model8,0.8971,1327.36,6.9437
从文本中提取姓名、公司、职位三个字段，并输出 JSON：张三就职于华星科技，担任研发经理。 要求包含3个要点，控制在145字以内。,Model9,0.9088,1483.75,9.1536
从文本中提取姓名、公司、职位三个字段，并输出 JSON：张三就职于华星科技，担任研发经理。 要求包含3个要点，控制在145字以内。,Model10,0.9216,1619.47,11.5808
为什么向量检索在实际系统中重要？请用通俗语言回答。 要求包含4个要点，控制在162字以内。,Model1,0.7559,813.96,1.5713
为什么向量检索在实际系统中重要？请用通俗语言回答。 要求包含4个要点，控制在162字以内。,Model2,0.7800,867.62,1.9091
为什么向量检索在实际系统中重要？请用通俗语言回答。 要求包含4个要点，控制在162字以内。,Model3,0.7625,956.56,2.3881
为什么向量检索在实际系统中重要？请用通俗语言回答。 要求包含4个要点，控制在162字以内。,Model4,0.7988,1133.11,3.0153
为什么向量检索在实际系统中重要？请用通俗语言回答。 要求包含4个要点，控制在162字以内。,Model5,0.8324,1139.84,3.8610
为什么向量检索在实际系统中重要？请用通俗语言回答。 要求包含4个要点，控制在162字以内。,Model6,0.8243,1302.69,4.6246
为什么向量检索在实际系统中重要？请用通俗语言回答。 要求包含4个要点，控制在162字以内。,Model7,0.8495,1380.74,5.7621
为什么向量检索在实际系统中重要？请用通俗语言回答。 要求包含4个要点，控制在162字以内。,Model8,0.8687,1573.73,7.0385
为什么向量检索在实际系统中重要？请用通俗语言回答。 要求包含4个要点，控制在162字以内。,Model9,0.8810,1643.51,9.1804
为什么向量检索在实际系统中重要？请用通俗语言回答。 要求包含4个要点，控制在162字以内。,Model10,0.8854,1746.47,11.6121
一个项目成功概率为0.5，连续两次至少成功一次的概率是多少？ 要求包含5个要点，控制在179字以内。,Model1,0.6349,647.17,1.4334
一个项目成功概率为0.5，连续两次至少成功一次的概率是多少？ 要求包含5个要点，控制在179字以内。,Model2,0.6840,756.61,1.7368
一个项目成功概率为0.5，连续两次至少成功一次的概率是多少？ 要求包含5个要点，控制在179字以内。,Model3,0.7196,802.19,2.0732
一个项目成功概率为0.5，连续两次至少成功一次的概率是多少？ 要求包含5个要点，控制在179字以内。,Model4,0.8973,845.62,2.5602
一个项目成功概率为0.5，连续两次至少成功一次的概率是多少？ 要求包含5个要点，控制在179字以内。,Model5,0.8562,861.69,3.2201
一个项目成功概率为0.5，连续两次至少成功一次的概率是多少？ 要求包含5个要点，控制在179字以内。,Model6,0.8859,1029.58,3.8088
一个项目成功概率为0.5，连续两次至少成功一次的概率是多少？ 要求包含5个要点，控制在179字以内。,Model7,0.9178,1077.39,5.1994
一个项目成功概率为0.5，连续两次至少成功一次的概率是多少？ 要求包含5个要点，控制在179字以内。,Model8,0.8953,1208.66,6.2102
一个项目成功概率为0.5，连续两次至少成功一次的概率是多少？ 要求包含5个要点，控制在179字以内。,Model9,0.9172,1293.90,7.9598
一个项目成功概率为0.5，连续两次至少成功一次的概率是多少？ 要求包含5个要点，控制在179字以内。,Model10,0.9281,1492.54,9.8228
用 Python 编写函数，将列表中的重复元素去除并保持原顺序。 要求包含2个要点，控制在196字以内。,Model1,0.5311,799.71,1.4737
用 Python 编写函数，将列表中的重复元素去除并保持原顺序。 要求包含2个要点，控制在196字以内。,Model2,0.5706,815.66,1.8894
用 Python 编写函数，将列表中的重复元素去除并保持原顺序。 要求包含2个要点，控制在196字以内。,Model3,0.8501,919.85,2.3769
用 Python 编写函数，将列表中的重复元素去除并保持原顺序。 要求包含2个要点，控制在196字以内。,Model4,0.7605,1068.77,2.9707
用 Python 编写函数，将列表中的重复元素去除并保持原顺序。 要求包含2个要点，控制在196字以内。,Model5,0.7746,972.03,3.6567
用 Python 编写函数，将列表中的重复元素去除并保持原顺序。 要求包含2个要点，控制在196字以内。,Model6,0.8732,1106.57,4.5046
用 Python 编写函数，将列表中的重复元素去除并保持原顺序。 要求包含2个要点，控制在196字以内。,Model7,0.8543,1328.82,6.0446
用 Python 编写函数，将列表中的重复元素去除并保持原顺序。 要求包含2个要点，控制在196字以内。,Model8,0.8219,1578.98,6.6609
用 Python 编写函数，将列表中的重复元素去除并保持原顺序。 要求包含2个要点，控制在196字以内。,Model9,0.8758,1650.66,9.4292
用 Python 编写函数，将列表中的重复元素去除并保持原顺序。 要求包含2个要点，控制在196字以内。,Model10,0.8991,1806.83,10.8463
总结以下会议纪要，保留结论、负责人和下一步动作。 要求包含3个要点，控制在213字以内。,Model1,0.8015,891.22,1.9989
总结以下会议纪要，保留结论、负责人和下一步动作。 要求包含3个要点，控制在213字以内。,Model2,0.7356,884.36,2.3504
总结以下会议纪要，保留结论、负责人和下一步动作。 要求包含3个要点，控制在213字以内。,Model3,0.6950,1117.65,2.9164
总结以下会议纪要，保留结论、负责人和下一步动作。 要求包含3个要点，控制在213字以内。,Model4,0.6867,1166.19,3.5031
总结以下会议纪要，保留结论、负责人和下一步动作。 要求包含3个要点，控制在213字以内。,Model5,0.8076,1370.52,4.3279
总结以下会议纪要，保留结论、负责人和下一步动作。 要求包含3个要点，控制在213字以内。,Model6,0.7336,1263.63,5.6971
总结以下会议纪要，保留结论、负责人和下一步动作。 要求包含3个要点，控制在213字以内。,Model7,0.7698,1456.93,7.0391
总结以下会议纪要，保留结论、负责人和下一步动作。 要求包含3个要点，控制在213字以内。,Model8,0.8447,1432.97,8.5394
总结以下会议纪要，保留结论、负责人和下一步动作。 要求包含3个要点，控制在213字以内。,Model9,0.8603,1754.29,11.2424
总结以下会议纪要，保留结论、负责人和下一步动作。 要求包含3个要点，控制在213字以内。,Model10,0.8747,1883.83,14.5295
"Translate into Chinese: The router predicts quality, cost and latency for every candidate model. 要求包含4个要点，控制在230字以内。",Model1,0.8050,677.08,1.7606
"Translate into Chinese: The router predicts quality, cost and latency for every candidate model. 要求包含4个要点，控制在230字以内。",Model2,0.9010,755.90,1.9964
"Translate into Chinese: The router predicts quality, cost and latency for every candidate model. 要求包含4个要点，控制在230字以内。",Model3,0.8052,729.24,2.7053
"Translate into Chinese: The router predicts quality, cost and latency for every candidate model. 要求包含4个要点，控制在230字以内。",Model4,0.7768,870.73,3.2733
"Translate into Chinese: The router predicts quality, cost and latency for every candidate model. 要求包含4个要点，控制在230字以内。",Model5,0.8876,1010.21,3.9803
"Translate into Chinese: The router predicts quality, cost and latency for every candidate model. 要求包含4个要点，控制在230字以内。",Model6,0.8276,1175.76,4.6334
"Translate into Chinese: The router predicts quality, cost and latency for every candidate model. 要求包含4个要点，控制在230字以内。",Model7,0.8612,1177.63,6.3858
"Translate into Chinese: The router predicts quality, cost and latency for every candidate model. 要求包含4个要点，控制在230字以内。",Model8,0.9113,1218.60,7.7576
"Translate into Chinese: The router predicts quality, cost and latency for every candidate model. 要求包含4个要点，控制在230字以内。",Model9,0.9221,1266.13,10.1681
"Translate into Chinese: The router predicts quality, cost and latency for every candidate model. 要求包含4个要点，控制在230字以内。",Model10,0.9288,1310.16,12.1765
把以下内容整理为 key-value：客户=远航制造；问题=接口超时；优先级=高。 要求包含5个要点，控制在247字以内。,Model1,0.8512,868.32,1.6012
把以下内容整理为 key-value：客户=远航制造；问题=接口超时；优先级=高。 要求包含5个要点，控制在247字以内。,Model2,0.7830,871.16,1.8893
把以下内容整理为 key-value：客户=远航制造；问题=接口超时；优先级=高。 要求包含5个要点，控制在247字以内。,Model3,0.8457,949.54,2.5117
把以下内容整理为 key-value：客户=远航制造；问题=接口超时；优先级=高。 要求包含5个要点，控制在247字以内。,Model4,0.7547,1092.68,3.0386
把以下内容整理为 key-value：客户=远航制造；问题=接口超时；优先级=高。 要求包含5个要点，控制在247字以内。,Model5,0.8302,1249.30,3.6240
把以下内容整理为 key-value：客户=远航制造；问题=接口超时；优先级=高。 要求包含5个要点，控制在247字以内。,Model6,0.8257,1119.72,4.5590
把以下内容整理为 key-value：客户=远航制造；问题=接口超时；优先级=高。 要求包含5个要点，控制在247字以内。,Model7,0.8272,1346.63,6.0236
把以下内容整理为 key-value：客户=远航制造；问题=接口超时；优先级=高。 要求包含5个要点，控制在247字以内。,Model8,0.8663,1290.98,7.5133
把以下内容整理为 key-value：客户=远航制造；问题=接口超时；优先级=高。 要求包含5个要点，控制在247字以内。,Model9,0.8845,1575.04,9.3216
把以下内容整理为 key-value：客户=远航制造；问题=接口超时；优先级=高。 要求包含5个要点，控制在247字以内。,Model10,0.9007,1817.48,11.5284
为什么成本控制在实际系统中重要？请用通俗语言回答。 要求包含2个要点，控制在264字以内。,Model1,0.8796,584.29,1.1549
为什么成本控制在实际系统中重要？请用通俗语言回答。 要求包含2个要点，控制在264字以内。,Model2,0.8904,665.21,1.4920
为什么成本控制在实际系统中重要？请用通俗语言回答。 要求包含2个要点，控制在264字以内。,Model3,0.8829,680.49,1.9176
为什么成本控制在实际系统中重要？请用通俗语言回答。 要求包含2个要点，控制在264字以内。,Model4,0.9052,841.79,2.2842
为什么成本控制在实际系统中重要？请用通俗语言回答。 要求包含2个要点，控制在264字以内。,Model5,0.9250,789.06,2.8131
为什么成本控制在实际系统中重要？请用通俗语言回答。 要求包含2个要点，控制在264字以内。,Model6,0.9222,920.49,3.5389
为什么成本控制在实际系统中重要？请用通俗语言回答。 要求包含2个要点，控制在264字以内。,Model7,0.9325,1026.99,4.5061
为什么成本控制在实际系统中重要？请用通俗语言回答。 要求包含2个要点，控制在264字以内。,Model8,0.9362,1114.37,5.3678
为什么成本控制在实际系统中重要？请用通俗语言回答。 要求包含2个要点，控制在264字以内。,Model9,0.9454,1195.57,6.8891
为什么成本控制在实际系统中重要？请用通俗语言回答。 要求包含2个要点，控制在264字以内。,Model10,0.9502,1395.46,8.7671
"已知一组数据为 9,91,42,8，计算平均值并说明步骤。 要求包含3个要点，控制在281字以内。",Model1,0.5849,758.67,1.5005
"已知一组数据为 9,91,42,8，计算平均值并说明步骤。 要求包含3个要点，控制在281字以内。",Model2,0.6326,847.82,1.7081
"已知一组数据为 9,91,42,8，计算平均值并说明步骤。 要求包含3个要点，控制在281字以内。",Model3,0.6819,934.00,2.2473
"已知一组数据为 9,91,42,8，计算平均值并说明步骤。 要求包含3个要点，控制在281字以内。",Model4,0.8660,999.91,2.7623
"已知一组数据为 9,91,42,8，计算平均值并说明步骤。 要求包含3个要点，控制在281字以内。",Model5,0.8154,1044.52,3.1563
"已知一组数据为 9,91,42,8，计算平均值并说明步骤。 要求包含3个要点，控制在281字以内。",Model6,0.8512,1122.37,4.2400
"已知一组数据为 9,91,42,8，计算平均值并说明步骤。 要求包含3个要点，控制在281字以内。",Model7,0.8962,1156.82,5.3993
"已知一组数据为 9,91,42,8，计算平均值并说明步骤。 要求包含3个要点，控制在281字以内。",Model8,0.8687,1281.69,6.2843
"已知一组数据为 9,91,42,8，计算平均值并说明步骤。 要求包含3个要点，控制在281字以内。",Model9,0.8966,1372.48,8.2727
"已知一组数据为 9,91,42,8，计算平均值并说明步骤。 要求包含3个要点，控制在281字以内。",Model10,0.9121,1755.66,10.2908
分析下面 SQL 的性能问题并给出索引建议：SELECT * FROM orders WHERE user_id=6 ORDER BY created_at DESC; 要求包含4个要点，控制在298字以内。,Model1,0.4693,776.16,1.8694
分析下面 SQL 的性能问题并给出索引建议：SELECT * FROM orders WHERE user_id=6 ORDER BY created_at DESC; 要求包含4个要点，控制在298字以内。,Model2,0.5055,840.84,2.1690
分析下面 SQL 的性能问题并给出索引建议：SELECT * FROM orders WHERE user_id=6 ORDER BY created_at DESC; 要求包含4个要点，控制在298字以内。,Model3,0.8132,944.60,2.9327
分析下面 SQL 的性能问题并给出索引建议：SELECT * FROM orders WHERE user_id=6 ORDER BY created_at DESC; 要求包含4个要点，控制在298字以内。,Model4,0.7097,1114.58,3.3893
分析下面 SQL 的性能问题并给出索引建议：SELECT * FROM orders WHERE user_id=6 ORDER BY created_at DESC; 要求包含4个要点，控制在298字以内。,Model5,0.7339,1207.74,4.2739
分析下面 SQL 的性能问题并给出索引建议：SELECT * FROM orders WHERE user_id=6 ORDER BY created_at DESC; 要求包含4个要点，控制在298字以内。,Model6,0.8467,1323.80,5.2860
分析下面 SQL 的性能问题并给出索引建议：SELECT * FROM orders WHERE user_id=6 ORDER BY created_at DESC; 要求包含4个要点，控制在298字以内。,Model7,0.8191,1546.79,6.6256
分析下面 SQL 的性能问题并给出索引建议：SELECT * FROM orders WHERE user_id=6 ORDER BY created_at DESC; 要求包含4个要点，控制在298字以内。,Model8,0.7893,1409.88,8.0260
分析下面 SQL 的性能问题并给出索引建议：SELECT * FROM orders WHERE user_id=6 ORDER BY created_at DESC; 要求包含4个要点，控制在298字以内。,Model9,0.8446,1712.81,10.4569
分析下面 SQL 的性能问题并给出索引建议：SELECT * FROM orders WHERE user_id=6 ORDER BY created_at DESC; 要求包含4个要点，控制在298字以内。,Model10,0.8715,1946.24,12.7620
将这段技术说明概括为不超过120字的摘要。 要求包含5个要点，控制在95字以内。,Model1,0.9072,651.33,1.5355
将这段技术说明概括为不超过120字的摘要。 要求包含5个要点，控制在95字以内。,Model2,0.8640,715.28,1.8874
将这段技术说明概括为不超过120字的摘要。 要求包含5个要点，控制在95字以内。,Model3,0.8489,832.37,2.5008
将这段技术说明概括为不超过120字的摘要。 要求包含5个要点，控制在95字以内。,Model4,0.8313,739.72,2.9309
将这段技术说明概括为不超过120字的摘要。 要求包含5个要点，控制在95字以内。,Model5,0.9052,911.84,3.5389
将这段技术说明概括为不超过120字的摘要。 要求包含5个要点，控制在95字以内。,Model6,0.8681,960.27,4.6167
将这段技术说明概括为不超过120字的摘要。 要求包含5个要点，控制在95字以内。,Model7,0.8922,1120.41,5.6359
将这段技术说明概括为不超过120字的摘要。 要求包含5个要点，控制在95字以内。,Model8,0.9302,1267.43,7.0904
将这段技术说明概括为不超过120字的摘要。 要求包含5个要点，控制在95字以内。,Model9,0.9386,1359.98,8.6707
将这段技术说明概括为不超过120字的摘要。 要求包含5个要点，控制在95字以内。,Model10,0.9417,1497.57,11.1199
将下面中文翻译成英文：系统应先满足质量阈值，再选择成本最低的模型。 要求包含2个要点，控制在112字以内。,Model1,0.7643,669.17,1.8594
将下面中文翻译成英文：系统应先满足质量阈值，再选择成本最低的模型。 要求包含2个要点，控制在112字以内。,Model2,0.8778,783.22,2.1123
将下面中文翻译成英文：系统应先满足质量阈值，再选择成本最低的模型。 要求包含2个要点，控制在112字以内。,Model3,0.7591,927.63,2.8757
将下面中文翻译成英文：系统应先满足质量阈值，再选择成本最低的模型。 要求包含2个要点，控制在112字以内。,Model4,0.7332,1004.97,3.6266
将下面中文翻译成英文：系统应先满足质量阈值，再选择成本最低的模型。 要求包含2个要点，控制在112字以内。,Model5,0.8616,1076.05,4.2870
将下面中文翻译成英文：系统应先满足质量阈值，再选择成本最低的模型。 要求包含2个要点，控制在112字以内。,Model6,0.7904,1083.84,5.5243
将下面中文翻译成英文：系统应先满足质量阈值，再选择成本最低的模型。 要求包含2个要点，控制在112字以内。,Model7,0.8212,1336.21,6.6503
将下面中文翻译成英文：系统应先满足质量阈值，再选择成本最低的模型。 要求包含2个要点，控制在112字以内。,Model8,0.8953,1427.21,8.5482
将下面中文翻译成英文：系统应先满足质量阈值，再选择成本最低的模型。 要求包含2个要点，控制在112字以内。,Model9,0.9027,1558.52,10.7606
将下面中文翻译成英文：系统应先满足质量阈值，再选择成本最低的模型。 要求包含2个要点，控制在112字以内。,Model10,0.9100,1676.60,13.1760
把以下内容整理为 key-value：客户=远航制造；问题=接口超时；优先级=高。 要求包含3个要点，控制在129字以内。,Model1,0.8197,889.21,1.7496
把以下内容整理为 key-value：客户=远航制造；问题=接口超时；优先级=高。 要求包含3个要点，控制在129字以内。,Model2,0.7407,860.54,2.0592
把以下内容整理为 key-value：客户=远航制造；问题=接口超时；优先级=高。 要求包含3个要点，控制在129字以内。,Model3,0.8138,1053.45,2.4881
把以下内容整理为 key-value：客户=远航制造；问题=接口超时；优先级=高。 要求包含3个要点，控制在129字以内。,Model4,0.7025,1205.48,3.2788
把以下内容整理为 key-value：客户=远航制造；问题=接口超时；优先级=高。 要求包含3个要点，控制在129字以内。,Model5,0.7991,1159.66,3.8848
把以下内容整理为 key-value：客户=远航制造；问题=接口超时；优先级=高。 要求包含3个要点，控制在129字以内。,Model6,0.7843,1312.31,5.0788
把以下内容整理为 key-value：客户=远航制造；问题=接口超时；优先级=高。 要求包含3个要点，控制在129字以内。,Model7,0.7815,1277.45,6.6410
把以下内容整理为 key-value：客户=远航制造；问题=接口超时；优先级=高。 要求包含3个要点，控制在129字以内。,Model8,0.8338,1414.56,8.0225
把以下内容整理为 key-value：客户=远航制造；问题=接口超时；优先级=高。 要求包含3个要点，控制在129字以内。,Model9,0.8562,1642.82,9.8140
把以下内容整理为 key-value：客户=远航制造；问题=接口超时；优先级=高。 要求包含3个要点，控制在129字以内。,Model10,0.8735,1958.23,12.5446
为什么向量检索在实际系统中重要？请用通俗语言回答。 要求包含4个要点，控制在146字以内。,Model1,0.8546,654.88,1.3725
为什么向量检索在实际系统中重要？请用通俗语言回答。 要求包含4个要点，控制在146字以内。,Model2,0.8694,755.80,1.5655
为什么向量检索在实际系统中重要？请用通俗语言回答。 要求包含4个要点，控制在146字以内。,Model3,0.8596,794.06,2.0044
为什么向量检索在实际系统中重要？请用通俗语言回答。 要求包含4个要点，控制在146字以内。,Model4,0.8780,874.59,2.4682
为什么向量检索在实际系统中重要？请用通俗语言回答。 要求包含4个要点，控制在146字以内。,Model5,0.9051,883.66,3.0597
为什么向量检索在实际系统中重要？请用通俗语言回答。 要求包含4个要点，控制在146字以内。,Model6,0.9025,950.24,3.9425
为什么向量检索在实际系统中重要？请用通俗语言回答。 要求包含4个要点，控制在146字以内。,Model7,0.9113,1068.22,4.7402
为什么向量检索在实际系统中重要？请用通俗语言回答。 要求包含4个要点，控制在146字以内。,Model8,0.9227,1113.47,5.8507
为什么向量检索在实际系统中重要？请用通俗语言回答。 要求包含4个要点，控制在146字以内。,Model9,0.9294,1419.04,7.4801
为什么向量检索在实际系统中重要？请用通俗语言回答。 要求包含4个要点，控制在146字以内。,Model10,0.9376,1374.95,9.4433
一个项目成功概率为0.2，连续两次至少成功一次的概率是多少？ 要求包含5个要点，控制在163字以内。,Model1,0.5168,829.84,1.6162
一个项目成功概率为0.2，连续两次至少成功一次的概率是多少？ 要求包含5个要点，控制在163字以内。,Model2,0.5597,824.47,2.0108
一个项目成功概率为0.2，连续两次至少成功一次的概率是多少？ 要求包含5个要点，控制在163字以内。,Model3,0.6259,887.47,2.5498
一个项目成功概率为0.2，连续两次至少成功一次的概率是多少？ 要求包含5个要点，控制在163字以内。,Model4,0.8381,1044.88,3.1100
一个项目成功概率为0.2，连续两次至少成功一次的概率是多少？ 要求包含5个要点，控制在163字以内。,Model5,0.7871,1274.06,3.7634
一个项目成功概率为0.2，连续两次至少成功一次的概率是多少？ 要求包含5个要点，控制在163字以内。,Model6,0.8072,1171.68,4.8689
一个项目成功概率为0.2，连续两次至少成功一次的概率是多少？ 要求包含5个要点，控制在163字以内。,Model7,0.8721,1393.38,6.0335
一个项目成功概率为0.2，连续两次至少成功一次的概率是多少？ 要求包含5个要点，控制在163字以内。,Model8,0.8372,1329.84,6.8106
一个项目成功概率为0.2，连续两次至少成功一次的概率是多少？ 要求包含5个要点，控制在163字以内。,Model9,0.8719,1563.06,9.3176
一个项目成功概率为0.2，连续两次至少成功一次的概率是多少？ 要求包含5个要点，控制在163字以内。,Model10,0.8942,1814.79,11.8896
修复这段伪代码中的边界错误，并说明时间复杂度。 要求包含2个要点，控制在180字以内。,Model1,0.6863,628.48,1.2631
修复这段伪代码中的边界错误，并说明时间复杂度。 要求包含2个要点，控制在180字以内。,Model2,0.7041,664.72,1.5084
修复这段伪代码中的边界错误，并说明时间复杂度。 要求包含2个要点，控制在180字以内。,Model3,0.9112,789.38,1.9632
修复这段伪代码中的边界错误，并说明时间复杂度。 要求包含2个要点，控制在180字以内。,Model4,0.8560,878.86,2.4022
修复这段伪代码中的边界错误，并说明时间复杂度。 要求包含2个要点，控制在180字以内。,Model5,0.8601,910.45,2.8787
修复这段伪代码中的边界错误，并说明时间复杂度。 要求包含2个要点，控制在180字以内。,Model6,0.9270,887.30,3.5102
修复这段伪代码中的边界错误，并说明时间复杂度。 要求包含2个要点，控制在180字以内。,Model7,0.9180,1103.68,4.4517
修复这段伪代码中的边界错误，并说明时间复杂度。 要求包含2个要点，控制在180字以内。,Model8,0.9013,1202.42,5.9628
修复这段伪代码中的边界错误，并说明时间复杂度。 要求包含2个要点，控制在180字以内。,Model9,0.9281,1201.18,7.1673
修复这段伪代码中的边界错误，并说明时间复杂度。 要求包含2个要点，控制在180字以内。,Model10,0.9408,1514.43,8.5099
请把下面材料压缩成三点摘要：企业上线多模型后，需要在质量、成本和延迟之间进行路由选择。 要求包含3个要点，控制在197字以内。,Model1,0.8841,660.59,1.9210
请把下面材料压缩成三点摘要：企业上线多模型后，需要在质量、成本和延迟之间进行路由选择。 要求包含3个要点，控制在197字以内。,Model2,0.8312,714.98,2.3170
请把下面材料压缩成三点摘要：企业上线多模型后，需要在质量、成本和延迟之间进行路由选择。 要求包含3个要点，控制在197字以内。,Model3,0.8081,790.21,2.8142
请把下面材料压缩成三点摘要：企业上线多模型后，需要在质量、成本和延迟之间进行路由选择。 要求包含3个要点，控制在197字以内。,Model4,0.7960,962.64,3.5874
请把下面材料压缩成三点摘要：企业上线多模型后，需要在质量、成本和延迟之间进行路由选择。 要求包含3个要点，控制在197字以内。,Model5,0.8856,1063.83,4.2682
请把下面材料压缩成三点摘要：企业上线多模型后，需要在质量、成本和延迟之间进行路由选择。 要求包含3个要点，控制在197字以内。,Model6,0.8342,1076.69,5.5655
请把下面材料压缩成三点摘要：企业上线多模型后，需要在质量、成本和延迟之间进行路由选择。 要求包含3个要点，控制在197字以内。,Model7,0.8684,1172.80,7.0561
请把下面材料压缩成三点摘要：企业上线多模型后，需要在质量、成本和延迟之间进行路由选择。 要求包含3个要点，控制在197字以内。,Model8,0.9121,1222.42,8.5129
请把下面材料压缩成三点摘要：企业上线多模型后，需要在质量、成本和延迟之间进行路由选择。 要求包含3个要点，控制在197字以内。,Model9,0.9220,1356.31,10.7828
请把下面材料压缩成三点摘要：企业上线多模型后，需要在质量、成本和延迟之间进行路由选择。 要求包含3个要点，控制在197字以内。,Model10,0.9312,1603.90,13.1042
"Translate into Chinese: The router predicts quality, cost and latency for every candidate model. 要求包含4个要点，控制在214字以内。",Model1,0.7075,797.47,1.8974
"Translate into Chinese: The router predicts quality, cost and latency for every candidate model. 要求包含4个要点，控制在214字以内。",Model2,0.8484,811.97,2.2416
"Translate into Chinese: The router predicts quality, cost and latency for every candidate model. 要求包含4个要点，控制在214字以内。",Model3,0.7130,997.66,2.9409
"Translate into Chinese: The router predicts quality, cost and latency for every candidate model. 要求包含4个要点，控制在214字以内。",Model4,0.6799,1085.00,3.5956
"Translate into Chinese: The router predicts quality, cost and latency for every candidate model. 要求包含4个要点，控制在214字以内。",Model5,0.8275,1075.73,4.6491
"Translate into Chinese: The router predicts quality, cost and latency for every candidate model. 要求包含4个要点，控制在214字以内。",Model6,0.7494,1131.46,5.5874
"Translate into Chinese: The router predicts quality, cost and latency for every candidate model. 要求包含4个要点，控制在214字以内。",Model7,0.7808,1383.81,7.2909
"Translate into Chinese: The router predicts quality, cost and latency for every candidate model. 要求包含4个要点，控制在214字以内。",Model8,0.8703,1454.03,9.0200
"Translate into Chinese: The router predicts quality, cost and latency for every candidate model. 要求包含4个要点，控制在214字以内。",Model9,0.8793,1635.54,11.2288
"Translate into Chinese: The router predicts quality, cost and latency for every candidate model. 要求包含4个要点，控制在214字以内。",Model10,0.8912,1810.28,14.3035
从文本中提取姓名、公司、职位三个字段，并输出 JSON：张三就职于华星科技，担任研发经理。 要求包含5个要点，控制在231字以内。,Model1,0.9159,589.49,1.3961
从文本中提取姓名、公司、职位三个字段，并输出 JSON：张三就职于华星科技，担任研发经理。 要求包含5个要点，控制在231字以内。,Model2,0.8737,678.67,1.7690
从文本中提取姓名、公司、职位三个字段，并输出 JSON：张三就职于华星科技，担任研发经理。 要求包含5个要点，控制在231字以内。,Model3,0.9106,687.69,2.1062
从文本中提取姓名、公司、职位三个字段，并输出 JSON：张三就职于华星科技，担任研发经理。 要求包含5个要点，控制在231字以内。,Model4,0.8550,804.38,2.8363
从文本中提取姓名、公司、职位三个字段，并输出 JSON：张三就职于华星科技，担任研发经理。 要求包含5个要点，控制在231字以内。,Model5,0.8982,913.84,3.1195
从文本中提取姓名、公司、职位三个字段，并输出 JSON：张三就职于华星科技，担任研发经理。 要求包含5个要点，控制在231字以内。,Model6,0.9004,899.58,4.1680
从文本中提取姓名、公司、职位三个字段，并输出 JSON：张三就职于华星科技，担任研发经理。 要求包含5个要点，控制在231字以内。,Model7,0.9017,1050.58,5.3329
从文本中提取姓名、公司、职位三个字段，并输出 JSON：张三就职于华星科技，担任研发经理。 要求包含5个要点，控制在231字以内。,Model8,0.9233,1070.38,6.3217
从文本中提取姓名、公司、职位三个字段，并输出 JSON：张三就职于华星科技，担任研发经理。 要求包含5个要点，控制在231字以内。,Model9,0.9360,1243.11,8.2576
从文本中提取姓名、公司、职位三个字段，并输出 JSON：张三就职于华星科技，担任研发经理。 要求包含5个要点，控制在231字以内。,Model10,0.9423,1381.42,10.6172
请解释数据库索引的核心原理，并给出两个应用场景。 要求包含2个要点，控制在248字以内。,Model1,0.8194,776.84,1.4596
请解释数据库索引的核心原理，并给出两个应用场景。 要求包含2个要点，控制在248字以内。,Model2,0.8345,766.23,1.7226
请解释数据库索引的核心原理，并给出两个应用场景。 要求包含2个要点，控制在248字以内。,Model3,0.8177,920.66,2.1778
请解释数据库索引的核心原理，并给出两个应用场景。 要求包含2个要点，控制在248字以内。,Model4,0.8563,964.28,2.6957
请解释数据库索引的核心原理，并给出两个应用场景。 要求包含2个要点，控制在248字以内。,Model5,0.8814,1004.89,3.2803
请解释数据库索引的核心原理，并给出两个应用场景。 要求包含2个要点，控制在248字以内。,Model6,0.8791,1057.28,4.1785
请解释数据库索引的核心原理，并给出两个应用场景。 要求包含2个要点，控制在248字以内。,Model7,0.8941,1117.35,5.2715
请解释数据库索引的核心原理，并给出两个应用场景。 要求包含2个要点，控制在248字以内。,Model8,0.9059,1359.25,6.4281
请解释数据库索引的核心原理，并给出两个应用场景。 要求包含2个要点，控制在248字以内。,Model9,0.9120,1559.29,8.4921
请解释数据库索引的核心原理，并给出两个应用场景。 要求包含2个要点，控制在248字以内。,Model10,0.9223,1602.53,10.6165
一个项目成功概率为0.8，连续两次至少成功一次的概率是多少？ 要求包含3个要点，控制在265字以内。,Model1,0.4553,857.79,1.7632
一个项目成功概率为0.8，连续两次至少成功一次的概率是多少？ 要求包含3个要点，控制在265字以内。,Model2,0.4967,970.56,2.0071
一个项目成功概率为0.8，连续两次至少成功一次的概率是多少？ 要求包含3个要点，控制在265字以内。,Model3,0.5571,1067.95,2.6498
一个项目成功概率为0.8，连续两次至少成功一次的概率是多少？ 要求包含3个要点，控制在265字以内。,Model4,0.8054,1191.41,3.2750
一个项目成功概率为0.8，连续两次至少成功一次的概率是多少？ 要求包含3个要点，控制在265字以内。,Model5,0.7404,1183.29,3.9245
一个项目成功概率为0.8，连续两次至少成功一次的概率是多少？ 要求包含3个要点，控制在265字以内。,Model6,0.7790,1246.02,4.8536
一个项目成功概率为0.8，连续两次至少成功一次的概率是多少？ 要求包含3个要点，控制在265字以内。,Model7,0.8461,1464.67,6.4515
一个项目成功概率为0.8，连续两次至少成功一次的概率是多少？ 要求包含3个要点，控制在265字以内。,Model8,0.8074,1743.44,7.6003
一个项目成功概率为0.8，连续两次至少成功一次的概率是多少？ 要求包含3个要点，控制在265字以内。,Model9,0.8438,1788.43,10.0143
一个项目成功概率为0.8，连续两次至少成功一次的概率是多少？ 要求包含3个要点，控制在265字以内。,Model10,0.8667,1889.12,11.8932
修复这段伪代码中的边界错误，并说明时间复杂度。 要求包含4个要点，控制在282字以内。,Model1,0.6285,635.68,1.3465
修复这段伪代码中的边界错误，并说明时间复杂度。 要求包含4个要点，控制在282字以内。,Model2,0.6523,690.98,1.6725
修复这段伪代码中的边界错误，并说明时间复杂度。 要求包含4个要点，控制在282字以内。,Model3,0.8859,830.70,2.1219
修复这段伪代码中的边界错误，并说明时间复杂度。 要求包含4个要点，控制在282字以内。,Model4,0.8172,902.43,2.6290
修复这段伪代码中的边界错误，并说明时间复杂度。 要求包含4个要点，控制在282字以内。,Model5,0.8329,965.14,3.1567
修复这段伪代码中的边界错误，并说明时间复杂度。 要求包含4个要点，控制在282字以内。,Model6,0.9041,1027.45,3.8832
修复这段伪代码中的边界错误，并说明时间复杂度。 要求包含4个要点，控制在282字以内。,Model7,0.8977,1142.79,5.2595
修复这段伪代码中的边界错误，并说明时间复杂度。 要求包含4个要点，控制在282字以内。,Model8,0.8745,1286.61,5.6634
修复这段伪代码中的边界错误，并说明时间复杂度。 要求包含4个要点，控制在282字以内。,Model9,0.9114,1472.46,7.7173
修复这段伪代码中的边界错误，并说明时间复杂度。 要求包含4个要点，控制在282字以内。,Model10,0.9289,1609.73,9.2203
请把下面材料压缩成三点摘要：企业上线多模型后，需要在质量、成本和延迟之间进行路由选择。 要求包含5个要点，控制在299字以内。,Model1,0.8544,730.74,1.9372
请把下面材料压缩成三点摘要：企业上线多模型后，需要在质量、成本和延迟之间进行路由选择。 要求包含5个要点，控制在299字以内。,Model2,0.8034,797.65,2.3738
请把下面材料压缩成三点摘要：企业上线多模型后，需要在质量、成本和延迟之间进行路由选择。 要求包含5个要点，控制在299字以内。,Model3,0.7658,988.79,3.1811
请把下面材料压缩成三点摘要：企业上线多模型后，需要在质量、成本和延迟之间进行路由选择。 要求包含5个要点，控制在299字以内。,Model4,0.7586,1095.06,3.7598
请把下面材料压缩成三点摘要：企业上线多模型后，需要在质量、成本和延迟之间进行路由选择。 要求包含5个要点，控制在299字以内。,Model5,0.8616,1008.79,4.6726
请把下面材料压缩成三点摘要：企业上线多模型后，需要在质量、成本和延迟之间进行路由选择。 要求包含5个要点，控制在299字以内。,Model6,0.8061,1170.15,5.5949
请把下面材料压缩成三点摘要：企业上线多模型后，需要在质量、成本和延迟之间进行路由选择。 要求包含5个要点，控制在299字以内。,Model7,0.8304,1319.91,7.1655
请把下面材料压缩成三点摘要：企业上线多模型后，需要在质量、成本和延迟之间进行路由选择。 要求包含5个要点，控制在299字以内。,Model8,0.8870,1288.73,8.9029
请把下面材料压缩成三点摘要：企业上线多模型后，需要在质量、成本和延迟之间进行路由选择。 要求包含5个要点，控制在299字以内。,Model9,0.9006,1616.74,11.2809
请把下面材料压缩成三点摘要：企业上线多模型后，需要在质量、成本和延迟之间进行路由选择。 要求包含5个要点，控制在299字以内。,Model10,0.9119,1652.07,14.1917
将下面中文翻译成英文：系统应先满足质量阈值，再选择成本最低的模型。 要求包含2个要点，控制在96字以内。,Model1,0.6505,867.83,2.0664
将下面中文翻译成英文：系统应先满足质量阈值，再选择成本最低的模型。 要求包含2个要点，控制在96字以内。,Model2,0.8154,898.93,2.4040
将下面中文翻译成英文：系统应先满足质量阈值，再选择成本最低的模型。 要求包含2个要点，控制在96字以内。,Model3,0.6618,1082.85,3.1312
将下面中文翻译成英文：系统应先满足质量阈值，再选择成本最低的模型。 要求包含2个要点，控制在96字以内。,Model4,0.6167,1172.66,4.0033
将下面中文翻译成英文：系统应先满足质量阈值，再选择成本最低的模型。 要求包含2个要点，控制在96字以内。,Model5,0.7854,1226.66,4.5717
将下面中文翻译成英文：系统应先满足质量阈值，再选择成本最低的模型。 要求包含2个要点，控制在96字以内。,Model6,0.6981,1339.16,5.9834
将下面中文翻译成英文：系统应先满足质量阈值，再选择成本最低的模型。 要求包含2个要点，控制在96字以内。,Model7,0.7436,1489.28,7.9614
将下面中文翻译成英文：系统应先满足质量阈值，再选择成本最低的模型。 要求包含2个要点，控制在96字以内。,Model8,0.8367,1647.07,9.3307
将下面中文翻译成英文：系统应先满足质量阈值，再选择成本最低的模型。 要求包含2个要点，控制在96字以内。,Model9,0.8447,1702.40,11.8701
将下面中文翻译成英文：系统应先满足质量阈值，再选择成本最低的模型。 要求包含2个要点，控制在96字以内。,Model10,0.8636,1728.45,15.1804
把以下内容整理为 key-value：客户=远航制造；问题=接口超时；优先级=高。 要求包含3个要点，控制在113字以内。,Model1,0.8958,698.10,1.3976
把以下内容整理为 key-value：客户=远航制造；问题=接口超时；优先级=高。 要求包含3个要点，控制在113字以内。,Model2,0.8391,739.96,1.7238
把以下内容整理为 key-value：客户=远航制造；问题=接口超时；优先级=高。 要求包含3个要点，控制在113字以内。,Model3,0.8866,777.79,2.2887
把以下内容整理为 key-value：客户=远航制造；问题=接口超时；优先级=高。 要求包含3个要点，控制在113字以内。,Model4,0.8156,915.48,2.7227
把以下内容整理为 key-value：客户=远航制造；问题=接口超时；优先级=高。 要求包含3个要点，控制在113字以内。,Model5,0.8819,982.75,3.4245
把以下内容整理为 key-value：客户=远航制造；问题=接口超时；优先级=高。 要求包含3个要点，控制在113字以内。,Model6,0.8742,1107.52,4.1709
把以下内容整理为 key-value：客户=远航制造；问题=接口超时；优先级=高。 要求包含3个要点，控制在113字以内。,Model7,0.8731,1114.05,5.2271
把以下内容整理为 key-value：客户=远航制造；问题=接口超时；优先级=高。 要求包含3个要点，控制在113字以内。,Model8,0.9059,1202.47,6.5240
把以下内容整理为 key-value：客户=远航制造；问题=接口超时；优先级=高。 要求包含3个要点，控制在113字以内。,Model9,0.9210,1488.38,8.3210
把以下内容整理为 key-value：客户=远航制造；问题=接口超时；优先级=高。 要求包含3个要点，控制在113字以内。,Model10,0.9299,1365.03,10.1546
为什么并行计算在实际系统中重要？请用通俗语言回答。 要求包含4个要点，控制在130字以内。,Model1,0.7862,814.15,1.5649
为什么并行计算在实际系统中重要？请用通俗语言回答。 要求包含4个要点，控制在130字以内。,Model2,0.8012,849.38,1.8763
为什么并行计算在实际系统中重要？请用通俗语言回答。 要求包含4个要点，控制在130字以内。,Model3,0.7855,966.03,2.3580
为什么并行计算在实际系统中重要？请用通俗语言回答。 要求包含4个要点，控制在130字以内。,Model4,0.8170,1057.99,2.9231
为什么并行计算在实际系统中重要？请用通俗语言回答。 要求包含4个要点，控制在130字以内。,Model5,0.8512,1108.77,3.5659
为什么并行计算在实际系统中重要？请用通俗语言回答。 要求包含4个要点，控制在130字以内。,Model6,0.8474,1059.33,4.5830
为什么并行计算在实际系统中重要？请用通俗语言回答。 要求包含4个要点，控制在130字以内。,Model7,0.8621,1306.13,5.7905
为什么并行计算在实际系统中重要？请用通俗语言回答。 要求包含4个要点，控制在130字以内。,Model8,0.8838,1524.14,6.7985
为什么并行计算在实际系统中重要？请用通俗语言回答。 要求包含4个要点，控制在130字以内。,Model9,0.8897,1578.37,8.8036
为什么并行计算在实际系统中重要？请用通俗语言回答。 要求包含4个要点，控制在130字以内。,Model10,0.9030,1784.33,11.3915
一个项目成功概率为0.7，连续两次至少成功一次的概率是多少？ 要求包含5个要点，控制在147字以内。,Model1,0.6617,677.58,1.2933
一个项目成功概率为0.7，连续两次至少成功一次的概率是多少？ 要求包含5个要点，控制在147字以内。,Model2,0.7055,671.32,1.5730
一个项目成功概率为0.7，连续两次至少成功一次的概率是多少？ 要求包含5个要点，控制在147字以内。,Model3,0.7578,807.32,2.0002
一个项目成功概率为0.7，连续两次至少成功一次的概率是多少？ 要求包含5个要点，控制在147字以内。,Model4,0.9054,859.88,2.5588
一个项目成功概率为0.7，连续两次至少成功一次的概率是多少？ 要求包含5个要点，控制在147字以内。,Model5,0.8724,870.67,2.9650
一个项目成功概率为0.7，连续两次至少成功一次的概率是多少？ 要求包含5个要点，控制在147字以内。,Model6,0.8927,952.19,3.8813
一个项目成功概率为0.7，连续两次至少成功一次的概率是多少？ 要求包含5个要点，控制在147字以内。,Model7,0.9308,1097.07,4.8712
一个项目成功概率为0.7，连续两次至少成功一次的概率是多少？ 要求包含5个要点，控制在147字以内。,Model8,0.9089,1195.30,5.9423
一个项目成功概率为0.7，连续两次至少成功一次的概率是多少？ 要求包含5个要点，控制在147字以内。,Model9,0.9240,1273.64,7.7703
一个项目成功概率为0.7，连续两次至少成功一次的概率是多少？ 要求包含5个要点，控制在147字以内。,Model10,0.9417,1433.72,9.8228
修复这段伪代码中的边界错误，并说明时间复杂度。 要求包含2个要点，控制在164字以内。,Model1,0.5589,710.86,1.4778
修复这段伪代码中的边界错误，并说明时间复杂度。 要求包含2个要点，控制在164字以内。,Model2,0.6038,763.32,1.6769
修复这段伪代码中的边界错误，并说明时间复杂度。 要求包含2个要点，控制在164字以内。,Model3,0.8632,926.61,2.1290
修复这段伪代码中的边界错误，并说明时间复杂度。 要求包含2个要点，控制在164字以内。,Model4,0.7760,877.31,2.8267
修复这段伪代码中的边界错误，并说明时间复杂度。 要求包含2个要点，控制在164字以内。,Model5,0.8029,1113.90,3.4396
修复这段伪代码中的边界错误，并说明时间复杂度。 要求包含2个要点，控制在164字以内。,Model6,0.8871,1013.29,4.2598
修复这段伪代码中的边界错误，并说明时间复杂度。 要求包含2个要点，控制在164字以内。,Model7,0.8690,1289.33,5.5643
修复这段伪代码中的边界错误，并说明时间复杂度。 要求包含2个要点，控制在164字以内。,Model8,0.8481,1279.70,6.6599
修复这段伪代码中的边界错误，并说明时间复杂度。 要求包含2个要点，控制在164字以内。,Model9,0.8881,1550.57,8.3510
修复这段伪代码中的边界错误，并说明时间复杂度。 要求包含2个要点，控制在164字以内。,Model10,0.9093,1682.57,10.2853
请把下面材料压缩成三点摘要：企业上线多模型后，需要在质量、成本和延迟之间进行路由选择。 要求包含3个要点，控制在181字以内。,Model1,0.8270,809.63,2.1968
请把下面材料压缩成三点摘要：企业上线多模型后，需要在质量、成本和延迟之间进行路由选择。 要求包含3个要点，控制在181字以内。,Model2,0.7507,871.77,2.4512
请把下面材料压缩成三点摘要：企业上线多模型后，需要在质量、成本和延迟之间进行路由选择。 要求包含3个要点，控制在181字以内。,Model3,0.7263,947.70,3.1434
请把下面材料压缩成三点摘要：企业上线多模型后，需要在质量、成本和延迟之间进行路由选择。 要求包含3个要点，控制在181字以内。,Model4,0.7017,1086.38,4.0267
请把下面材料压缩成三点摘要：企业上线多模型后，需要在质量、成本和延迟之间进行路由选择。 要求包含3个要点，控制在181字以内。,Model5,0.8262,1272.74,5.0427
请把下面材料压缩成三点摘要：企业上线多模型后，需要在质量、成本和延迟之间进行路由选择。 要求包含3个要点，控制在181字以内。,Model6,0.7617,1120.38,6.3102
请把下面材料压缩成三点摘要：企业上线多模型后，需要在质量、成本和延迟之间进行路由选择。 要求包含3个要点，控制在181字以内。,Model7,0.8019,1272.90,8.0068
请把下面材料压缩成三点摘要：企业上线多模型后，需要在质量、成本和延迟之间进行路由选择。 要求包含3个要点，控制在181字以内。,Model8,0.8666,1433.71,9.7908
请把下面材料压缩成三点摘要：企业上线多模型后，需要在质量、成本和延迟之间进行路由选择。 要求包含3个要点，控制在181字以内。,Model9,0.8776,1528.03,12.0774
请把下面材料压缩成三点摘要：企业上线多模型后，需要在质量、成本和延迟之间进行路由选择。 要求包含3个要点，控制在181字以内。,Model10,0.8901,1768.07,15.8166
将下面中文翻译成英文：系统应先满足质量阈值，再选择成本最低的模型。 要求包含4个要点，控制在198字以内。,Model1,0.8246,593.88,1.7393
将下面中文翻译成英文：系统应先满足质量阈值，再选择成本最低的模型。 要求包含4个要点，控制在198字以内。,Model2,0.9152,638.89,1.9489
将下面中文翻译成英文：系统应先满足质量阈值，再选择成本最低的模型。 要求包含4个要点，控制在198字以内。,Model3,0.8204,692.81,2.5968
将下面中文翻译成英文：系统应先满足质量阈值，再选择成本最低的模型。 要求包含4个要点，控制在198字以内。,Model4,0.8008,840.42,3.0036
将下面中文翻译成英文：系统应先满足质量阈值，再选择成本最低的模型。 要求包含4个要点，控制在198字以内。,Model5,0.9021,918.01,3.7865
将下面中文翻译成英文：系统应先满足质量阈值，再选择成本最低的模型。 要求包含4个要点，控制在198字以内。,Model6,0.8507,948.74,4.8141
将下面中文翻译成英文：系统应先满足质量阈值，再选择成本最低的模型。 要求包含4个要点，控制在198字以内。,Model7,0.8773,1170.18,6.1320
将下面中文翻译成英文：系统应先满足质量阈值，再选择成本最低的模型。 要求包含4个要点，控制在198字以内。,Model8,0.9229,1242.65,7.7848
将下面中文翻译成英文：系统应先满足质量阈值，再选择成本最低的模型。 要求包含4个要点，控制在198字以内。,Model9,0.9335,1317.81,10.0607
将下面中文翻译成英文：系统应先满足质量阈值，再选择成本最低的模型。 要求包含4个要点，控制在198字以内。,Model10,0.9381,1556.55,11.9261
从订单描述中抽取订单号、金额、日期，并按 JSON 返回：订单A6，金额74元，日期2026-09-21。 要求包含5个要点，控制在215字以内。,Model1,0.8752,732.95,1.6219
从订单描述中抽取订单号、金额、日期，并按 JSON 返回：订单A6，金额74元，日期2026-09-21。 要求包含5个要点，控制在215字以内。,Model2,0.8074,769.61,1.9546
从订单描述中抽取订单号、金额、日期，并按 JSON 返回：订单A6，金额74元，日期2026-09-21。 要求包含5个要点，控制在215字以内。,Model3,0.8583,874.45,2.3844
从订单描述中抽取订单号、金额、日期，并按 JSON 返回：订单A6，金额74元，日期2026-09-21。 要求包含5个要点，控制在215字以内。,Model4,0.7721,981.60,3.0043
从订单描述中抽取订单号、金额、日期，并按 JSON 返回：订单A6，金额74元，日期2026-09-21。 要求包含5个要点，控制在215字以内。,Model5,0.8541,1143.93,3.7812
从订单描述中抽取订单号、金额、日期，并按 JSON 返回：订单A6，金额74元，日期2026-09-21。 要求包含5个要点，控制在215字以内。,Model6,0.8453,1231.57,4.7712
从订单描述中抽取订单号、金额、日期，并按 JSON 返回：订单A6，金额74元，日期2026-09-21。 要求包含5个要点，控制在215字以内。,Model7,0.8434,1277.42,6.2545
从订单描述中抽取订单号、金额、日期，并按 JSON 返回：订单A6，金额74元，日期2026-09-21。 要求包含5个要点，控制在215字以内。,Model8,0.8830,1263.38,7.5684
从订单描述中抽取订单号、金额、日期，并按 JSON 返回：订单A6，金额74元，日期2026-09-21。 要求包含5个要点，控制在215字以内。,Model9,0.9010,1443.68,9.6623
从订单描述中抽取订单号、金额、日期，并按 JSON 返回：订单A6，金额74元，日期2026-09-21。 要求包含5个要点，控制在215字以内。,Model10,0.9138,1609.27,12.0885
比较缓存机制与向量检索的主要区别，并给出适用条件。 要求包含2个要点，控制在232字以内。,Model1,0.7341,769.56,1.7462
比较缓存机制与向量检索的主要区别，并给出适用条件。 要求包含2个要点，控制在232字以内。,Model2,0.7568,932.39,1.9340
比较缓存机制与向量检索的主要区别，并给出适用条件。 要求包含2个要点，控制在232字以内。,Model3,0.7343,1031.99,2.5719
比较缓存机制与向量检索的主要区别，并给出适用条件。 要求包含2个要点，控制在232字以内。,Model4,0.7777,1299.29,3.0714
比较缓存机制与向量检索的主要区别，并给出适用条件。 要求包含2个要点，控制在232字以内。,Model5,0.8188,1254.07,3.6920
比较缓存机制与向量检索的主要区别，并给出适用条件。 要求包含2个要点，控制在232字以内。,Model6,0.8122,1281.93,4.7549
比较缓存机制与向量检索的主要区别，并给出适用条件。 要求包含2个要点，控制在232字以内。,Model7,0.8378,1372.17,6.1639
比较缓存机制与向量检索的主要区别，并给出适用条件。 要求包含2个要点，控制在232字以内。,Model8,0.8478,1606.07,7.2413
比较缓存机制与向量检索的主要区别，并给出适用条件。 要求包含2个要点，控制在232字以内。,Model9,0.8654,1645.74,9.8087
比较缓存机制与向量检索的主要区别，并给出适用条件。 要求包含2个要点，控制在232字以内。,Model10,0.8771,1792.17,12.1492
求解方程 8x + 40 = 90，写出计算过程。 要求包含3个要点，控制在249字以内。,Model1,0.6081,718.12,1.3771
求解方程 8x + 40 = 90，写出计算过程。 要求包含3个要点，控制在249字以内。,Model2,0.6596,789.31,1.6867
求解方程 8x + 40 = 90，写出计算过程。 要求包含3个要点，控制在249字以内。,Model3,0.6980,893.89,2.1669
求解方程 8x + 40 = 90，写出计算过程。 要求包含3个要点，控制在249字以内。,Model4,0.8860,955.41,2.6080
求解方程 8x + 40 = 90，写出计算过程。 要求包含3个要点，控制在249字以内。,Model5,0.8419,1064.07,3.2133
求解方程 8x + 40 = 90，写出计算过程。 要求包含3个要点，控制在249字以内。,Model6,0.8683,1096.53,4.0162
求解方程 8x + 40 = 90，写出计算过程。 要求包含3个要点，控制在249字以内。,Model7,0.9091,1144.37,5.0254
求解方程 8x + 40 = 90，写出计算过程。 要求包含3个要点，控制在249字以内。,Model8,0.8849,1428.02,6.4041
求解方程 8x + 40 = 90，写出计算过程。 要求包含3个要点，控制在249字以内。,Model9,0.9075,1458.51,7.9553
求解方程 8x + 40 = 90，写出计算过程。 要求包含3个要点，控制在249字以内。,Model10,0.9221,1629.50,9.6553
修复这段伪代码中的边界错误，并说明时间复杂度。 要求包含4个要点，控制在266字以内。,Model1,0.5045,801.37,1.5334
修复这段伪代码中的边界错误，并说明时间复杂度。 要求包含4个要点，控制在266字以内。,Model2,0.5360,925.02,1.8511
修复这段伪代码中的边界错误，并说明时间复杂度。 要求包含4个要点，控制在266字以内。,Model3,0.8358,960.82,2.3589
修复这段伪代码中的边界错误，并说明时间复杂度。 要求包含4个要点，控制在266字以内。,Model4,0.7383,1110.83,2.9107
修复这段伪代码中的边界错误，并说明时间复杂度。 要求包含4个要点，控制在266字以内。,Model5,0.7553,1132.33,3.5672
修复这段伪代码中的边界错误，并说明时间复杂度。 要求包含4个要点，控制在266字以内。,Model6,0.8596,1361.59,4.4383
修复这段伪代码中的边界错误，并说明时间复杂度。 要求包含4个要点，控制在266字以内。,Model7,0.8441,1381.41,5.9645
修复这段伪代码中的边界错误，并说明时间复杂度。 要求包含4个要点，控制在266字以内。,Model8,0.8132,1524.93,6.9505
修复这段伪代码中的边界错误，并说明时间复杂度。 要求包含4个要点，控制在266字以内。,Model9,0.8659,1535.08,8.8175
修复这段伪代码中的边界错误，并说明时间复杂度。 要求包含4个要点，控制在266字以内。,Model10,0.8853,1770.72,11.5067
总结以下会议纪要，保留结论、负责人和下一步动作。 要求包含5个要点，控制在283字以内。,Model1,0.9173,655.06,1.5572
总结以下会议纪要，保留结论、负责人和下一步动作。 要求包含5个要点，控制在283字以内。,Model2,0.8810,733.83,1.7924
总结以下会议纪要，保留结论、负责人和下一步动作。 要求包含5个要点，控制在283字以内。,Model3,0.8644,827.17,2.3362
总结以下会议纪要，保留结论、负责人和下一步动作。 要求包含5个要点，控制在283字以内。,Model4,0.8556,711.21,2.8797
总结以下会议纪要，保留结论、负责人和下一步动作。 要求包含5个要点，控制在283字以内。,Model5,0.9179,878.39,3.4362
总结以下会议纪要，保留结论、负责人和下一步动作。 要求包含5个要点，控制在283字以内。,Model6,0.8848,857.66,4.3466
总结以下会议纪要，保留结论、负责人和下一步动作。 要求包含5个要点，控制在283字以内。,Model7,0.9080,1062.44,5.4900
总结以下会议纪要，保留结论、负责人和下一步动作。 要求包含5个要点，控制在283字以内。,Model8,0.9401,1089.11,6.6955
总结以下会议纪要，保留结论、负责人和下一步动作。 要求包含5个要点，控制在283字以内。,Model9,0.9451,1270.13,8.9982
总结以下会议纪要，保留结论、负责人和下一步动作。 要求包含5个要点，控制在283字以内。,Model10,0.9498,1391.53,11.4923
把下面句子翻译成简洁、正式的英文：模型价格变化后，路由策略应自动调整。 要求包含2个要点，控制在80字以内。,Model1,0.7800,766.85,1.8492
把下面句子翻译成简洁、正式的英文：模型价格变化后，路由策略应自动调整。 要求包含2个要点，控制在80字以内。,Model2,0.8912,791.35,2.1590
把下面句子翻译成简洁、正式的英文：模型价格变化后，路由策略应自动调整。 要求包含2个要点，控制在80字以内。,Model3,0.7917,839.07,2.8460
把下面句子翻译成简洁、正式的英文：模型价格变化后，路由策略应自动调整。 要求包含2个要点，控制在80字以内。,Model4,0.7617,920.62,3.4134
把下面句子翻译成简洁、正式的英文：模型价格变化后，路由策略应自动调整。 要求包含2个要点，控制在80字以内。,Model5,0.8747,1098.24,4.0787
把下面句子翻译成简洁、正式的英文：模型价格变化后，路由策略应自动调整。 要求包含2个要点，控制在80字以内。,Model6,0.8111,1112.85,5.1495
把下面句子翻译成简洁、正式的英文：模型价格变化后，路由策略应自动调整。 要求包含2个要点，控制在80字以内。,Model7,0.8391,1185.78,6.5281
把下面句子翻译成简洁、正式的英文：模型价格变化后，路由策略应自动调整。 要求包含2个要点，控制在80字以内。,Model8,0.9065,1334.76,7.6517
把下面句子翻译成简洁、正式的英文：模型价格变化后，路由策略应自动调整。 要求包含2个要点，控制在80字以内。,Model9,0.9110,1480.96,10.3766
把下面句子翻译成简洁、正式的英文：模型价格变化后，路由策略应自动调整。 要求包含2个要点，控制在80字以内。,Model10,0.9198,1679.94,13.1961
把以下内容整理为 key-value：客户=远航制造；问题=接口超时；优先级=高。 要求包含3个要点，控制在97字以内。,Model1,0.8370,796.40,1.6620
把以下内容整理为 key-value：客户=远航制造；问题=接口超时；优先级=高。 要求包含3个要点，控制在97字以内。,Model2,0.7656,908.48,1.9504
把以下内容整理为 key-value：客户=远航制造；问题=接口超时；优先级=高。 要求包含3个要点，控制在97字以内。,Model3,0.8375,964.42,2.6239
把以下内容整理为 key-value：客户=远航制造；问题=接口超时；优先级=高。 要求包含3个要点，控制在97字以内。,Model4,0.7251,1061.46,3.1928
把以下内容整理为 key-value：客户=远航制造；问题=接口超时；优先级=高。 要求包含3个要点，控制在97字以内。,Model5,0.8173,1104.05,3.7196
把以下内容整理为 key-value：客户=远航制造；问题=接口超时；优先级=高。 要求包含3个要点，控制在97字以内。,Model6,0.8098,1381.60,4.9330
把以下内容整理为 key-value：客户=远航制造；问题=接口超时；优先级=高。 要求包含3个要点，控制在97字以内。,Model7,0.8155,1287.30,6.0578
把以下内容整理为 key-value：客户=远航制造；问题=接口超时；优先级=高。 要求包含3个要点，控制在97字以内。,Model8,0.8525,1584.52,7.9154
把以下内容整理为 key-value：客户=远航制造；问题=接口超时；优先级=高。 要求包含3个要点，控制在97字以内。,Model9,0.8744,1692.02,9.5501
把以下内容整理为 key-value：客户=远航制造；问题=接口超时；优先级=高。 要求包含3个要点，控制在97字以内。,Model10,0.8899,1697.74,12.1994
为什么编译优化在实际系统中重要？请用通俗语言回答。 要求包含4个要点，控制在114字以内。,Model1,0.8668,599.89,1.2508
为什么编译优化在实际系统中重要？请用通俗语言回答。 要求包含4个要点，控制在114字以内。,Model2,0.8765,723.85,1.4706
为什么编译优化在实际系统中重要？请用通俗语言回答。 要求包含4个要点，控制在114字以内。,Model3,0.8668,805.37,1.9774
为什么编译优化在实际系统中重要？请用通俗语言回答。 要求包含4个要点，控制在114字以内。,Model4,0.8877,832.64,2.4719
为什么编译优化在实际系统中重要？请用通俗语言回答。 要求包含4个要点，控制在114字以内。,Model5,0.9163,818.45,2.8021
为什么编译优化在实际系统中重要？请用通俗语言回答。 要求包含4个要点，控制在114字以内。,Model6,0.9106,948.62,3.6048
为什么编译优化在实际系统中重要？请用通俗语言回答。 要求包含4个要点，控制在114字以内。,Model7,0.9220,1094.44,4.6093
为什么编译优化在实际系统中重要？请用通俗语言回答。 要求包含4个要点，控制在114字以内。,Model8,0.9306,1140.57,5.5714
为什么编译优化在实际系统中重要？请用通俗语言回答。 要求包含4个要点，控制在114字以内。,Model9,0.9387,1189.84,7.2853
为什么编译优化在实际系统中重要？请用通俗语言回答。 要求包含4个要点，控制在114字以内。,Model10,0.9447,1406.30,8.7142
"已知一组数据为 5,24,42,25，计算平均值并说明步骤。 要求包含5个要点，控制在131字以内。",Model1,0.5413,807.31,1.4742
"已知一组数据为 5,24,42,25，计算平均值并说明步骤。 要求包含5个要点，控制在131字以内。",Model2,0.5951,832.96,1.8262
"已知一组数据为 5,24,42,25，计算平均值并说明步骤。 要求包含5个要点，控制在131字以内。",Model3,0.6433,933.02,2.3099
"已知一组数据为 5,24,42,25，计算平均值并说明步骤。 要求包含5个要点，控制在131字以内。",Model4,0.8582,1021.64,2.9033
"已知一组数据为 5,24,42,25，计算平均值并说明步骤。 要求包含5个要点，控制在131字以内。",Model5,0.8054,1005.87,3.5408
"已知一组数据为 5,24,42,25，计算平均值并说明步骤。 要求包含5个要点，控制在131字以内。",Model6,0.8349,1113.99,4.2960
"已知一组数据为 5,24,42,25，计算平均值并说明步骤。 要求包含5个要点，控制在131字以内。",Model7,0.8836,1351.34,5.5647
"已知一组数据为 5,24,42,25，计算平均值并说明步骤。 要求包含5个要点，控制在131字以内。",Model8,0.8565,1405.68,6.3314
"已知一组数据为 5,24,42,25，计算平均值并说明步骤。 要求包含5个要点，控制在131字以内。",Model9,0.8826,1565.46,8.4485
"已知一组数据为 5,24,42,25，计算平均值并说明步骤。 要求包含5个要点，控制在131字以内。",Model10,0.9022,1737.48,11.0283
分析下面 SQL 的性能问题并给出索引建议：SELECT * FROM orders WHERE user_id=4 ORDER BY created_at DESC; 要求包含2个要点，控制在148字以内。,Model1,0.4501,811.57,1.9173
分析下面 SQL 的性能问题并给出索引建议：SELECT * FROM orders WHERE user_id=4 ORDER BY created_at DESC; 要求包含2个要点，控制在148字以内。,Model2,0.4851,960.89,2.1932
分析下面 SQL 的性能问题并给出索引建议：SELECT * FROM orders WHERE user_id=4 ORDER BY created_at DESC; 要求包含2个要点，控制在148字以内。,Model3,0.7972,1074.58,2.8872
分析下面 SQL 的性能问题并给出索引建议：SELECT * FROM orders WHERE user_id=4 ORDER BY created_at DESC; 要求包含2个要点，控制在148字以内。,Model4,0.6823,1157.89,3.4044
分析下面 SQL 的性能问题并给出索引建议：SELECT * FROM orders WHERE user_id=4 ORDER BY created_at DESC; 要求包含2个要点，控制在148字以内。,Model5,0.7114,1216.63,4.1580
分析下面 SQL 的性能问题并给出索引建议：SELECT * FROM orders WHERE user_id=4 ORDER BY created_at DESC; 要求包含2个要点，控制在148字以内。,Model6,0.8299,1141.65,5.4197
分析下面 SQL 的性能问题并给出索引建议：SELECT * FROM orders WHERE user_id=4 ORDER BY created_at DESC; 要求包含2个要点，控制在148字以内。,Model7,0.8093,1413.49,7.1237
分析下面 SQL 的性能问题并给出索引建议：SELECT * FROM orders WHERE user_id=4 ORDER BY created_at DESC; 要求包含2个要点，控制在148字以内。,Model8,0.7739,1626.86,8.0211
分析下面 SQL 的性能问题并给出索引建议：SELECT * FROM orders WHERE user_id=4 ORDER BY created_at DESC; 要求包含2个要点，控制在148字以内。,Model9,0.8321,1796.02,10.8746
分析下面 SQL 的性能问题并给出索引建议：SELECT * FROM orders WHERE user_id=4 ORDER BY created_at DESC; 要求包含2个要点，控制在148字以内。,Model10,0.8579,1912.69,13.3609
将这段技术说明概括为不超过120字的摘要。 要求包含3个要点，控制在165字以内。,Model1,0.8981,672.63,1.6580
将这段技术说明概括为不超过120字的摘要。 要求包含3个要点，控制在165字以内。,Model2,0.8505,689.84,1.9468
将这段技术说明概括为不超过120字的摘要。 要求包含3个要点，控制在165字以内。,Model3,0.8297,832.50,2.6038
将这段技术说明概括为不超过120字的摘要。 要求包含3个要点，控制在165字以内。,Model4,0.8187,825.99,3.1408
将这段技术说明概括为不超过120字的摘要。 要求包含3个要点，控制在165字以内。,Model5,0.9028,914.91,3.7464
将这段技术说明概括为不超过120字的摘要。 要求包含3个要点，控制在165字以内。,Model6,0.8567,999.35,4.5616
将这段技术说明概括为不超过120字的摘要。 要求包含3个要点，控制在165字以内。,Model7,0.8822,1054.95,5.9621
将这段技术说明概括为不超过120字的摘要。 要求包含3个要点，控制在165字以内。,Model8,0.9203,1205.29,7.1320
将这段技术说明概括为不超过120字的摘要。 要求包含3个要点，控制在165字以内。,Model9,0.9286,1085.71,9.3958
将这段技术说明概括为不超过120字的摘要。 要求包含3个要点，控制在165字以内。,Model10,0.9364,1508.47,11.1472
将下面中文翻译成英文：系统应先满足质量阈值，再选择成本最低的模型。 要求包含4个要点，控制在182字以内。,Model1,0.7341,820.40,1.8409
将下面中文翻译成英文：系统应先满足质量阈值，再选择成本最低的模型。 要求包含4个要点，控制在182字以内。,Model2,0.8648,856.53,2.2667
将下面中文翻译成英文：系统应先满足质量阈值，再选择成本最低的模型。 要求包含4个要点，控制在182字以内。,Model3,0.7454,819.13,2.8564
将下面中文翻译成英文：系统应先满足质量阈值，再选择成本最低的模型。 要求包含4个要点，控制在182字以内。,Model4,0.7073,982.29,3.5230
将下面中文翻译成英文：系统应先满足质量阈值，再选择成本最低的模型。 要求包含4个要点，控制在182字以内。,Model5,0.8497,1019.42,4.4425
将下面中文翻译成英文：系统应先满足质量阈值，再选择成本最低的模型。 要求包含4个要点，控制在182字以内。,Model6,0.7750,1112.08,5.6056
将下面中文翻译成英文：系统应先满足质量阈值，再选择成本最低的模型。 要求包含4个要点，控制在182字以内。,Model7,0.8054,1365.88,6.9826
将下面中文翻译成英文：系统应先满足质量阈值，再选择成本最低的模型。 要求包含4个要点，控制在182字以内。,Model8,0.8802,1280.23,8.5833
将下面中文翻译成英文：系统应先满足质量阈值，再选择成本最低的模型。 要求包含4个要点，控制在182字以内。,Model9,0.8906,1635.36,10.4019
将下面中文翻译成英文：系统应先满足质量阈值，再选择成本最低的模型。 要求包含4个要点，控制在182字以内。,Model10,0.9011,1691.78,13.5830
从文本中提取姓名、公司、职位三个字段，并输出 JSON：张三就职于华星科技，担任研发经理。 要求包含5个要点，控制在199字以内。,Model1,0.7987,835.41,1.8221
从文本中提取姓名、公司、职位三个字段，并输出 JSON：张三就职于华星科技，担任研发经理。 要求包含5个要点，控制在199字以内。,Model2,0.7125,871.90,2.2181
从文本中提取姓名、公司、职位三个字段，并输出 JSON：张三就职于华星科技，担任研发经理。 要求包含5个要点，控制在199字以内。,Model3,0.7929,980.48,2.8123
从文本中提取姓名、公司、职位三个字段，并输出 JSON：张三就职于华星科技，担任研发经理。 要求包含5个要点，控制在199字以内。,Model4,0.6816,1155.03,3.5229
从文本中提取姓名、公司、职位三个字段，并输出 JSON：张三就职于华星科技，担任研发经理。 要求包含5个要点，控制在199字以内。,Model5,0.7817,1189.68,4.2224
从文本中提取姓名、公司、职位三个字段，并输出 JSON：张三就职于华星科技，担任研发经理。 要求包含5个要点，控制在199字以内。,Model6,0.7708,1214.41,5.3802
从文本中提取姓名、公司、职位三个字段，并输出 JSON：张三就职于华星科技，担任研发经理。 要求包含5个要点，控制在199字以内。,Model7,0.7647,1500.94,7.1604
从文本中提取姓名、公司、职位三个字段，并输出 JSON：张三就职于华星科技，担任研发经理。 要求包含5个要点，控制在199字以内。,Model8,0.8281,1479.10,9.0340
从文本中提取姓名、公司、职位三个字段，并输出 JSON：张三就职于华星科技，担任研发经理。 要求包含5个要点，控制在199字以内。,Model9,0.8493,1626.91,11.2207
从文本中提取姓名、公司、职位三个字段，并输出 JSON：张三就职于华星科技，担任研发经理。 要求包含5个要点，控制在199字以内。,Model10,0.8602,2012.50,13.7889
请解释大模型路由的核心原理，并给出两个应用场景。 要求包含2个要点，控制在216字以内。,Model1,0.8415,712.84,1.3547
请解释大模型路由的核心原理，并给出两个应用场景。 要求包含2个要点，控制在216字以内。,Model2,0.8483,735.29,1.6121
请解释大模型路由的核心原理，并给出两个应用场景。 要求包含2个要点，控制在216字以内。,Model3,0.8407,724.58,2.1317
请解释大模型路由的核心原理，并给出两个应用场景。 要求包含2个要点，控制在216字以内。,Model4,0.8653,833.51,2.7055
请解释大模型路由的核心原理，并给出两个应用场景。 要求包含2个要点，控制在216字以内。,Model5,0.8944,1040.26,3.1970
请解释大模型路由的核心原理，并给出两个应用场景。 要求包含2个要点，控制在216字以内。,Model6,0.8897,1089.20,4.2052
请解释大模型路由的核心原理，并给出两个应用场景。 要求包含2个要点，控制在216字以内。,Model7,0.9040,1039.33,5.1958
请解释大模型路由的核心原理，并给出两个应用场景。 要求包含2个要点，控制在216字以内。,Model8,0.9169,1277.34,6.1367
请解释大模型路由的核心原理，并给出两个应用场景。 要求包含2个要点，控制在216字以内。,Model9,0.9265,1367.64,7.8993
请解释大模型路由的核心原理，并给出两个应用场景。 要求包含2个要点，控制在216字以内。,Model10,0.9326,1403.42,9.7906
"已知一组数据为 7,46,61,18，计算平均值并说明步骤。 要求包含3个要点，控制在233字以内。",Model1,0.5022,861.34,1.6431
"已知一组数据为 7,46,61,18，计算平均值并说明步骤。 要求包含3个要点，控制在233字以内。",Model2,0.5352,884.57,1.8430
"已知一组数据为 7,46,61,18，计算平均值并说明步骤。 要求包含3个要点，控制在233字以内。",Model3,0.5820,975.28,2.6021
"已知一组数据为 7,46,61,18，计算平均值并说明步骤。 要求包含3个要点，控制在233字以内。",Model4,0.8211,1168.11,2.8729
"已知一组数据为 7,46,61,18，计算平均值并说明步骤。 要求包含3个要点，控制在233字以内。",Model5,0.7671,1141.89,3.5498
"已知一组数据为 7,46,61,18，计算平均值并说明步骤。 要求包含3个要点，控制在233字以内。",Model6,0.8031,1310.16,4.7315
"已知一组数据为 7,46,61,18，计算平均值并说明步骤。 要求包含3个要点，控制在233字以内。",Model7,0.8596,1364.57,6.0983
"已知一组数据为 7,46,61,18，计算平均值并说明步骤。 要求包含3个要点，控制在233字以内。",Model8,0.8304,1434.33,6.9827
"已知一组数据为 7,46,61,18，计算平均值并说明步骤。 要求包含3个要点，控制在233字以内。",Model9,0.8547,1621.70,8.8771
"已知一组数据为 7,46,61,18，计算平均值并说明步骤。 要求包含3个要点，控制在233字以内。",Model10,0.8807,1814.24,11.4818
修复这段伪代码中的边界错误，并说明时间复杂度。 要求包含4个要点，控制在250字以内。,Model1,0.6596,660.60,1.3216
修复这段伪代码中的边界错误，并说明时间复杂度。 要求包含4个要点，控制在250字以内。,Model2,0.6857,714.90,1.4697
修复这段伪代码中的边界错误，并说明时间复杂度。 要求包含4个要点，控制在250字以内。,Model3,0.9053,812.29,1.9261
修复这段伪代码中的边界错误，并说明时间复杂度。 要求包含4个要点，控制在250字以内。,Model4,0.8408,908.65,2.3836
修复这段伪代码中的边界错误，并说明时间复杂度。 要求包含4个要点，控制在250字以内。,Model5,0.8503,935.67,2.9820
修复这段伪代码中的边界错误，并说明时间复杂度。 要求包含4个要点，控制在250字以内。,Model6,0.9139,967.24,3.6524
修复这段伪代码中的边界错误，并说明时间复杂度。 要求包含4个要点，控制在250字以内。,Model7,0.9055,1066.56,4.6413
修复这段伪代码中的边界错误，并说明时间复杂度。 要求包含4个要点，控制在250字以内。,Model8,0.8917,1262.27,5.7493
修复这段伪代码中的边界错误，并说明时间复杂度。 要求包含4个要点，控制在250字以内。,Model9,0.9198,1375.08,7.6413
修复这段伪代码中的边界错误，并说明时间复杂度。 要求包含4个要点，控制在250字以内。,Model10,0.9362,1573.38,9.3242
请把下面材料压缩成三点摘要：企业上线多模型后，需要在质量、成本和延迟之间进行路由选择。 要求包含5个要点，控制在267字以内。,Model1,0.8690,681.31,1.9671
请把下面材料压缩成三点摘要：企业上线多模型后，需要在质量、成本和延迟之间进行路由选择。 要求包含5个要点，控制在267字以内。,Model2,0.8175,832.69,2.3707
请把下面材料压缩成三点摘要：企业上线多模型后，需要在质量、成本和延迟之间进行路由选择。 要求包含5个要点，控制在267字以内。,Model3,0.7947,921.71,2.8549
请把下面材料压缩成三点摘要：企业上线多模型后，需要在质量、成本和延迟之间进行路由选择。 要求包含5个要点，控制在267字以内。,Model4,0.7732,1018.96,3.6772
请把下面材料压缩成三点摘要：企业上线多模型后，需要在质量、成本和延迟之间进行路由选择。 要求包含5个要点，控制在267字以内。,Model5,0.8776,972.62,4.4931
请把下面材料压缩成三点摘要：企业上线多模型后，需要在质量、成本和延迟之间进行路由选择。 要求包含5个要点，控制在267字以内。,Model6,0.8204,1079.17,5.4798
请把下面材料压缩成三点摘要：企业上线多模型后，需要在质量、成本和延迟之间进行路由选择。 要求包含5个要点，控制在267字以内。,Model7,0.8496,1013.73,7.4549
请把下面材料压缩成三点摘要：企业上线多模型后，需要在质量、成本和延迟之间进行路由选择。 要求包含5个要点，控制在267字以内。,Model8,0.9011,1203.79,8.5017
请把下面材料压缩成三点摘要：企业上线多模型后，需要在质量、成本和延迟之间进行路由选择。 要求包含5个要点，控制在267字以内。,Model9,0.9122,1485.48,11.3293
请把下面材料压缩成三点摘要：企业上线多模型后，需要在质量、成本和延迟之间进行路由选择。 要求包含5个要点，控制在267字以内。,Model10,0.9186,1605.96,14.3165
把下面句子翻译成简洁、正式的英文：模型价格变化后，路由策略应自动调整。 要求包含2个要点，控制在284字以内。,Model1,0.6887,781.62,2.0361
把下面句子翻译成简洁、正式的英文：模型价格变化后，路由策略应自动调整。 要求包含2个要点，控制在284字以内。,Model2,0.8381,871.56,2.5129
把下面句子翻译成简洁、正式的英文：模型价格变化后，路由策略应自动调整。 要求包含2个要点，控制在284字以内。,Model3,0.6916,1064.33,3.1422
把下面句子翻译成简洁、正式的英文：模型价格变化后，路由策略应自动调整。 要求包含2个要点，控制在284字以内。,Model4,0.6684,969.20,3.8403
把下面句子翻译成简洁、正式的英文：模型价格变化后，路由策略应自动调整。 要求包含2个要点，控制在284字以内。,Model5,0.8125,1184.26,4.7669
把下面句子翻译成简洁、正式的英文：模型价格变化后，路由策略应自动调整。 要求包含2个要点，控制在284字以内。,Model6,0.7304,1316.02,6.3189
把下面句子翻译成简洁、正式的英文：模型价格变化后，路由策略应自动调整。 要求包含2个要点，控制在284字以内。,Model7,0.7661,1350.78,7.4986
把下面句子翻译成简洁、正式的英文：模型价格变化后，路由策略应自动调整。 要求包含2个要点，控制在284字以内。,Model8,0.8547,1550.89,9.2692
把下面句子翻译成简洁、正式的英文：模型价格变化后，路由策略应自动调整。 要求包含2个要点，控制在284字以内。,Model9,0.8635,1542.43,11.4349
把下面句子翻译成简洁、正式的英文：模型价格变化后，路由策略应自动调整。 要求包含2个要点，控制在284字以内。,Model10,0.8777,1784.34,15.2208
从订单描述中抽取订单号、金额、日期，并按 JSON 返回：订单A4，金额93元，日期2026-09-27。 要求包含3个要点，控制在81字以内。,Model1,0.9070,634.34,1.4527
从订单描述中抽取订单号、金额、日期，并按 JSON 返回：订单A4，金额93元，日期2026-09-27。 要求包含3个要点，控制在81字以内。,Model2,0.8570,686.04,1.7175
从订单描述中抽取订单号、金额、日期，并按 JSON 返回：订单A4，金额93元，日期2026-09-27。 要求包含3个要点，控制在81字以内。,Model3,0.9005,711.65,2.2584
从订单描述中抽取订单号、金额、日期，并按 JSON 返回：订单A4，金额93元，日期2026-09-27。 要求包含3个要点，控制在81字以内。,Model4,0.8350,810.99,2.8543
从订单描述中抽取订单号、金额、日期，并按 JSON 返回：订单A4，金额93元，日期2026-09-27。 要求包含3个要点，控制在81字以内。,Model5,0.8941,843.04,3.2592
从订单描述中抽取订单号、金额、日期，并按 JSON 返回：订单A4，金额93元，日期2026-09-27。 要求包含3个要点，控制在81字以内。,Model6,0.8929,1001.97,4.2731
从订单描述中抽取订单号、金额、日期，并按 JSON 返回：订单A4，金额93元，日期2026-09-27。 要求包含3个要点，控制在81字以内。,Model7,0.8878,1069.75,5.5382
从订单描述中抽取订单号、金额、日期，并按 JSON 返回：订单A4，金额93元，日期2026-09-27。 要求包含3个要点，控制在81字以内。,Model8,0.9145,1276.46,6.7250
从订单描述中抽取订单号、金额、日期，并按 JSON 返回：订单A4，金额93元，日期2026-09-27。 要求包含3个要点，控制在81字以内。,Model9,0.9298,1465.03,8.3337
从订单描述中抽取订单号、金额、日期，并按 JSON 返回：订单A4，金额93元，日期2026-09-27。 要求包含3个要点，控制在81字以内。,Model10,0.9389,1392.95,10.4563
为什么请求调度在实际系统中重要？请用通俗语言回答。 要求包含4个要点，控制在98字以内。,Model1,0.8013,715.65,1.5285
为什么请求调度在实际系统中重要？请用通俗语言回答。 要求包含4个要点，控制在98字以内。,Model2,0.8169,872.57,1.8669
为什么请求调度在实际系统中重要？请用通俗语言回答。 要求包含4个要点，控制在98字以内。,Model3,0.8098,880.13,2.2047
为什么请求调度在实际系统中重要？请用通俗语言回答。 要求包含4个要点，控制在98字以内。,Model4,0.8379,977.40,2.7573
为什么请求调度在实际系统中重要？请用通俗语言回答。 要求包含4个要点，控制在98字以内。,Model5,0.8684,1002.92,3.3065
为什么请求调度在实际系统中重要？请用通俗语言回答。 要求包含4个要点，控制在98字以内。,Model6,0.8593,1160.29,4.4782
为什么请求调度在实际系统中重要？请用通俗语言回答。 要求包含4个要点，控制在98字以内。,Model7,0.8802,1180.79,5.5386
为什么请求调度在实际系统中重要？请用通俗语言回答。 要求包含4个要点，控制在98字以内。,Model8,0.8964,1336.49,6.9195
为什么请求调度在实际系统中重要？请用通俗语言回答。 要求包含4个要点，控制在98字以内。,Model9,0.9043,1420.15,8.3241
为什么请求调度在实际系统中重要？请用通俗语言回答。 要求包含4个要点，控制在98字以内。,Model10,0.9117,1570.03,10.9271
一个项目成功概率为0.7，连续两次至少成功一次的概率是多少？ 要求包含5个要点，控制在115字以内。,Model1,0.4409,901.54,1.8339
一个项目成功概率为0.7，连续两次至少成功一次的概率是多少？ 要求包含5个要点，控制在115字以内。,Model2,0.4709,950.15,2.1610
一个项目成功概率为0.7，连续两次至少成功一次的概率是多少？ 要求包含5个要点，控制在115字以内。,Model3,0.5253,1127.01,2.8998
一个项目成功概率为0.7，连续两次至少成功一次的概率是多少？ 要求包含5个要点，控制在115字以内。,Model4,0.7906,1223.15,3.3780
一个项目成功概率为0.7，连续两次至少成功一次的概率是多少？ 要求包含5个要点，控制在115字以内。,Model5,0.7293,1236.18,4.1568
一个项目成功概率为0.7，连续两次至少成功一次的概率是多少？ 要求包含5个要点，控制在115字以内。,Model6,0.7551,1388.20,5.1516
一个项目成功概率为0.7，连续两次至少成功一次的概率是多少？ 要求包含5个要点，控制在115字以内。,Model7,0.8297,1493.85,6.7337
一个项目成功概率为0.7，连续两次至少成功一次的概率是多少？ 要求包含5个要点，控制在115字以内。,Model8,0.7981,1451.71,8.5394
一个项目成功概率为0.7，连续两次至少成功一次的概率是多少？ 要求包含5个要点，控制在115字以内。,Model9,0.8176,1796.48,10.5468
一个项目成功概率为0.7，连续两次至少成功一次的概率是多少？ 要求包含5个要点，控制在115字以内。,Model10,0.8539,1972.11,12.4703
分析下面 SQL 的性能问题并给出索引建议：SELECT * FROM orders WHERE user_id=3 ORDER BY created_at DESC; 要求包含2个要点，控制在132字以内。,Model1,0.6087,738.85,1.6444
分析下面 SQL 的性能问题并给出索引建议：SELECT * FROM orders WHERE user_id=3 ORDER BY created_at DESC; 要求包含2个要点，控制在132字以内。,Model2,0.6365,766.21,1.9555
分析下面 SQL 的性能问题并给出索引建议：SELECT * FROM orders WHERE user_id=3 ORDER BY created_at DESC; 要求包含2个要点，控制在132字以内。,Model3,0.8744,953.48,2.5221
分析下面 SQL 的性能问题并给出索引建议：SELECT * FROM orders WHERE user_id=3 ORDER BY created_at DESC; 要求包含2个要点，控制在132字以内。,Model4,0.7959,892.54,2.9270
分析下面 SQL 的性能问题并给出索引建议：SELECT * FROM orders WHERE user_id=3 ORDER BY created_at DESC; 要求包含2个要点，控制在132字以内。,Model5,0.8163,963.15,3.5169
分析下面 SQL 的性能问题并给出索引建议：SELECT * FROM orders WHERE user_id=3 ORDER BY created_at DESC; 要求包含2个要点，控制在132字以内。,Model6,0.8976,1036.18,4.5110
分析下面 SQL 的性能问题并给出索引建议：SELECT * FROM orders WHERE user_id=3 ORDER BY created_at DESC; 要求包含2个要点，控制在132字以内。,Model7,0.8853,1296.79,5.7895
分析下面 SQL 的性能问题并给出索引建议：SELECT * FROM orders WHERE user_id=3 ORDER BY created_at DESC; 要求包含2个要点，控制在132字以内。,Model8,0.8600,1337.24,6.9095
分析下面 SQL 的性能问题并给出索引建议：SELECT * FROM orders WHERE user_id=3 ORDER BY created_at DESC; 要求包含2个要点，控制在132字以内。,Model9,0.9008,1427.89,8.9255
分析下面 SQL 的性能问题并给出索引建议：SELECT * FROM orders WHERE user_id=3 ORDER BY created_at DESC; 要求包含2个要点，控制在132字以内。,Model10,0.9188,1600.86,11.4614
总结以下会议纪要，保留结论、负责人和下一步动作。 要求包含3个要点，控制在149字以内。,Model1,0.8407,823.54,1.7050
总结以下会议纪要，保留结论、负责人和下一步动作。 要求包含3个要点，控制在149字以内。,Model2,0.7786,846.65,2.1379
总结以下会议纪要，保留结论、负责人和下一步动作。 要求包含3个要点，控制在149字以内。,Model3,0.7580,954.33,2.9392
总结以下会议纪要，保留结论、负责人和下一步动作。 要求包含3个要点，控制在149字以内。,Model4,0.7330,1063.47,3.3909
总结以下会议纪要，保留结论、负责人和下一步动作。 要求包含3个要点，控制在149字以内。,Model5,0.8513,1175.23,4.3133
总结以下会议纪要，保留结论、负责人和下一步动作。 要求包含3个要点，控制在149字以内。,Model6,0.7792,1274.83,5.3112
总结以下会议纪要，保留结论、负责人和下一步动作。 要求包含3个要点，控制在149字以内。,Model7,0.8145,1343.21,6.6674
总结以下会议纪要，保留结论、负责人和下一步动作。 要求包含3个要点，控制在149字以内。,Model8,0.8772,1467.52,8.0576
总结以下会议纪要，保留结论、负责人和下一步动作。 要求包含3个要点，控制在149字以内。,Model9,0.8882,1625.33,10.2994
总结以下会议纪要，保留结论、负责人和下一步动作。 要求包含3个要点，控制在149字以内。,Model10,0.9013,1787.37,12.8928
"Translate into Chinese: The router predicts quality, cost and latency for every candidate model. 要求包含4个要点，控制在166字以内。",Model1,0.8405,593.11,1.6204
"Translate into Chinese: The router predicts quality, cost and latency for every candidate model. 要求包含4个要点，控制在166字以内。",Model2,0.9230,686.72,1.8759
"Translate into Chinese: The router predicts quality, cost and latency for every candidate model. 要求包含4个要点，控制在166字以内。",Model3,0.8379,816.13,2.5817
"Translate into Chinese: The router predicts quality, cost and latency for every candidate model. 要求包含4个要点，控制在166字以内。",Model4,0.8237,822.34,3.0236
"Translate into Chinese: The router predicts quality, cost and latency for every candidate model. 要求包含4个要点，控制在166字以内。",Model5,0.9128,797.72,3.5948
"Translate into Chinese: The router predicts quality, cost and latency for every candidate model. 要求包含4个要点，控制在166字以内。",Model6,0.8655,951.88,4.5303
"Translate into Chinese: The router predicts quality, cost and latency for every candidate model. 要求包含4个要点，控制在166字以内。",Model7,0.8878,972.19,6.0716
"Translate into Chinese: The router predicts quality, cost and latency for every candidate model. 要求包含4个要点，控制在166字以内。",Model8,0.9294,1104.17,7.3099
"Translate into Chinese: The router predicts quality, cost and latency for every candidate model. 要求包含4个要点，控制在166字以内。",Model9,0.9385,1187.64,9.4256
"Translate into Chinese: The router predicts quality, cost and latency for every candidate model. 要求包含4个要点，控制在166字以内。",Model10,0.9433,1316.08,11.6309
把以下内容整理为 key-value：客户=远航制造；问题=接口超时；优先级=高。 要求包含5个要点，控制在183字以内。,Model1,0.8823,656.74,1.5009
把以下内容整理为 key-value：客户=远航制造；问题=接口超时；优先级=高。 要求包含5个要点，控制在183字以内。,Model2,0.8218,807.15,1.7966
把以下内容整理为 key-value：客户=远航制造；问题=接口超时；优先级=高。 要求包含5个要点，控制在183字以内。,Model3,0.8792,817.08,2.3612
把以下内容整理为 key-value：客户=远航制造；问题=接口超时；优先级=高。 要求包含5个要点，控制在183字以内。,Model4,0.7982,959.63,2.8542
把以下内容整理为 key-value：客户=远航制造；问题=接口超时；优先级=高。 要求包含5个要点，控制在183字以内。,Model5,0.8679,981.30,3.4872
把以下内容整理为 key-value：客户=远航制造；问题=接口超时；优先级=高。 要求包含5个要点，控制在183字以内。,Model6,0.8596,988.12,4.3215
把以下内容整理为 key-value：客户=远航制造；问题=接口超时；优先级=高。 要求包含5个要点，控制在183字以内。,Model7,0.8613,1251.40,5.4470
把以下内容整理为 key-value：客户=远航制造；问题=接口超时；优先级=高。 要求包含5个要点，控制在183字以内。,Model8,0.8955,1327.24,6.6223
把以下内容整理为 key-value：客户=远航制造；问题=接口超时；优先级=高。 要求包含5个要点，控制在183字以内。,Model9,0.9139,1365.94,8.5569
把以下内容整理为 key-value：客户=远航制造；问题=接口超时；优先级=高。 要求包含5个要点，控制在183字以内。,Model10,0.9216,1647.87,10.8130
为什么大模型路由在实际系统中重要？请用通俗语言回答。 要求包含2个要点，控制在200字以内。,Model1,0.7582,789.09,1.6164
为什么大模型路由在实际系统中重要？请用通俗语言回答。 要求包含2个要点，控制在200字以内。,Model2,0.7790,791.63,1.8877
为什么大模型路由在实际系统中重要？请用通俗语言回答。 要求包含2个要点，控制在200字以内。,Model3,0.7674,951.74,2.5491
为什么大模型路由在实际系统中重要？请用通俗语言回答。 要求包含2个要点，控制在200字以内。,Model4,0.7925,1139.58,3.1496
为什么大模型路由在实际系统中重要？请用通俗语言回答。 要求包含2个要点，控制在200字以内。,Model5,0.8434,1192.60,3.6603
为什么大模型路由在实际系统中重要？请用通俗语言回答。 要求包含2个要点，控制在200字以内。,Model6,0.8273,1274.62,4.8074
为什么大模型路由在实际系统中重要？请用通俗语言回答。 要求包含2个要点，控制在200字以内。,Model7,0.8462,1382.22,6.0051
为什么大模型路由在实际系统中重要？请用通俗语言回答。 要求包含2个要点，控制在200字以内。,Model8,0.8602,1376.82,7.3723
为什么大模型路由在实际系统中重要？请用通俗语言回答。 要求包含2个要点，控制在200字以内。,Model9,0.8823,1658.12,9.4142
为什么大模型路由在实际系统中重要？请用通俗语言回答。 要求包含2个要点，控制在200字以内。,Model10,0.8911,1853.04,11.5021
一个项目成功概率为0.2，连续两次至少成功一次的概率是多少？ 要求包含3个要点，控制在217字以内。,Model1,0.6328,710.23,1.3659
一个项目成功概率为0.2，连续两次至少成功一次的概率是多少？ 要求包含3个要点，控制在217字以内。,Model2,0.6789,693.33,1.6450
一个项目成功概率为0.2，连续两次至少成功一次的概率是多少？ 要求包含3个要点，控制在217字以内。,Model3,0.7194,832.20,2.0841
一个项目成功概率为0.2，连续两次至少成功一次的概率是多少？ 要求包含3个要点，控制在217字以内。,Model4,0.8940,907.95,2.6814
一个项目成功概率为0.2，连续两次至少成功一次的概率是多少？ 要求包含3个要点，控制在217字以内。,Model5,0.8553,929.44,3.2418
一个项目成功概率为0.2，连续两次至少成功一次的概率是多少？ 要求包含3个要点，控制在217字以内。,Model6,0.8796,1076.43,3.8440
一个项目成功概率为0.2，连续两次至少成功一次的概率是多少？ 要求包含3个要点，控制在217字以内。,Model7,0.9211,1057.79,4.7278
一个项目成功概率为0.2，连续两次至少成功一次的概率是多少？ 要求包含3个要点，控制在217字以内。,Model8,0.9022,1136.15,6.4936
一个项目成功概率为0.2，连续两次至少成功一次的概率是多少？ 要求包含3个要点，控制在217字以内。,Model9,0.9177,1555.27,8.1235
一个项目成功概率为0.2，连续两次至少成功一次的概率是多少？ 要求包含3个要点，控制在217字以内。,Model10,0.9329,1734.50,9.8968
分析下面 SQL 的性能问题并给出索引建议：SELECT * FROM orders WHERE user_id=5 ORDER BY created_at DESC; 要求包含4个要点，控制在234字以内。,Model1,0.5418,783.41,1.7699
分析下面 SQL 的性能问题并给出索引建议：SELECT * FROM orders WHERE user_id=5 ORDER BY created_at DESC; 要求包含4个要点，控制在234字以内。,Model2,0.5756,787.14,2.1148
分析下面 SQL 的性能问题并给出索引建议：SELECT * FROM orders WHERE user_id=5 ORDER BY created_at DESC; 要求包含4个要点，控制在234字以内。,Model3,0.8501,925.47,2.5737
分析下面 SQL 的性能问题并给出索引建议：SELECT * FROM orders WHERE user_id=5 ORDER BY created_at DESC; 要求包含4个要点，控制在234字以内。,Model4,0.7593,1091.07,3.1894
分析下面 SQL 的性能问题并给出索引建议：SELECT * FROM orders WHERE user_id=5 ORDER BY created_at DESC; 要求包含4个要点，控制在234字以内。,Model5,0.7794,1136.38,3.8783
分析下面 SQL 的性能问题并给出索引建议：SELECT * FROM orders WHERE user_id=5 ORDER BY created_at DESC; 要求包含4个要点，控制在234字以内。,Model6,0.8676,1280.43,4.6521
分析下面 SQL 的性能问题并给出索引建议：SELECT * FROM orders WHERE user_id=5 ORDER BY created_at DESC; 要求包含4个要点，控制在234字以内。,Model7,0.8598,1299.26,6.2127
分析下面 SQL 的性能问题并给出索引建议：SELECT * FROM orders WHERE user_id=5 ORDER BY created_at DESC; 要求包含4个要点，控制在234字以内。,Model8,0.8261,1498.00,7.3795
分析下面 SQL 的性能问题并给出索引建议：SELECT * FROM orders WHERE user_id=5 ORDER BY created_at DESC; 要求包含4个要点，控制在234字以内。,Model9,0.8801,1654.11,9.9085
分析下面 SQL 的性能问题并给出索引建议：SELECT * FROM orders WHERE user_id=5 ORDER BY created_at DESC; 要求包含4个要点，控制在234字以内。,Model10,0.9000,1771.06,12.0085
总结以下会议纪要，保留结论、负责人和下一步动作。 要求包含5个要点，控制在251字以内。,Model1,0.8092,861.33,1.8672
总结以下会议纪要，保留结论、负责人和下一步动作。 要求包含5个要点，控制在251字以内。,Model2,0.7477,847.95,2.3786
总结以下会议纪要，保留结论、负责人和下一步动作。 要求包含5个要点，控制在251字以内。,Model3,0.7106,1006.94,3.0990
总结以下会议纪要，保留结论、负责人和下一步动作。 要求包含5个要点，控制在251字以内。,Model4,0.6878,1085.56,3.7407
总结以下会议纪要，保留结论、负责人和下一步动作。 要求包含5个要点，控制在251字以内。,Model5,0.8128,1276.58,4.2649
总结以下会议纪要，保留结论、负责人和下一步动作。 要求包含5个要点，控制在251字以内。,Model6,0.7404,1309.46,5.5755
总结以下会议纪要，保留结论、负责人和下一步动作。 要求包含5个要点，控制在251字以内。,Model7,0.7812,1388.57,7.2315
总结以下会议纪要，保留结论、负责人和下一步动作。 要求包含5个要点，控制在251字以内。,Model8,0.8521,1438.93,8.7663
总结以下会议纪要，保留结论、负责人和下一步动作。 要求包含5个要点，控制在251字以内。,Model9,0.8650,1779.29,11.5361
总结以下会议纪要，保留结论、负责人和下一步动作。 要求包含5个要点，控制在251字以内。,Model10,0.8731,1915.30,14.1835
"Translate into Chinese: The router predicts quality, cost and latency for every candidate model. 要求包含2个要点，控制在268字以内。",Model1,0.8049,653.60,1.6925
"Translate into Chinese: The router predicts quality, cost and latency for every candidate model. 要求包含2个要点，控制在268字以内。",Model2,0.9044,748.56,2.0549
"Translate into Chinese: The router predicts quality, cost and latency for every candidate model. 要求包含2个要点，控制在268字以内。",Model3,0.8100,818.83,2.7105
"Translate into Chinese: The router predicts quality, cost and latency for every candidate model. 要求包含2个要点，控制在268字以内。",Model4,0.7821,886.68,3.2974
"Translate into Chinese: The router predicts quality, cost and latency for every candidate model. 要求包含2个要点，控制在268字以内。",Model5,0.8939,917.99,3.8961
"Translate into Chinese: The router predicts quality, cost and latency for every candidate model. 要求包含2个要点，控制在268字以内。",Model6,0.8287,1019.09,4.9545
"Translate into Chinese: The router predicts quality, cost and latency for every candidate model. 要求包含2个要点，控制在268字以内。",Model7,0.8625,1018.39,6.3764
"Translate into Chinese: The router predicts quality, cost and latency for every candidate model. 要求包含2个要点，控制在268字以内。",Model8,0.9156,1194.17,7.7726
"Translate into Chinese: The router predicts quality, cost and latency for every candidate model. 要求包含2个要点，控制在268字以内。",Model9,0.9270,1368.97,9.8659
"Translate into Chinese: The router predicts quality, cost and latency for every candidate model. 要求包含2个要点，控制在268字以内。",Model10,0.9319,1469.55,12.3426
从文本中提取姓名、公司、职位三个字段，并输出 JSON：张三就职于华星科技，担任研发经理。 要求包含3个要点，控制在285字以内。,Model1,0.8559,805.28,1.6644
从文本中提取姓名、公司、职位三个字段，并输出 JSON：张三就职于华星科技，担任研发经理。 要求包含3个要点，控制在285字以内。,Model2,0.7805,838.32,2.0066
从文本中提取姓名、公司、职位三个字段，并输出 JSON：张三就职于华星科技，担任研发经理。 要求包含3个要点，控制在285字以内。,Model3,0.8456,837.18,2.6168
从文本中提取姓名、公司、职位三个字段，并输出 JSON：张三就职于华星科技，担任研发经理。 要求包含3个要点，控制在285字以内。,Model4,0.7447,958.79,3.3361
从文本中提取姓名、公司、职位三个字段，并输出 JSON：张三就职于华星科技，担任研发经理。 要求包含3个要点，控制在285字以内。,Model5,0.8372,1083.26,3.9480
从文本中提取姓名、公司、职位三个字段，并输出 JSON：张三就职于华星科技，担任研发经理。 要求包含3个要点，控制在285字以内。,Model6,0.8297,1248.98,4.9794
从文本中提取姓名、公司、职位三个字段，并输出 JSON：张三就职于华星科技，担任研发经理。 要求包含3个要点，控制在285字以内。,Model7,0.8314,1424.34,6.3865
从文本中提取姓名、公司、职位三个字段，并输出 JSON：张三就职于华星科技，担任研发经理。 要求包含3个要点，控制在285字以内。,Model8,0.8740,1405.29,7.7512
从文本中提取姓名、公司、职位三个字段，并输出 JSON：张三就职于华星科技，担任研发经理。 要求包含3个要点，控制在285字以内。,Model9,0.8889,1680.39,9.6194
从文本中提取姓名、公司、职位三个字段，并输出 JSON：张三就职于华星科技，担任研发经理。 要求包含3个要点，控制在285字以内。,Model10,0.9006,1873.75,12.3024
请解释缓存机制的核心原理，并给出两个应用场景。 要求包含4个要点，控制在82字以内。,Model1,0.8786,538.78,1.2676
请解释缓存机制的核心原理，并给出两个应用场景。 要求包含4个要点，控制在82字以内。,Model2,0.8948,637.17,1.4246
请解释缓存机制的核心原理，并给出两个应用场景。 要求包含4个要点，控制在82字以内。,Model3,0.8858,627.64,1.7598
请解释缓存机制的核心原理，并给出两个应用场景。 要求包含4个要点，控制在82字以内。,Model4,0.9068,772.25,2.2050
请解释缓存机制的核心原理，并给出两个应用场景。 要求包含4个要点，控制在82字以内。,Model5,0.9241,815.47,2.7067
请解释缓存机制的核心原理，并给出两个应用场景。 要求包含4个要点，控制在82字以内。,Model6,0.9216,950.11,3.3071
请解释缓存机制的核心原理，并给出两个应用场景。 要求包含4个要点，控制在82字以内。,Model7,0.9332,1000.65,4.5175
请解释缓存机制的核心原理，并给出两个应用场景。 要求包含4个要点，控制在82字以内。,Model8,0.9425,1055.56,5.3801
请解释缓存机制的核心原理，并给出两个应用场景。 要求包含4个要点，控制在82字以内。,Model9,0.9489,1176.02,6.7643
请解释缓存机制的核心原理，并给出两个应用场景。 要求包含4个要点，控制在82字以内。,Model10,0.9503,1437.33,8.1115
求解方程 3x + 38 = 35，写出计算过程。 要求包含5个要点，控制在99字以内。,Model1,0.5847,768.40,1.4405
求解方程 3x + 38 = 35，写出计算过程。 要求包含5个要点，控制在99字以内。,Model2,0.6317,805.49,1.6485
求解方程 3x + 38 = 35，写出计算过程。 要求包含5个要点，控制在99字以内。,Model3,0.6816,877.86,2.2327
求解方程 3x + 38 = 35，写出计算过程。 要求包含5个要点，控制在99字以内。,Model4,0.8757,986.13,2.7772
求解方程 3x + 38 = 35，写出计算过程。 要求包含5个要点，控制在99字以内。,Model5,0.8350,1075.29,3.2029
求解方程 3x + 38 = 35，写出计算过程。 要求包含5个要点，控制在99字以内。,Model6,0.8504,1066.32,4.3808
求解方程 3x + 38 = 35，写出计算过程。 要求包含5个要点，控制在99字以内。,Model7,0.9005,1274.63,5.3915
求解方程 3x + 38 = 35，写出计算过程。 要求包含5个要点，控制在99字以内。,Model8,0.8785,1458.68,6.3526
求解方程 3x + 38 = 35，写出计算过程。 要求包含5个要点，控制在99字以内。,Model9,0.8952,1481.58,8.9153
求解方程 3x + 38 = 35，写出计算过程。 要求包含5个要点，控制在99字以内。,Model10,0.9168,1657.39,9.9782
分析下面 SQL 的性能问题并给出索引建议：SELECT * FROM orders WHERE user_id=9 ORDER BY created_at DESC; 要求包含2个要点，控制在116字以内。,Model1,0.4811,801.17,1.7679
分析下面 SQL 的性能问题并给出索引建议：SELECT * FROM orders WHERE user_id=9 ORDER BY created_at DESC; 要求包含2个要点，控制在116字以内。,Model2,0.5218,910.57,2.2632
分析下面 SQL 的性能问题并给出索引建议：SELECT * FROM orders WHERE user_id=9 ORDER BY created_at DESC; 要求包含2个要点，控制在116字以内。,Model3,0.8115,987.95,2.7595
分析下面 SQL 的性能问题并给出索引建议：SELECT * FROM orders WHERE user_id=9 ORDER BY created_at DESC; 要求包含2个要点，控制在116字以内。,Model4,0.7169,1080.00,3.5903
分析下面 SQL 的性能问题并给出索引建议：SELECT * FROM orders WHERE user_id=9 ORDER BY created_at DESC; 要求包含2个要点，控制在116字以内。,Model5,0.7385,1198.42,4.2392
分析下面 SQL 的性能问题并给出索引建议：SELECT * FROM orders WHERE user_id=9 ORDER BY created_at DESC; 要求包含2个要点，控制在116字以内。,Model6,0.8475,1191.24,5.2598
分析下面 SQL 的性能问题并给出索引建议：SELECT * FROM orders WHERE user_id=9 ORDER BY created_at DESC; 要求包含2个要点，控制在116字以内。,Model7,0.8222,1371.92,6.5664
分析下面 SQL 的性能问题并给出索引建议：SELECT * FROM orders WHERE user_id=9 ORDER BY created_at DESC; 要求包含2个要点，控制在116字以内。,Model8,0.7931,1536.07,8.0663
分析下面 SQL 的性能问题并给出索引建议：SELECT * FROM orders WHERE user_id=9 ORDER BY created_at DESC; 要求包含2个要点，控制在116字以内。,Model9,0.8473,1706.50,10.4530
分析下面 SQL 的性能问题并给出索引建议：SELECT * FROM orders WHERE user_id=9 ORDER BY created_at DESC; 要求包含2个要点，控制在116字以内。,Model10,0.8715,1904.51,12.3540
总结以下会议纪要，保留结论、负责人和下一步动作。 要求包含3个要点，控制在133字以内。,Model1,0.9098,627.59,1.5503
总结以下会议纪要，保留结论、负责人和下一步动作。 要求包含3个要点，控制在133字以内。,Model2,0.8670,691.72,1.7933
总结以下会议纪要，保留结论、负责人和下一步动作。 要求包含3个要点，控制在133字以内。,Model3,0.8504,813.27,2.3044
总结以下会议纪要，保留结论、负责人和下一步动作。 要求包含3个要点，控制在133字以内。,Model4,0.8380,666.41,3.0028
总结以下会议纪要，保留结论、负责人和下一步动作。 要求包含3个要点，控制在133字以内。,Model5,0.9078,888.76,3.6400
总结以下会议纪要，保留结论、负责人和下一步动作。 要求包含3个要点，控制在133字以内。,Model6,0.8657,872.84,4.5851
总结以下会议纪要，保留结论、负责人和下一步动作。 要求包含3个要点，控制在133字以内。,Model7,0.8915,1110.47,5.6966
总结以下会议纪要，保留结论、负责人和下一步动作。 要求包含3个要点，控制在133字以内。,Model8,0.9304,1103.32,6.4189
总结以下会议纪要，保留结论、负责人和下一步动作。 要求包含3个要点，控制在133字以内。,Model9,0.9378,1335.02,9.3347
总结以下会议纪要，保留结论、负责人和下一步动作。 要求包含3个要点，控制在133字以内。,Model10,0.9457,1401.71,11.0182
把下面句子翻译成简洁、正式的英文：模型价格变化后，路由策略应自动调整。 要求包含4个要点，控制在150字以内。,Model1,0.7578,717.28,1.8962
把下面句子翻译成简洁、正式的英文：模型价格变化后，路由策略应自动调整。 要求包含4个要点，控制在150字以内。,Model2,0.8820,777.96,2.2218
把下面句子翻译成简洁、正式的英文：模型价格变化后，路由策略应自动调整。 要求包含4个要点，控制在150字以内。,Model3,0.7727,863.66,2.8042
把下面句子翻译成简洁、正式的英文：模型价格变化后，路由策略应自动调整。 要求包含4个要点，控制在150字以内。,Model4,0.7470,1004.67,3.5293
把下面句子翻译成简洁、正式的英文：模型价格变化后，路由策略应自动调整。 要求包含4个要点，控制在150字以内。,Model5,0.8644,939.48,4.2323
把下面句子翻译成简洁、正式的英文：模型价格变化后，路由策略应自动调整。 要求包含4个要点，控制在150字以内。,Model6,0.8000,1134.07,5.3366
把下面句子翻译成简洁、正式的英文：模型价格变化后，路由策略应自动调整。 要求包含4个要点，控制在150字以内。,Model7,0.8250,1198.48,7.1152
把下面句子翻译成简洁、正式的英文：模型价格变化后，路由策略应自动调整。 要求包含4个要点，控制在150字以内。,Model8,0.8958,1309.22,8.4231
把下面句子翻译成简洁、正式的英文：模型价格变化后，路由策略应自动调整。 要求包含4个要点，控制在150字以内。,Model9,0.9046,1281.10,10.2582
把下面句子翻译成简洁、正式的英文：模型价格变化后，路由策略应自动调整。 要求包含4个要点，控制在150字以内。,Model10,0.9117,1547.31,13.2205
把以下内容整理为 key-value：客户=远航制造；问题=接口超时；优先级=高。 要求包含5个要点，控制在167字以内。,Model1,0.8294,832.21,1.7434
把以下内容整理为 key-value：客户=远航制造；问题=接口超时；优先级=高。 要求包含5个要点，控制在167字以内。,Model2,0.7486,984.79,2.0815
把以下内容整理为 key-value：客户=远航制造；问题=接口超时；优先级=高。 要求包含5个要点，控制在167字以内。,Model3,0.8140,984.83,2.6887
把以下内容整理为 key-value：客户=远航制造；问题=接口超时；优先级=高。 要求包含5个要点，控制在167字以内。,Model4,0.7142,1037.28,3.1658
把以下内容整理为 key-value：客户=远航制造；问题=接口超时；优先级=高。 要求包含5个要点，控制在167字以内。,Model5,0.7970,1130.48,3.9968
把以下内容整理为 key-value：客户=远航制造；问题=接口超时；优先级=高。 要求包含5个要点，控制在167字以内。,Model6,0.7859,1352.77,4.9707
把以下内容整理为 key-value：客户=远航制造；问题=接口超时；优先级=高。 要求包含5个要点，控制在167字以内。,Model7,0.7868,1469.52,6.5407
把以下内容整理为 key-value：客户=远航制造；问题=接口超时；优先级=高。 要求包含5个要点，控制在167字以内。,Model8,0.8335,1611.41,7.8584
把以下内容整理为 key-value：客户=远航制造；问题=接口超时；优先级=高。 要求包含5个要点，控制在167字以内。,Model9,0.8624,1751.43,10.1009
把以下内容整理为 key-value：客户=远航制造；问题=接口超时；优先级=高。 要求包含5个要点，控制在167字以内。,Model10,0.8781,1790.78,11.9683
为什么缓存机制在实际系统中重要？请用通俗语言回答。 要求包含2个要点，控制在184字以内。,Model1,0.8589,659.92,1.3229
为什么缓存机制在实际系统中重要？请用通俗语言回答。 要求包含2个要点，控制在184字以内。,Model2,0.8659,714.01,1.5966
为什么缓存机制在实际系统中重要？请用通俗语言回答。 要求包含2个要点，控制在184字以内。,Model3,0.8555,842.55,2.0795
为什么缓存机制在实际系统中重要？请用通俗语言回答。 要求包含2个要点，控制在184字以内。,Model4,0.8817,849.39,2.3390
为什么缓存机制在实际系统中重要？请用通俗语言回答。 要求包含2个要点，控制在184字以内。,Model5,0.9070,956.00,3.0280
为什么缓存机制在实际系统中重要？请用通俗语言回答。 要求包含2个要点，控制在184字以内。,Model6,0.9028,986.85,3.7265
为什么缓存机制在实际系统中重要？请用通俗语言回答。 要求包含2个要点，控制在184字以内。,Model7,0.9157,1069.49,4.7699
为什么缓存机制在实际系统中重要？请用通俗语言回答。 要求包含2个要点，控制在184字以内。,Model8,0.9257,1169.47,5.7637
为什么缓存机制在实际系统中重要？请用通俗语言回答。 要求包含2个要点，控制在184字以内。,Model9,0.9339,1374.55,7.4475
为什么缓存机制在实际系统中重要？请用通俗语言回答。 要求包含2个要点，控制在184字以内。,Model10,0.9410,1375.05,10.0389
"已知一组数据为 7,95,75,24，计算平均值并说明步骤。 要求包含3个要点，控制在201字以内。",Model1,0.5175,789.99,1.5627
"已知一组数据为 7,95,75,24，计算平均值并说明步骤。 要求包含3个要点，控制在201字以内。",Model2,0.5653,927.42,1.8669
"已知一组数据为 7,95,75,24，计算平均值并说明步骤。 要求包含3个要点，控制在201字以内。",Model3,0.6186,951.89,2.4754
"已知一组数据为 7,95,75,24，计算平均值并说明步骤。 要求包含3个要点，控制在201字以内。",Model4,0.8433,1068.67,2.9556
"已知一组数据为 7,95,75,24，计算平均值并说明步骤。 要求包含3个要点，控制在201字以内。",Model5,0.7856,1069.91,3.6229
"已知一组数据为 7,95,75,24，计算平均值并说明步骤。 要求包含3个要点，控制在201字以内。",Model6,0.8225,1197.74,4.4441
"已知一组数据为 7,95,75,24，计算平均值并说明步骤。 要求包含3个要点，控制在201字以内。",Model7,0.8814,1291.21,5.5363
"已知一组数据为 7,95,75,24，计算平均值并说明步骤。 要求包含3个要点，控制在201字以内。",Model8,0.8433,1445.52,7.1594
"已知一组数据为 7,95,75,24，计算平均值并说明步骤。 要求包含3个要点，控制在201字以内。",Model9,0.8765,1699.41,8.8577
"已知一组数据为 7,95,75,24，计算平均值并说明步骤。 要求包含3个要点，控制在201字以内。",Model10,0.8987,1677.22,11.1759
分析下面 SQL 的性能问题并给出索引建议：SELECT * FROM orders WHERE user_id=5 ORDER BY created_at DESC; 要求包含4个要点，控制在218字以内。,Model1,0.4158,956.52,1.8476
分析下面 SQL 的性能问题并给出索引建议：SELECT * FROM orders WHERE user_id=5 ORDER BY created_at DESC; 要求包含4个要点，控制在218字以内。,Model2,0.4494,912.18,2.3084
分析下面 SQL 的性能问题并给出索引建议：SELECT * FROM orders WHERE user_id=5 ORDER BY created_at DESC; 要求包含4个要点，控制在218字以内。,Model3,0.7788,1136.05,2.9925
分析下面 SQL 的性能问题并给出索引建议：SELECT * FROM orders WHERE user_id=5 ORDER BY created_at DESC; 要求包含4个要点，控制在218字以内。,Model4,0.6534,1176.82,3.6839
分析下面 SQL 的性能问题并给出索引建议：SELECT * FROM orders WHERE user_id=5 ORDER BY created_at DESC; 要求包含4个要点，控制在218字以内。,Model5,0.6861,1432.39,4.4496
分析下面 SQL 的性能问题并给出索引建议：SELECT * FROM orders WHERE user_id=5 ORDER BY created_at DESC; 要求包含4个要点，控制在218字以内。,Model6,0.8136,1393.48,5.4853
分析下面 SQL 的性能问题并给出索引建议：SELECT * FROM orders WHERE user_id=5 ORDER BY created_at DESC; 要求包含4个要点，控制在218字以内。,Model7,0.7856,1487.89,7.2903
分析下面 SQL 的性能问题并给出索引建议：SELECT * FROM orders WHERE user_id=5 ORDER BY created_at DESC; 要求包含4个要点，控制在218字以内。,Model8,0.7527,1703.47,8.4304
分析下面 SQL 的性能问题并给出索引建议：SELECT * FROM orders WHERE user_id=5 ORDER BY created_at DESC; 要求包含4个要点，控制在218字以内。,Model9,0.8135,1899.70,10.6808
分析下面 SQL 的性能问题并给出索引建议：SELECT * FROM orders WHERE user_id=5 ORDER BY created_at DESC; 要求包含4个要点，控制在218字以内。,Model10,0.8459,1904.87,13.8578
总结以下会议纪要，保留结论、负责人和下一步动作。 要求包含5个要点，控制在235字以内。,Model1,0.8842,651.95,1.6611
总结以下会议纪要，保留结论、负责人和下一步动作。 要求包含5个要点，控制在235字以内。,Model2,0.8354,781.71,2.0375
总结以下会议纪要，保留结论、负责人和下一步动作。 要求包含5个要点，控制在235字以内。,Model3,0.8105,830.73,2.5866
总结以下会议纪要，保留结论、负责人和下一步动作。 要求包含5个要点，控制在235字以内。,Model4,0.7904,1011.24,3.0382
总结以下会议纪要，保留结论、负责人和下一步动作。 要求包含5个要点，控制在235字以内。,Model5,0.8938,924.76,3.9641
总结以下会议纪要，保留结论、负责人和下一步动作。 要求包含5个要点，控制在235字以内。,Model6,0.8483,1028.50,4.9892
总结以下会议纪要，保留结论、负责人和下一步动作。 要求包含5个要点，控制在235字以内。,Model7,0.8698,1171.07,6.3524
总结以下会议纪要，保留结论、负责人和下一步动作。 要求包含5个要点，控制在235字以内。,Model8,0.9132,1292.72,7.3455
总结以下会议纪要，保留结论、负责人和下一步动作。 要求包含5个要点，控制在235字以内。,Model9,0.9234,1401.15,9.7493
总结以下会议纪要，保留结论、负责人和下一步动作。 要求包含5个要点，控制在235字以内。,Model10,0.9310,1606.74,12.1130
"Translate into Chinese: The router predicts quality, cost and latency for every candidate model. 要求包含2个要点，控制在252字以内。",Model1,0.7051,836.58,1.9468
"Translate into Chinese: The router predicts quality, cost and latency for every candidate model. 要求包含2个要点，控制在252字以内。",Model2,0.8544,866.06,2.3678
"Translate into Chinese: The router predicts quality, cost and latency for every candidate model. 要求包含2个要点，控制在252字以内。",Model3,0.7227,1119.31,2.9528
"Translate into Chinese: The router predicts quality, cost and latency for every candidate model. 要求包含2个要点，控制在252字以内。",Model4,0.6899,978.57,3.6488
"Translate into Chinese: The router predicts quality, cost and latency for every candidate model. 要求包含2个要点，控制在252字以内。",Model5,0.8296,1064.78,4.4839
"Translate into Chinese: The router predicts quality, cost and latency for every candidate model. 要求包含2个要点，控制在252字以内。",Model6,0.7485,1156.41,5.4484
"Translate into Chinese: The router predicts quality, cost and latency for every candidate model. 要求包含2个要点，控制在252字以内。",Model7,0.7900,1449.28,6.9167
"Translate into Chinese: The router predicts quality, cost and latency for every candidate model. 要求包含2个要点，控制在252字以内。",Model8,0.8760,1453.81,8.8226
"Translate into Chinese: The router predicts quality, cost and latency for every candidate model. 要求包含2个要点，控制在252字以内。",Model9,0.8816,1633.03,11.1401
"Translate into Chinese: The router predicts quality, cost and latency for every candidate model. 要求包含2个要点，控制在252字以内。",Model10,0.8900,1829.69,14.3189
把以下内容整理为 key-value：客户=远航制造；问题=接口超时；优先级=高。 要求包含3个要点，控制在269字以内。,Model1,0.9172,639.51,1.3207
把以下内容整理为 key-value：客户=远航制造；问题=接口超时；优先级=高。 要求包含3个要点，控制在269字以内。,Model2,0.8733,662.89,1.5973
把以下内容整理为 key-value：客户=远航制造；问题=接口超时；优先级=高。 要求包含3个要点，控制在269字以内。,Model3,0.9142,665.19,2.0874
把以下内容整理为 key-value：客户=远航制造；问题=接口超时；优先级=高。 要求包含3个要点，控制在269字以内。,Model4,0.8536,849.83,2.4789
把以下内容整理为 key-value：客户=远航制造；问题=接口超时；优先级=高。 要求包含3个要点，控制在269字以内。,Model5,0.9030,799.53,2.9868
把以下内容整理为 key-value：客户=远航制造；问题=接口超时；优先级=高。 要求包含3个要点，控制在269字以内。,Model6,0.8998,884.61,3.6712
把以下内容整理为 key-value：客户=远航制造；问题=接口超时；优先级=高。 要求包含3个要点，控制在269字以内。,Model7,0.8978,965.12,4.9719
把以下内容整理为 key-value：客户=远航制造；问题=接口超时；优先级=高。 要求包含3个要点，控制在269字以内。,Model8,0.9281,1145.35,6.2646
把以下内容整理为 key-value：客户=远航制造；问题=接口超时；优先级=高。 要求包含3个要点，控制在269字以内。,Model9,0.9384,1185.19,7.4319
把以下内容整理为 key-value：客户=远航制造；问题=接口超时；优先级=高。 要求包含3个要点，控制在269字以内。,Model10,0.9436,1478.01,9.3596
比较并行计算与并行计算的主要区别，并给出适用条件。 要求包含4个要点，控制在286字以内。,Model1,0.8204,684.10,1.3907
比较并行计算与并行计算的主要区别，并给出适用条件。 要求包含4个要点，控制在286字以内。,Model2,0.8343,798.68,1.7064
比较并行计算与并行计算的主要区别，并给出适用条件。 要求包含4个要点，控制在286字以内。,Model3,0.8196,867.87,2.1373
比较并行计算与并行计算的主要区别，并给出适用条件。 要求包含4个要点，控制在286字以内。,Model4,0.8556,941.49,2.7357
比较并行计算与并行计算的主要区别，并给出适用条件。 要求包含4个要点，控制在286字以内。,Model5,0.8841,941.63,3.3071
比较并行计算与并行计算的主要区别，并给出适用条件。 要求包含4个要点，控制在286字以内。,Model6,0.8754,982.50,4.0912
比较并行计算与并行计算的主要区别，并给出适用条件。 要求包含4个要点，控制在286字以内。,Model7,0.8935,1286.33,5.4624
比较并行计算与并行计算的主要区别，并给出适用条件。 要求包含4个要点，控制在286字以内。,Model8,0.9059,1319.56,6.5889
比较并行计算与并行计算的主要区别，并给出适用条件。 要求包含4个要点，控制在286字以内。,Model9,0.9156,1442.23,8.1939
比较并行计算与并行计算的主要区别，并给出适用条件。 要求包含4个要点，控制在286字以内。,Model10,0.9222,1619.50,10.7729
"已知一组数据为 7,24,42,8，计算平均值并说明步骤。 要求包含5个要点，控制在83字以内。",Model1,0.4779,904.17,1.6242
"已知一组数据为 7,24,42,8，计算平均值并说明步骤。 要求包含5个要点，控制在83字以内。",Model2,0.5232,906.36,2.0184
"已知一组数据为 7,24,42,8，计算平均值并说明步骤。 要求包含5个要点，控制在83字以内。",Model3,0.5529,1072.61,2.6068
"已知一组数据为 7,24,42,8，计算平均值并说明步骤。 要求包含5个要点，控制在83字以内。",Model4,0.8046,1048.03,3.1266
"已知一组数据为 7,24,42,8，计算平均值并说明步骤。 要求包含5个要点，控制在83字以内。",Model5,0.7453,1244.21,3.9287
"已知一组数据为 7,24,42,8，计算平均值并说明步骤。 要求包含5个要点，控制在83字以内。",Model6,0.7851,1321.76,4.9403
"已知一组数据为 7,24,42,8，计算平均值并说明步骤。 要求包含5个要点，控制在83字以内。",Model7,0.8430,1383.53,6.2874
"已知一组数据为 7,24,42,8，计算平均值并说明步骤。 要求包含5个要点，控制在83字以内。",Model8,0.8111,1430.90,7.3035
"已知一组数据为 7,24,42,8，计算平均值并说明步骤。 要求包含5个要点，控制在83字以内。",Model9,0.8446,1651.92,9.5213
"已知一组数据为 7,24,42,8，计算平均值并说明步骤。 要求包含5个要点，控制在83字以内。",Model10,0.8659,1824.59,12.0436
修复这段伪代码中的边界错误，并说明时间复杂度。 要求包含2个要点，控制在100字以内。,Model1,0.6194,705.89,1.3240
修复这段伪代码中的边界错误，并说明时间复杂度。 要求包含2个要点，控制在100字以内。,Model2,0.6699,744.00,1.5834
修复这段伪代码中的边界错误，并说明时间复杂度。 要求包含2个要点，控制在100字以内。,Model3,0.8924,828.33,2.0404
修复这段伪代码中的边界错误，并说明时间复杂度。 要求包含2个要点，控制在100字以内。,Model4,0.8199,854.72,2.5572
修复这段伪代码中的边界错误，并说明时间复杂度。 要求包含2个要点，控制在100字以内。,Model5,0.8397,983.45,3.1603
修复这段伪代码中的边界错误，并说明时间复杂度。 要求包含2个要点，控制在100字以内。,Model6,0.9117,1008.56,3.8312
修复这段伪代码中的边界错误，并说明时间复杂度。 要求包含2个要点，控制在100字以内。,Model7,0.9027,1170.90,4.9071
修复这段伪代码中的边界错误，并说明时间复杂度。 要求包含2个要点，控制在100字以内。,Model8,0.8769,1249.99,5.9583
修复这段伪代码中的边界错误，并说明时间复杂度。 要求包含2个要点，控制在100字以内。,Model9,0.9140,1417.12,7.8950
修复这段伪代码中的边界错误，并说明时间复杂度。 要求包含2个要点，控制在100字以内。,Model10,0.9264,1640.81,9.2516
请把下面材料压缩成三点摘要：企业上线多模型后，需要在质量、成本和延迟之间进行路由选择。 要求包含3个要点，控制在117字以内。,Model1,0.8617,762.86,1.9442
请把下面材料压缩成三点摘要：企业上线多模型后，需要在质量、成本和延迟之间进行路由选择。 要求包含3个要点，控制在117字以内。,Model2,0.8033,761.39,2.3976
请把下面材料压缩成三点摘要：企业上线多模型后，需要在质量、成本和延迟之间进行路由选择。 要求包含3个要点，控制在117字以内。,Model3,0.7684,904.60,3.0687
请把下面材料压缩成三点摘要：企业上线多模型后，需要在质量、成本和延迟之间进行路由选择。 要求包含3个要点，控制在117字以内。,Model4,0.7543,966.47,3.6631
请把下面材料压缩成三点摘要：企业上线多模型后，需要在质量、成本和延迟之间进行路由选择。 要求包含3个要点，控制在117字以内。,Model5,0.8638,1076.53,4.5964
请把下面材料压缩成三点摘要：企业上线多模型后，需要在质量、成本和延迟之间进行路由选择。 要求包含3个要点，控制在117字以内。,Model6,0.8043,1109.34,5.7366
请把下面材料压缩成三点摘要：企业上线多模型后，需要在质量、成本和延迟之间进行路由选择。 要求包含3个要点，控制在117字以内。,Model7,0.8419,1340.59,7.4602
请把下面材料压缩成三点摘要：企业上线多模型后，需要在质量、成本和延迟之间进行路由选择。 要求包含3个要点，控制在117字以内。,Model8,0.8951,1242.69,9.3422
请把下面材料压缩成三点摘要：企业上线多模型后，需要在质量、成本和延迟之间进行路由选择。 要求包含3个要点，控制在117字以内。,Model9,0.9060,1529.37,11.6543
请把下面材料压缩成三点摘要：企业上线多模型后，需要在质量、成本和延迟之间进行路由选择。 要求包含3个要点，控制在117字以内。,Model10,0.9126,1705.93,14.0379
把下面句子翻译成简洁、正式的英文：模型价格变化后，路由策略应自动调整。 要求包含4个要点，控制在134字以内。,Model1,0.6703,814.30,2.1123
把下面句子翻译成简洁、正式的英文：模型价格变化后，路由策略应自动调整。 要求包含4个要点，控制在134字以内。,Model2,0.8237,805.62,2.5299
把下面句子翻译成简洁、正式的英文：模型价格变化后，路由策略应自动调整。 要求包含4个要点，控制在134字以内。,Model3,0.6675,994.11,3.1628
把下面句子翻译成简洁、正式的英文：模型价格变化后，路由策略应自动调整。 要求包含4个要点，控制在134字以内。,Model4,0.6271,1098.19,3.9175
把下面句子翻译成简洁、正式的英文：模型价格变化后，路由策略应自动调整。 要求包含4个要点，控制在134字以内。,Model5,0.7956,1175.60,4.9823
把下面句子翻译成简洁、正式的英文：模型价格变化后，路由策略应自动调整。 要求包含4个要点，控制在134字以内。,Model6,0.7135,1378.48,5.9358
把下面句子翻译成简洁、正式的英文：模型价格变化后，路由策略应自动调整。 要求包含4个要点，控制在134字以内。,Model7,0.7430,1471.15,7.6823
把下面句子翻译成简洁、正式的英文：模型价格变化后，路由策略应自动调整。 要求包含4个要点，控制在134字以内。,Model8,0.8361,1550.25,9.3491
把下面句子翻译成简洁、正式的英文：模型价格变化后，路由策略应自动调整。 要求包含4个要点，控制在134字以内。,Model9,0.8606,1777.32,12.2193
把下面句子翻译成简洁、正式的英文：模型价格变化后，路由策略应自动调整。 要求包含4个要点，控制在134字以内。,Model10,0.8679,1913.49,15.2266
从文本中提取姓名、公司、职位三个字段，并输出 JSON：张三就职于华星科技，担任研发经理。 要求包含5个要点，控制在151字以内。,Model1,0.8967,663.69,1.5090
从文本中提取姓名、公司、职位三个字段，并输出 JSON：张三就职于华星科技，担任研发经理。 要求包含5个要点，控制在151字以内。,Model2,0.8453,794.91,1.7982
从文本中提取姓名、公司、职位三个字段，并输出 JSON：张三就职于华星科技，担任研发经理。 要求包含5个要点，控制在151字以内。,Model3,0.8903,799.82,2.3351
从文本中提取姓名、公司、职位三个字段，并输出 JSON：张三就职于华星科技，担任研发经理。 要求包含5个要点，控制在151字以内。,Model4,0.8235,925.16,2.9951
从文本中提取姓名、公司、职位三个字段，并输出 JSON：张三就职于华星科技，担任研发经理。 要求包含5个要点，控制在151字以内。,Model5,0.8812,975.25,3.5451
从文本中提取姓名、公司、职位三个字段，并输出 JSON：张三就职于华星科技，担任研发经理。 要求包含5个要点，控制在151字以内。,Model6,0.8772,1014.61,4.3801
从文本中提取姓名、公司、职位三个字段，并输出 JSON：张三就职于华星科技，担任研发经理。 要求包含5个要点，控制在151字以内。,Model7,0.8723,1125.07,5.5152
从文本中提取姓名、公司、职位三个字段，并输出 JSON：张三就职于华星科技，担任研发经理。 要求包含5个要点，控制在151字以内。,Model8,0.9023,1169.61,7.1073
从文本中提取姓名、公司、职位三个字段，并输出 JSON：张三就职于华星科技，担任研发经理。 要求包含5个要点，控制在151字以内。,Model9,0.9243,1358.54,8.8111
从文本中提取姓名、公司、职位三个字段，并输出 JSON：张三就职于华星科技，担任研发经理。 要求包含5个要点，控制在151字以内。,Model10,0.9285,1413.34,10.8474
为什么请求调度在实际系统中重要？请用通俗语言回答。 要求包含2个要点，控制在168字以内。,Model1,0.7851,793.44,1.5545
为什么请求调度在实际系统中重要？请用通俗语言回答。 要求包含2个要点，控制在168字以内。,Model2,0.8044,747.71,1.8457
为什么请求调度在实际系统中重要？请用通俗语言回答。 要求包含2个要点，控制在168字以内。,Model3,0.7861,913.00,2.3687
为什么请求调度在实际系统中重要？请用通俗语言回答。 要求包含2个要点，控制在168字以内。,Model4,0.8232,1013.30,3.0212
为什么请求调度在实际系统中重要？请用通俗语言回答。 要求包含2个要点，控制在168字以内。,Model5,0.8538,1101.16,3.5220
为什么请求调度在实际系统中重要？请用通俗语言回答。 要求包含2个要点，控制在168字以内。,Model6,0.8499,1215.26,4.4997
为什么请求调度在实际系统中重要？请用通俗语言回答。 要求包含2个要点，控制在168字以内。,Model7,0.8704,1203.48,5.6614
为什么请求调度在实际系统中重要？请用通俗语言回答。 要求包含2个要点，控制在168字以内。,Model8,0.8846,1415.20,6.8534
为什么请求调度在实际系统中重要？请用通俗语言回答。 要求包含2个要点，控制在168字以内。,Model9,0.8984,1548.95,9.0107
为什么请求调度在实际系统中重要？请用通俗语言回答。 要求包含2个要点，控制在168字以内。,Model10,0.9061,1747.15,11.3000
求解方程 6x + 31 = 103，写出计算过程。 要求包含3个要点，控制在185字以内。,Model1,0.6691,654.76,1.2010
求解方程 6x + 31 = 103，写出计算过程。 要求包含3个要点，控制在185字以内。,Model2,0.7149,696.44,1.5244
求解方程 6x + 31 = 103，写出计算过程。 要求包含3个要点，控制在185字以内。,Model3,0.7533,809.88,2.0426
求解方程 6x + 31 = 103，写出计算过程。 要求包含3个要点，控制在185字以内。,Model4,0.9049,820.46,2.4415
求解方程 6x + 31 = 103，写出计算过程。 要求包含3个要点，控制在185字以内。,Model5,0.8723,825.44,3.0150
求解方程 6x + 31 = 103，写出计算过程。 要求包含3个要点，控制在185字以内。,Model6,0.8964,908.61,3.7016
求解方程 6x + 31 = 103，写出计算过程。 要求包含3个要点，控制在185字以内。,Model7,0.9265,971.17,4.8856
求解方程 6x + 31 = 103，写出计算过程。 要求包含3个要点，控制在185字以内。,Model8,0.9099,1189.35,5.8508
求解方程 6x + 31 = 103，写出计算过程。 要求包含3个要点，控制在185字以内。,Model9,0.9281,1212.88,7.5286
求解方程 6x + 31 = 103，写出计算过程。 要求包含3个要点，控制在185字以内。,Model10,0.9403,1435.96,9.0613
用 Python 编写函数，将列表中的重复元素去除并保持原顺序。 要求包含4个要点，控制在202字以内。,Model1,0.5824,703.81,1.5757
用 Python 编写函数，将列表中的重复元素去除并保持原顺序。 要求包含4个要点，控制在202字以内。,Model2,0.6054,766.92,1.8030
用 Python 编写函数，将列表中的重复元素去除并保持原顺序。 要求包含4个要点，控制在202字以内。,Model3,0.8699,883.37,2.3844
用 Python 编写函数，将列表中的重复元素去除并保持原顺序。 要求包含4个要点，控制在202字以内。,Model4,0.7901,933.46,2.8306
用 Python 编写函数，将列表中的重复元素去除并保持原顺序。 要求包含4个要点，控制在202字以内。,Model5,0.8037,1101.23,3.3560
用 Python 编写函数，将列表中的重复元素去除并保持原顺序。 要求包含4个要点，控制在202字以内。,Model6,0.8874,1138.89,4.1134
用 Python 编写函数，将列表中的重复元素去除并保持原顺序。 要求包含4个要点，控制在202字以内。,Model7,0.8744,1103.68,5.3968
用 Python 编写函数，将列表中的重复元素去除并保持原顺序。 要求包含4个要点，控制在202字以内。,Model8,0.8525,1323.67,6.8703
用 Python 编写函数，将列表中的重复元素去除并保持原顺序。 要求包含4个要点，控制在202字以内。,Model9,0.8900,1352.46,8.9799
用 Python 编写函数，将列表中的重复元素去除并保持原顺序。 要求包含4个要点，控制在202字以内。,Model10,0.9103,1598.54,10.8795
总结以下会议纪要，保留结论、负责人和下一步动作。 要求包含5个要点，控制在219字以内。,Model1,0.8263,799.94,1.9861
总结以下会议纪要，保留结论、负责人和下一步动作。 要求包含5个要点，控制在219字以内。,Model2,0.7557,834.97,2.2299
总结以下会议纪要，保留结论、负责人和下一步动作。 要求包含5个要点，控制在219字以内。,Model3,0.7319,970.66,2.8983
总结以下会议纪要，保留结论、负责人和下一步动作。 要求包含5个要点，控制在219字以内。,Model4,0.7084,950.68,3.5622
总结以下会议纪要，保留结论、负责人和下一步动作。 要求包含5个要点，控制在219字以内。,Model5,0.8342,1025.65,4.1795
总结以下会议纪要，保留结论、负责人和下一步动作。 要求包含5个要点，控制在219字以内。,Model6,0.7579,1167.30,5.4954
总结以下会议纪要，保留结论、负责人和下一步动作。 要求包含5个要点，控制在219字以内。,Model7,0.8091,1356.01,6.8217
总结以下会议纪要，保留结论、负责人和下一步动作。 要求包含5个要点，控制在219字以内。,Model8,0.8646,1461.34,8.4612
总结以下会议纪要，保留结论、负责人和下一步动作。 要求包含5个要点，控制在219字以内。,Model9,0.8759,1524.05,11.0261
总结以下会议纪要，保留结论、负责人和下一步动作。 要求包含5个要点，控制在219字以内。,Model10,0.8873,1890.90,13.2810
把下面句子翻译成简洁、正式的英文：模型价格变化后，路由策略应自动调整。 要求包含2个要点，控制在236字以内。,Model1,0.8206,569.05,1.7193
把下面句子翻译成简洁、正式的英文：模型价格变化后，路由策略应自动调整。 要求包含2个要点，控制在236字以内。,Model2,0.9137,709.01,2.0354
把下面句子翻译成简洁、正式的英文：模型价格变化后，路由策略应自动调整。 要求包含2个要点，控制在236字以内。,Model3,0.8252,822.92,2.6646
把下面句子翻译成简洁、正式的英文：模型价格变化后，路由策略应自动调整。 要求包含2个要点，控制在236字以内。,Model4,0.8116,798.36,3.2049
把下面句子翻译成简洁、正式的英文：模型价格变化后，路由策略应自动调整。 要求包含2个要点，控制在236字以内。,Model5,0.9036,932.32,3.9614
把下面句子翻译成简洁、正式的英文：模型价格变化后，路由策略应自动调整。 要求包含2个要点，控制在236字以内。,Model6,0.8530,1023.29,4.9150
把下面句子翻译成简洁、正式的英文：模型价格变化后，路由策略应自动调整。 要求包含2个要点，控制在236字以内。,Model7,0.8734,1065.55,6.2080
把下面句子翻译成简洁、正式的英文：模型价格变化后，路由策略应自动调整。 要求包含2个要点，控制在236字以内。,Model8,0.9273,1134.71,7.3747
把下面句子翻译成简洁、正式的英文：模型价格变化后，路由策略应自动调整。 要求包含2个要点，控制在236字以内。,Model9,0.9306,1305.11,9.4498
把下面句子翻译成简洁、正式的英文：模型价格变化后，路由策略应自动调整。 要求包含2个要点，控制在236字以内。,Model10,0.9390,1473.84,11.9257
把以下内容整理为 key-value：客户=远航制造；问题=接口超时；优先级=高。 要求包含3个要点，控制在253字以内。,Model1,0.8728,723.29,1.4628
把以下内容整理为 key-value：客户=远航制造；问题=接口超时；优先级=高。 要求包含3个要点，控制在253字以内。,Model2,0.8132,754.16,1.8919
把以下内容整理为 key-value：客户=远航制造；问题=接口超时；优先级=高。 要求包含3个要点，控制在253字以内。,Model3,0.8694,880.53,2.4425
把以下内容整理为 key-value：客户=远航制造；问题=接口超时；优先级=高。 要求包含3个要点，控制在253字以内。,Model4,0.7882,957.71,2.8843
把以下内容整理为 key-value：客户=远航制造；问题=接口超时；优先级=高。 要求包含3个要点，控制在253字以内。,Model5,0.8544,1014.15,3.4802
把以下内容整理为 key-value：客户=远航制造；问题=接口超时；优先级=高。 要求包含3个要点，控制在253字以内。,Model6,0.8515,1032.54,4.3086
把以下内容整理为 key-value：客户=远航制造；问题=接口超时；优先级=高。 要求包含3个要点，控制在253字以内。,Model7,0.8459,1198.25,5.8030
把以下内容整理为 key-value：客户=远航制造；问题=接口超时；优先级=高。 要求包含3个要点，控制在253字以内。,Model8,0.8813,1349.40,7.0102
把以下内容整理为 key-value：客户=远航制造；问题=接口超时；优先级=高。 要求包含3个要点，控制在253字以内。,Model9,0.9012,1553.51,9.0725
把以下内容整理为 key-value：客户=远航制造；问题=接口超时；优先级=高。 要求包含3个要点，控制在253字以内。,Model10,0.9141,1640.04,10.9384
请解释大模型路由的核心原理，并给出两个应用场景。 要求包含4个要点，控制在270字以内。,Model1,0.7330,853.34,1.6205
请解释大模型路由的核心原理，并给出两个应用场景。 要求包含4个要点，控制在270字以内。,Model2,0.7586,909.02,1.9212
请解释大模型路由的核心原理，并给出两个应用场景。 要求包含4个要点，控制在270字以内。,Model3,0.7492,974.46,2.5808
请解释大模型路由的核心原理，并给出两个应用场景。 要求包含4个要点，控制在270字以内。,Model4,0.7751,1132.33,3.1523
请解释大模型路由的核心原理，并给出两个应用场景。 要求包含4个要点，控制在270字以内。,Model5,0.8274,1088.68,3.7397
请解释大模型路由的核心原理，并给出两个应用场景。 要求包含4个要点，控制在270字以内。,Model6,0.8095,1241.28,4.6281
请解释大模型路由的核心原理，并给出两个应用场景。 要求包含4个要点，控制在270字以内。,Model7,0.8346,1443.30,6.0676
请解释大模型路由的核心原理，并给出两个应用场景。 要求包含4个要点，控制在270字以内。,Model8,0.8577,1559.41,7.0380
请解释大模型路由的核心原理，并给出两个应用场景。 要求包含4个要点，控制在270字以内。,Model9,0.8669,1804.88,9.1512
请解释大模型路由的核心原理，并给出两个应用场景。 要求包含4个要点，控制在270字以内。,Model10,0.8803,1843.22,11.2068
一个项目成功概率为0.3，连续两次至少成功一次的概率是多少？ 要求包含5个要点，控制在287字以内。,Model1,0.6118,750.71,1.4273
一个项目成功概率为0.3，连续两次至少成功一次的概率是多少？ 要求包含5个要点，控制在287字以内。,Model2,0.6661,829.97,1.6655
一个项目成功概率为0.3，连续两次至少成功一次的概率是多少？ 要求包含5个要点，控制在287字以内。,Model3,0.7054,850.41,2.2064
一个项目成功概率为0.3，连续两次至少成功一次的概率是多少？ 要求包含5个要点，控制在287字以内。,Model4,0.8843,850.59,2.5994
一个项目成功概率为0.3，连续两次至少成功一次的概率是多少？ 要求包含5个要点，控制在287字以内。,Model5,0.8453,1027.88,3.4187
一个项目成功概率为0.3，连续两次至少成功一次的概率是多少？ 要求包含5个要点，控制在287字以内。,Model6,0.8697,1093.99,4.1722
一个项目成功概率为0.3，连续两次至少成功一次的概率是多少？ 要求包含5个要点，控制在287字以内。,Model7,0.9109,1128.59,5.2966
一个项目成功概率为0.3，连续两次至少成功一次的概率是多少？ 要求包含5个要点，控制在287字以内。,Model8,0.8856,1249.02,6.3626
一个项目成功概率为0.3，连续两次至少成功一次的概率是多少？ 要求包含5个要点，控制在287字以内。,Model9,0.9108,1514.44,8.1344
一个项目成功概率为0.3，连续两次至少成功一次的概率是多少？ 要求包含5个要点，控制在287字以内。,Model10,0.9262,1677.98,10.7092
修复这段伪代码中的边界错误，并说明时间复杂度。 要求包含2个要点，控制在84字以内。,Model1,0.5101,811.35,1.5384
修复这段伪代码中的边界错误，并说明时间复杂度。 要求包含2个要点，控制在84字以内。,Model2,0.5505,902.54,1.9045
修复这段伪代码中的边界错误，并说明时间复杂度。 要求包含2个要点，控制在84字以内。,Model3,0.8404,1015.23,2.4489
修复这段伪代码中的边界错误，并说明时间复杂度。 要求包含2个要点，控制在84字以内。,Model4,0.7385,1117.31,2.9146
修复这段伪代码中的边界错误，并说明时间复杂度。 要求包含2个要点，控制在84字以内。,Model5,0.7578,1116.75,3.6365
修复这段伪代码中的边界错误，并说明时间复杂度。 要求包含2个要点，控制在84字以内。,Model6,0.8532,1251.81,4.7145
修复这段伪代码中的边界错误，并说明时间复杂度。 要求包含2个要点，控制在84字以内。,Model7,0.8488,1296.51,6.0782
修复这段伪代码中的边界错误，并说明时间复杂度。 要求包含2个要点，控制在84字以内。,Model8,0.8183,1724.99,6.9031
修复这段伪代码中的边界错误，并说明时间复杂度。 要求包含2个要点，控制在84字以内。,Model9,0.8674,1587.74,9.1791
修复这段伪代码中的边界错误，并说明时间复杂度。 要求包含2个要点，控制在84字以内。,Model10,0.8851,1871.52,11.3683
将这段技术说明概括为不超过120字的摘要。 要求包含3个要点，控制在101字以内。,Model1,0.9196,594.67,1.4759
将这段技术说明概括为不超过120字的摘要。 要求包含3个要点，控制在101字以内。,Model2,0.8868,613.31,1.8678
将这段技术说明概括为不超过120字的摘要。 要求包含3个要点，控制在101字以内。,Model3,0.8650,714.89,2.2725
将这段技术说明概括为不超过120字的摘要。 要求包含3个要点，控制在101字以内。,Model4,0.8520,767.39,2.7521
将这段技术说明概括为不超过120字的摘要。 要求包含3个要点，控制在101字以内。,Model5,0.9249,868.14,3.4090
将这段技术说明概括为不超过120字的摘要。 要求包含3个要点，控制在101字以内。,Model6,0.8900,868.56,4.2541
将这段技术说明概括为不超过120字的摘要。 要求包含3个要点，控制在101字以内。,Model7,0.9058,855.84,5.3908
将这段技术说明概括为不超过120字的摘要。 要求包含3个要点，控制在101字以内。,Model8,0.9387,1126.73,6.6735
将这段技术说明概括为不超过120字的摘要。 要求包含3个要点，控制在101字以内。,Model9,0.9437,1127.44,8.2842
将这段技术说明概括为不超过120字的摘要。 要求包含3个要点，控制在101字以内。,Model10,0.9512,1348.09,10.5182
把下面句子翻译成简洁、正式的英文：模型价格变化后，路由策略应自动调整。 要求包含4个要点，控制在118字以内。,Model1,0.7944,678.34,1.8099
把下面句子翻译成简洁、正式的英文：模型价格变化后，路由策略应自动调整。 要求包含4个要点，控制在118字以内。,Model2,0.8936,799.34,2.1404
把下面句子翻译成简洁、正式的英文：模型价格变化后，路由策略应自动调整。 要求包含4个要点，控制在118字以内。,Model3,0.7812,753.33,2.7762
把下面句子翻译成简洁、正式的英文：模型价格变化后，路由策略应自动调整。 要求包含4个要点，控制在118字以内。,Model4,0.7638,902.64,3.3604
把下面句子翻译成简洁、正式的英文：模型价格变化后，路由策略应自动调整。 要求包含4个要点，控制在118字以内。,Model5,0.8815,898.96,4.2174
把下面句子翻译成简洁、正式的英文：模型价格变化后，路由策略应自动调整。 要求包含4个要点，控制在118字以内。,Model6,0.8161,1117.14,5.1829
把下面句子翻译成简洁、正式的英文：模型价格变化后，路由策略应自动调整。 要求包含4个要点，控制在118字以内。,Model7,0.8446,1024.33,6.5266
把下面句子翻译成简洁、正式的英文：模型价格变化后，路由策略应自动调整。 要求包含4个要点，控制在118字以内。,Model8,0.9052,1352.05,7.6562
把下面句子翻译成简洁、正式的英文：模型价格变化后，路由策略应自动调整。 要求包含4个要点，控制在118字以内。,Model9,0.9151,1428.01,10.8130
把下面句子翻译成简洁、正式的英文：模型价格变化后，路由策略应自动调整。 要求包含4个要点，控制在118字以内。,Model10,0.9233,1671.17,12.4228
从订单描述中抽取订单号、金额、日期，并按 JSON 返回：订单A2，金额96元，日期2026-09-08。 要求包含5个要点，控制在135字以内。,Model1,0.8454,793.34,1.7620
从订单描述中抽取订单号、金额、日期，并按 JSON 返回：订单A2，金额96元，日期2026-09-08。 要求包含5个要点，控制在135字以内。,Model2,0.7690,885.56,2.0750
从订单描述中抽取订单号、金额、日期，并按 JSON 返回：订单A2，金额96元，日期2026-09-08。 要求包含5个要点，控制在135字以内。,Model3,0.8323,1010.81,2.6704
从订单描述中抽取订单号、金额、日期，并按 JSON 返回：订单A2，金额96元，日期2026-09-08。 要求包含5个要点，控制在135字以内。,Model4,0.7268,1042.99,3.3150
从订单描述中抽取订单号、金额、日期，并按 JSON 返回：订单A2，金额96元，日期2026-09-08。 要求包含5个要点，控制在135字以内。,Model5,0.8221,1198.18,3.9039
从订单描述中抽取订单号、金额、日期，并按 JSON 返回：订单A2，金额96元，日期2026-09-08。 要求包含5个要点，控制在135字以内。,Model6,0.8144,1146.28,5.0808
从订单描述中抽取订单号、金额、日期，并按 JSON 返回：订单A2，金额96元，日期2026-09-08。 要求包含5个要点，控制在135字以内。,Model7,0.8106,1378.75,6.4455
从订单描述中抽取订单号、金额、日期，并按 JSON 返回：订单A2，金额96元，日期2026-09-08。 要求包含5个要点，控制在135字以内。,Model8,0.8589,1484.94,7.7033
从订单描述中抽取订单号、金额、日期，并按 JSON 返回：订单A2，金额96元，日期2026-09-08。 要求包含5个要点，控制在135字以内。,Model9,0.8798,1757.24,9.9076
从订单描述中抽取订单号、金额、日期，并按 JSON 返回：订单A2，金额96元，日期2026-09-08。 要求包含5个要点，控制在135字以内。,Model10,0.8911,1900.38,12.4881
比较向量检索与并行计算的主要区别，并给出适用条件。 要求包含2个要点，控制在152字以内。,Model1,0.8754,550.61,1.2633
比较向量检索与并行计算的主要区别，并给出适用条件。 要求包含2个要点，控制在152字以内。,Model2,0.8817,716.45,1.5474
比较向量检索与并行计算的主要区别，并给出适用条件。 要求包含2个要点，控制在152字以内。,Model3,0.8679,791.70,1.8413
比较向量检索与并行计算的主要区别，并给出适用条件。 要求包含2个要点，控制在152字以内。,Model4,0.8908,765.00,2.3573
比较向量检索与并行计算的主要区别，并给出适用条件。 要求包含2个要点，控制在152字以内。,Model5,0.9132,876.52,2.9006
比较向量检索与并行计算的主要区别，并给出适用条件。 要求包含2个要点，控制在152字以内。,Model6,0.9154,947.07,3.6599
比较向量检索与并行计算的主要区别，并给出适用条件。 要求包含2个要点，控制在152字以内。,Model7,0.9268,997.43,4.5809
比较向量检索与并行计算的主要区别，并给出适用条件。 要求包含2个要点，控制在152字以内。,Model8,0.9337,1172.92,5.4485
比较向量检索与并行计算的主要区别，并给出适用条件。 要求包含2个要点，控制在152字以内。,Model9,0.9413,1234.34,6.9979
比较向量检索与并行计算的主要区别，并给出适用条件。 要求包含2个要点，控制在152字以内。,Model10,0.9454,1480.60,8.8619
"已知一组数据为 8,57,69,18，计算平均值并说明步骤。 要求包含3个要点，控制在169字以内。",Model1,0.5539,744.52,1.5535
"已知一组数据为 8,57,69,18，计算平均值并说明步骤。 要求包含3个要点，控制在169字以内。",Model2,0.5984,809.45,1.8054
"已知一组数据为 8,57,69,18，计算平均值并说明步骤。 要求包含3个要点，控制在169字以内。",Model3,0.6532,937.47,2.3845
"已知一组数据为 8,57,69,18，计算平均值并说明步骤。 要求包含3个要点，控制在169字以内。",Model4,0.8582,1010.15,2.7651
"已知一组数据为 8,57,69,18，计算平均值并说明步骤。 要求包含3个要点，控制在169字以内。",Model5,0.8069,1105.69,3.4924
"已知一组数据为 8,57,69,18，计算平均值并说明步骤。 要求包含3个要点，控制在169字以内。",Model6,0.8362,1169.49,4.3064
"已知一组数据为 8,57,69,18，计算平均值并说明步骤。 要求包含3个要点，控制在169字以内。",Model7,0.8867,1212.31,5.4724
"已知一组数据为 8,57,69,18，计算平均值并说明步骤。 要求包含3个要点，控制在169字以内。",Model8,0.8584,1506.27,6.8260
"已知一组数据为 8,57,69,18，计算平均值并说明步骤。 要求包含3个要点，控制在169字以内。",Model9,0.8816,1655.75,8.5771
"已知一组数据为 8,57,69,18，计算平均值并说明步骤。 要求包含3个要点，控制在169字以内。",Model10,0.9064,1885.27,10.9565
用 Python 编写函数，将列表中的重复元素去除并保持原顺序。 要求包含4个要点，控制在186字以内。,Model1,0.4497,826.62,1.6950
用 Python 编写函数，将列表中的重复元素去除并保持原顺序。 要求包含4个要点，控制在186字以内。,Model2,0.4841,902.57,2.0691
用 Python 编写函数，将列表中的重复元素去除并保持原顺序。 要求包含4个要点，控制在186字以内。,Model3,0.7952,1060.79,2.6019
用 Python 编写函数，将列表中的重复元素去除并保持原顺序。 要求包含4个要点，控制在186字以内。,Model4,0.6954,1098.81,3.2631
用 Python 编写函数，将列表中的重复元素去除并保持原顺序。 要求包含4个要点，控制在186字以内。,Model5,0.7190,1291.01,3.9413
用 Python 编写函数，将列表中的重复元素去除并保持原顺序。 要求包含4个要点，控制在186字以内。,Model6,0.8248,1362.39,4.9523
用 Python 编写函数，将列表中的重复元素去除并保持原顺序。 要求包含4个要点，控制在186字以内。,Model7,0.8093,1419.08,6.3086
用 Python 编写函数，将列表中的重复元素去除并保持原顺序。 要求包含4个要点，控制在186字以内。,Model8,0.7744,1684.12,7.9141
用 Python 编写函数，将列表中的重复元素去除并保持原顺序。 要求包含4个要点，控制在186字以内。,Model9,0.8388,1694.78,9.7763
用 Python 编写函数，将列表中的重复元素去除并保持原顺序。 要求包含4个要点，控制在186字以内。,Model10,0.8664,1851.55,12.3585
将这段技术说明概括为不超过120字的摘要。 要求包含5个要点，控制在203字以内。,Model1,0.9005,620.26,1.5624
将这段技术说明概括为不超过120字的摘要。 要求包含5个要点，控制在203字以内。,Model2,0.8516,775.06,1.8347
将这段技术说明概括为不超过120字的摘要。 要求包含5个要点，控制在203字以内。,Model3,0.8363,766.30,2.4984
将这段技术说明概括为不超过120字的摘要。 要求包含5个要点，控制在203字以内。,Model4,0.8174,861.86,2.9293
将这段技术说明概括为不超过120字的摘要。 要求包含5个要点，控制在203字以内。,Model5,0.8999,911.86,3.8196
将这段技术说明概括为不超过120字的摘要。 要求包含5个要点，控制在203字以内。,Model6,0.8642,923.11,4.5886
将这段技术说明概括为不超过120字的摘要。 要求包含5个要点，控制在203字以内。,Model7,0.8790,1113.79,5.8487
将这段技术说明概括为不超过120字的摘要。 要求包含5个要点，控制在203字以内。,Model8,0.9212,1147.32,6.9564
将这段技术说明概括为不超过120字的摘要。 要求包含5个要点，控制在203字以内。,Model9,0.9307,1291.95,9.4211
将这段技术说明概括为不超过120字的摘要。 要求包含5个要点，控制在203字以内。,Model10,0.9398,1439.61,11.6888
"Translate into Chinese: The router predicts quality, cost and latency for every candidate model. 要求包含2个要点，控制在220字以内。",Model1,0.7371,766.41,1.9049
"Translate into Chinese: The router predicts quality, cost and latency for every candidate model. 要求包含2个要点，控制在220字以内。",Model2,0.8700,859.82,2.1528
"Translate into Chinese: The router predicts quality, cost and latency for every candidate model. 要求包含2个要点，控制在220字以内。",Model3,0.7467,924.70,2.9549
"Translate into Chinese: The router predicts quality, cost and latency for every candidate model. 要求包含2个要点，控制在220字以内。",Model4,0.7069,1104.47,3.6127
"Translate into Chinese: The router predicts quality, cost and latency for every candidate model. 要求包含2个要点，控制在220字以内。",Model5,0.8538,988.43,4.2311
"Translate into Chinese: The router predicts quality, cost and latency for every candidate model. 要求包含2个要点，控制在220字以内。",Model6,0.7721,1207.67,5.5074
"Translate into Chinese: The router predicts quality, cost and latency for every candidate model. 要求包含2个要点，控制在220字以内。",Model7,0.8095,1135.25,6.9231
"Translate into Chinese: The router predicts quality, cost and latency for every candidate model. 要求包含2个要点，控制在220字以内。",Model8,0.8848,1481.94,8.8105
"Translate into Chinese: The router predicts quality, cost and latency for every candidate model. 要求包含2个要点，控制在220字以内。",Model9,0.8963,1644.93,10.8756
"Translate into Chinese: The router predicts quality, cost and latency for every candidate model. 要求包含2个要点，控制在220字以内。",Model10,0.9032,1992.34,14.2994
从文本中提取姓名、公司、职位三个字段，并输出 JSON：张三就职于华星科技，担任研发经理。 要求包含3个要点，控制在237字以内。,Model1,0.8057,942.30,1.8358
从文本中提取姓名、公司、职位三个字段，并输出 JSON：张三就职于华星科技，担任研发经理。 要求包含3个要点，控制在237字以内。,Model2,0.7179,936.20,2.1403
从文本中提取姓名、公司、职位三个字段，并输出 JSON：张三就职于华星科技，担任研发经理。 要求包含3个要点，控制在237字以内。,Model3,0.8027,1066.88,2.8953
从文本中提取姓名、公司、职位三个字段，并输出 JSON：张三就职于华星科技，担任研发经理。 要求包含3个要点，控制在237字以内。,Model4,0.6853,1159.08,3.5036
从文本中提取姓名、公司、职位三个字段，并输出 JSON：张三就职于华星科技，担任研发经理。 要求包含3个要点，控制在237字以内。,Model5,0.7770,1108.49,4.3374
从文本中提取姓名、公司、职位三个字段，并输出 JSON：张三就职于华星科技，担任研发经理。 要求包含3个要点，控制在237字以内。,Model6,0.7780,1359.87,5.3726
从文本中提取姓名、公司、职位三个字段，并输出 JSON：张三就职于华星科技，担任研发经理。 要求包含3个要点，控制在237字以内。,Model7,0.7708,1565.12,7.0521
从文本中提取姓名、公司、职位三个字段，并输出 JSON：张三就职于华星科技，担任研发经理。 要求包含3个要点，控制在237字以内。,Model8,0.8260,1580.38,8.3645
从文本中提取姓名、公司、职位三个字段，并输出 JSON：张三就职于华星科技，担任研发经理。 要求包含3个要点，控制在237字以内。,Model9,0.8500,1574.03,10.9871
从文本中提取姓名、公司、职位三个字段，并输出 JSON：张三就职于华星科技，担任研发经理。 要求包含3个要点，控制在237字以内。,Model10,0.8625,1781.69,14.2265
请解释并行计算的核心原理，并给出两个应用场景。 要求包含4个要点，控制在254字以内。,Model1,0.8438,653.36,1.3578
请解释并行计算的核心原理，并给出两个应用场景。 要求包含4个要点，控制在254字以内。,Model2,0.8514,748.46,1.6748
请解释并行计算的核心原理，并给出两个应用场景。 要求包含4个要点，控制在254字以内。,Model3,0.8440,901.05,2.1146
请解释并行计算的核心原理，并给出两个应用场景。 要求包含4个要点，控制在254字以内。,Model4,0.8676,969.60,2.5263
请解释并行计算的核心原理，并给出两个应用场景。 要求包含4个要点，控制在254字以内。,Model5,0.8945,895.89,3.1060
请解释并行计算的核心原理，并给出两个应用场景。 要求包含4个要点，控制在254字以内。,Model6,0.8877,1071.48,3.7998
请解释并行计算的核心原理，并给出两个应用场景。 要求包含4个要点，控制在254字以内。,Model7,0.9053,1167.37,5.0743
请解释并行计算的核心原理，并给出两个应用场景。 要求包含4个要点，控制在254字以内。,Model8,0.9188,1202.40,6.0591
请解释并行计算的核心原理，并给出两个应用场景。 要求包含4个要点，控制在254字以内。,Model9,0.9276,1318.93,7.6845
请解释并行计算的核心原理，并给出两个应用场景。 要求包含4个要点，控制在254字以内。,Model10,0.9323,1410.39,10.0216
"已知一组数据为 3,34,73,25，计算平均值并说明步骤。 要求包含5个要点，控制在271字以内。",Model1,0.5073,811.79,1.5850
"已知一组数据为 3,34,73,25，计算平均值并说明步骤。 要求包含5个要点，控制在271字以内。",Model2,0.5427,894.04,2.0265
"已知一组数据为 3,34,73,25，计算平均值并说明步骤。 要求包含5个要点，控制在271字以内。",Model3,0.5918,1120.16,2.6160
"已知一组数据为 3,34,73,25，计算平均值并说明步骤。 要求包含5个要点，控制在271字以内。",Model4,0.8315,1092.76,3.0546
"已知一组数据为 3,34,73,25，计算平均值并说明步骤。 要求包含5个要点，控制在271字以内。",Model5,0.7699,1098.07,3.6837
"已知一组数据为 3,34,73,25，计算平均值并说明步骤。 要求包含5个要点，控制在271字以内。",Model6,0.8049,1292.91,4.6545
"已知一组数据为 3,34,73,25，计算平均值并说明步骤。 要求包含5个要点，控制在271字以内。",Model7,0.8604,1449.54,5.8423
"已知一组数据为 3,34,73,25，计算平均值并说明步骤。 要求包含5个要点，控制在271字以内。",Model8,0.8313,1616.08,6.9779
"已知一组数据为 3,34,73,25，计算平均值并说明步骤。 要求包含5个要点，控制在271字以内。",Model9,0.8589,1671.82,9.0272
"已知一组数据为 3,34,73,25，计算平均值并说明步骤。 要求包含5个要点，控制在271字以内。",Model10,0.8798,1723.89,11.7990
用 Python 编写函数，将列表中的重复元素去除并保持原顺序。 要求包含2个要点，控制在288字以内。,Model1,0.6639,641.34,1.3286
用 Python 编写函数，将列表中的重复元素去除并保持原顺序。 要求包含2个要点，控制在288字以内。,Model2,0.6914,752.81,1.5695
用 Python 编写函数，将列表中的重复元素去除并保持原顺序。 要求包含2个要点，控制在288字以内。,Model3,0.9053,834.50,2.1098
用 Python 编写函数，将列表中的重复元素去除并保持原顺序。 要求包含2个要点，控制在288字以内。,Model4,0.8416,858.35,2.5179
用 Python 编写函数，将列表中的重复元素去除并保持原顺序。 要求包含2个要点，控制在288字以内。,Model5,0.8554,870.57,3.0293
用 Python 编写函数，将列表中的重复元素去除并保持原顺序。 要求包含2个要点，控制在288字以内。,Model6,0.9184,891.14,3.8905
用 Python 编写函数，将列表中的重复元素去除并保持原顺序。 要求包含2个要点，控制在288字以内。,Model7,0.9112,1131.02,4.8112
用 Python 编写函数，将列表中的重复元素去除并保持原顺序。 要求包含2个要点，控制在288字以内。,Model8,0.8932,1222.61,6.0307
用 Python 编写函数，将列表中的重复元素去除并保持原顺序。 要求包含2个要点，控制在288字以内。,Model9,0.9233,1256.39,7.5660
用 Python 编写函数，将列表中的重复元素去除并保持原顺序。 要求包含2个要点，控制在288字以内。,Model10,0.9372,1467.92,9.9564
总结以下会议纪要，保留结论、负责人和下一步动作。 要求包含3个要点，控制在85字以内。,Model1,0.8723,682.35,1.7318
总结以下会议纪要，保留结论、负责人和下一步动作。 要求包含3个要点，控制在85字以内。,Model2,0.8253,757.46,2.0746
总结以下会议纪要，保留结论、负责人和下一步动作。 要求包含3个要点，控制在85字以内。,Model3,0.7948,856.26,2.6817
总结以下会议纪要，保留结论、负责人和下一步动作。 要求包含3个要点，控制在85字以内。,Model4,0.7726,887.40,3.3450
总结以下会议纪要，保留结论、负责人和下一步动作。 要求包含3个要点，控制在85字以内。,Model5,0.8781,1011.98,3.9433
总结以下会议纪要，保留结论、负责人和下一步动作。 要求包含3个要点，控制在85字以内。,Model6,0.8240,1041.06,5.0610
总结以下会议纪要，保留结论、负责人和下一步动作。 要求包含3个要点，控制在85字以内。,Model7,0.8554,1143.32,6.3193
总结以下会议纪要，保留结论、负责人和下一步动作。 要求包含3个要点，控制在85字以内。,Model8,0.9055,1403.77,7.6798
总结以下会议纪要，保留结论、负责人和下一步动作。 要求包含3个要点，控制在85字以内。,Model9,0.9118,1361.10,9.2357
总结以下会议纪要，保留结论、负责人和下一步动作。 要求包含3个要点，控制在85字以内。,Model10,0.9222,1743.06,12.3753
将下面中文翻译成英文：系统应先满足质量阈值，再选择成本最低的模型。 要求包含4个要点，控制在102字以内。,Model1,0.6942,829.48,1.9636
将下面中文翻译成英文：系统应先满足质量阈值，再选择成本最低的模型。 要求包含4个要点，控制在102字以内。,Model2,0.8406,918.43,2.5047
将下面中文翻译成英文：系统应先满足质量阈值，再选择成本最低的模型。 要求包含4个要点，控制在102字以内。,Model3,0.7024,999.81,3.0116
将下面中文翻译成英文：系统应先满足质量阈值，再选择成本最低的模型。 要求包含4个要点，控制在102字以内。,Model4,0.6583,1043.75,3.6356
将下面中文翻译成英文：系统应先满足质量阈值，再选择成本最低的模型。 要求包含4个要点，控制在102字以内。,Model5,0.8168,1108.55,4.6099
将下面中文翻译成英文：系统应先满足质量阈值，再选择成本最低的模型。 要求包含4个要点，控制在102字以内。,Model6,0.7336,1254.96,5.8112
将下面中文翻译成英文：系统应先满足质量阈值，再选择成本最低的模型。 要求包含4个要点，控制在102字以内。,Model7,0.7725,1418.26,7.3034
将下面中文翻译成英文：系统应先满足质量阈值，再选择成本最低的模型。 要求包含4个要点，控制在102字以内。,Model8,0.8560,1549.24,9.0697
将下面中文翻译成英文：系统应先满足质量阈值，再选择成本最低的模型。 要求包含4个要点，控制在102字以内。,Model9,0.8718,1693.71,12.0458
将下面中文翻译成英文：系统应先满足质量阈值，再选择成本最低的模型。 要求包含4个要点，控制在102字以内。,Model10,0.8774,1553.66,14.8446
从订单描述中抽取订单号、金额、日期，并按 JSON 返回：订单A2，金额67元，日期2026-09-20。 要求包含5个要点，控制在119字以内。,Model1,0.9044,659.68,1.3655
从订单描述中抽取订单号、金额、日期，并按 JSON 返回：订单A2，金额67元，日期2026-09-20。 要求包含5个要点，控制在119字以内。,Model2,0.8568,740.19,1.7239
从订单描述中抽取订单号、金额、日期，并按 JSON 返回：订单A2，金额67元，日期2026-09-20。 要求包含5个要点，控制在119字以内。,Model3,0.9064,773.69,2.3061
从订单描述中抽取订单号、金额、日期，并按 JSON 返回：订单A2，金额67元，日期2026-09-20。 要求包含5个要点，控制在119字以内。,Model4,0.8374,796.18,2.8104
从订单描述中抽取订单号、金额、日期，并按 JSON 返回：订单A2，金额67元，日期2026-09-20。 要求包含5个要点，控制在119字以内。,Model5,0.8917,984.95,3.2403
从订单描述中抽取订单号、金额、日期，并按 JSON 返回：订单A2，金额67元，日期2026-09-20。 要求包含5个要点，控制在119字以内。,Model6,0.8883,1028.67,4.1801
从订单描述中抽取订单号、金额、日期，并按 JSON 返回：订单A2，金额67元，日期2026-09-20。 要求包含5个要点，控制在119字以内。,Model7,0.8832,997.08,5.3444
从订单描述中抽取订单号、金额、日期，并按 JSON 返回：订单A2，金额67元，日期2026-09-20。 要求包含5个要点，控制在119字以内。,Model8,0.9176,1140.95,6.6130
从订单描述中抽取订单号、金额、日期，并按 JSON 返回：订单A2，金额67元，日期2026-09-20。 要求包含5个要点，控制在119字以内。,Model9,0.9307,1223.98,8.1357
从订单描述中抽取订单号、金额、日期，并按 JSON 返回：订单A2，金额67元，日期2026-09-20。 要求包含5个要点，控制在119字以内。,Model10,0.9401,1442.25,10.5003
比较成本控制与大模型路由的主要区别，并给出适用条件。 要求包含2个要点，控制在136字以内。,Model1,0.8046,752.01,1.4793
比较成本控制与大模型路由的主要区别，并给出适用条件。 要求包含2个要点，控制在136字以内。,Model2,0.8253,765.83,1.9224
比较成本控制与大模型路由的主要区别，并给出适用条件。 要求包含2个要点，控制在136字以内。,Model3,0.8095,951.70,2.3274
比较成本控制与大模型路由的主要区别，并给出适用条件。 要求包含2个要点，控制在136字以内。,Model4,0.8400,990.52,2.7723
比较成本控制与大模型路由的主要区别，并给出适用条件。 要求包含2个要点，控制在136字以内。,Model5,0.8728,996.32,3.5668
比较成本控制与大模型路由的主要区别，并给出适用条件。 要求包含2个要点，控制在136字以内。,Model6,0.8664,1118.16,4.3496
比较成本控制与大模型路由的主要区别，并给出适用条件。 要求包含2个要点，控制在136字以内。,Model7,0.8853,1303.80,5.2732
比较成本控制与大模型路由的主要区别，并给出适用条件。 要求包含2个要点，控制在136字以内。,Model8,0.8939,1312.49,6.9139
比较成本控制与大模型路由的主要区别，并给出适用条件。 要求包含2个要点，控制在136字以内。,Model9,0.9076,1547.85,8.3486
比较成本控制与大模型路由的主要区别，并给出适用条件。 要求包含2个要点，控制在136字以内。,Model10,0.9165,1839.73,11.0068
一个项目成功概率为0.2，连续两次至少成功一次的概率是多少？ 要求包含3个要点，控制在153字以内。,Model1,0.4321,921.98,1.7423
一个项目成功概率为0.2，连续两次至少成功一次的概率是多少？ 要求包含3个要点，控制在153字以内。,Model2,0.4838,1019.77,2.0909
一个项目成功概率为0.2，连续两次至少成功一次的概率是多少？ 要求包含3个要点，控制在153字以内。,Model3,0.5377,1053.60,2.7424
一个项目成功概率为0.2，连续两次至少成功一次的概率是多少？ 要求包含3个要点，控制在153字以内。,Model4,0.7948,1107.24,3.3855
一个项目成功概率为0.2，连续两次至少成功一次的概率是多少？ 要求包含3个要点，控制在153字以内。,Model5,0.7243,1245.85,4.0431
一个项目成功概率为0.2，连续两次至少成功一次的概率是多少？ 要求包含3个要点，控制在153字以内。,Model6,0.7581,1416.93,5.2331
一个项目成功概率为0.2，连续两次至少成功一次的概率是多少？ 要求包含3个要点，控制在153字以内。,Model7,0.8302,1665.62,6.6375
一个项目成功概率为0.2，连续两次至少成功一次的概率是多少？ 要求包含3个要点，控制在153字以内。,Model8,0.7897,1629.22,8.1457
一个项目成功概率为0.2，连续两次至少成功一次的概率是多少？ 要求包含3个要点，控制在153字以内。,Model9,0.8344,1804.13,10.2840
一个项目成功概率为0.2，连续两次至少成功一次的概率是多少？ 要求包含3个要点，控制在153字以内。,Model10,0.8565,2048.28,12.9453
修复这段伪代码中的边界错误，并说明时间复杂度。 要求包含4个要点，控制在170字以内。,Model1,0.6122,638.34,1.3750
修复这段伪代码中的边界错误，并说明时间复杂度。 要求包含4个要点，控制在170字以内。,Model2,0.6367,807.24,1.6638
修复这段伪代码中的边界错误，并说明时间复杂度。 要求包含4个要点，控制在170字以内。,Model3,0.8822,761.40,2.1649
修复这段伪代码中的边界错误，并说明时间复杂度。 要求包含4个要点，控制在170字以内。,Model4,0.8107,895.08,2.6313
修复这段伪代码中的边界错误，并说明时间复杂度。 要求包含4个要点，控制在170字以内。,Model5,0.8171,943.93,3.3165
修复这段伪代码中的边界错误，并说明时间复杂度。 要求包含4个要点，控制在170字以内。,Model6,0.9012,1053.38,4.0716
修复这段伪代码中的边界错误，并说明时间复杂度。 要求包含4个要点，控制在170字以内。,Model7,0.8897,1178.94,5.1191
修复这段伪代码中的边界错误，并说明时间复杂度。 要求包含4个要点，控制在170字以内。,Model8,0.8661,1337.89,5.8960
修复这段伪代码中的边界错误，并说明时间复杂度。 要求包含4个要点，控制在170字以内。,Model9,0.9067,1458.00,7.9607
修复这段伪代码中的边界错误，并说明时间复杂度。 要求包含4个要点，控制在170字以内。,Model10,0.9217,1632.22,9.9782
将这段技术说明概括为不超过120字的摘要。 要求包含5个要点，控制在187字以内。,Model1,0.8445,777.84,1.8561
将这段技术说明概括为不超过120字的摘要。 要求包含5个要点，控制在187字以内。,Model2,0.7854,841.03,2.2420
将这段技术说明概括为不超过120字的摘要。 要求包含5个要点，控制在187字以内。,Model3,0.7478,896.63,2.9364
将这段技术说明概括为不超过120字的摘要。 要求包含5个要点，控制在187字以内。,Model4,0.7408,978.36,3.5460
将这段技术说明概括为不超过120字的摘要。 要求包含5个要点，控制在187字以内。,Model5,0.8478,1042.61,3.9925
将这段技术说明概括为不超过120字的摘要。 要求包含5个要点，控制在187字以内。,Model6,0.7916,1234.00,5.3698
将这段技术说明概括为不超过120字的摘要。 要求包含5个要点，控制在187字以内。,Model7,0.8167,1226.55,6.5983
将这段技术说明概括为不超过120字的摘要。 要求包含5个要点，控制在187字以内。,Model8,0.8799,1375.14,8.1061
将这段技术说明概括为不超过120字的摘要。 要求包含5个要点，控制在187字以内。,Model9,0.8959,1499.83,10.6101
将这段技术说明概括为不超过120字的摘要。 要求包含5个要点，控制在187字以内。,Model10,0.9003,1846.69,13.4338
将下面中文翻译成英文：系统应先满足质量阈值，再选择成本最低的模型。 要求包含2个要点，控制在204字以内。,Model1,0.8427,566.64,1.5745
将下面中文翻译成英文：系统应先满足质量阈值，再选择成本最低的模型。 要求包含2个要点，控制在204字以内。,Model2,0.9243,647.71,1.8951
将下面中文翻译成英文：系统应先满足质量阈值，再选择成本最低的模型。 要求包含2个要点，控制在204字以内。,Model3,0.8463,757.68,2.5179
将下面中文翻译成英文：系统应先满足质量阈值，再选择成本最低的模型。 要求包含2个要点，控制在204字以内。,Model4,0.8183,745.39,3.0579
将下面中文翻译成英文：系统应先满足质量阈值，再选择成本最低的模型。 要求包含2个要点，控制在204字以内。,Model5,0.9139,808.32,3.7051
将下面中文翻译成英文：系统应先满足质量阈值，再选择成本最低的模型。 要求包含2个要点，控制在204字以内。,Model6,0.8671,912.48,4.5948
将下面中文翻译成英文：系统应先满足质量阈值，再选择成本最低的模型。 要求包含2个要点，控制在204字以内。,Model7,0.8879,1027.21,5.7668
将下面中文翻译成英文：系统应先满足质量阈值，再选择成本最低的模型。 要求包含2个要点，控制在204字以内。,Model8,0.9338,1186.83,7.3025
将下面中文翻译成英文：系统应先满足质量阈值，再选择成本最低的模型。 要求包含2个要点，控制在204字以内。,Model9,0.9402,1205.81,9.1499
将下面中文翻译成英文：系统应先满足质量阈值，再选择成本最低的模型。 要求包含2个要点，控制在204字以内。,Model10,0.9449,1438.82,11.5315
从订单描述中抽取订单号、金额、日期，并按 JSON 返回：订单A4，金额68元，日期2026-09-13。 要求包含3个要点，控制在221字以内。,Model1,0.8831,729.00,1.5739
从订单描述中抽取订单号、金额、日期，并按 JSON 返回：订单A4，金额68元，日期2026-09-13。 要求包含3个要点，控制在221字以内。,Model2,0.8274,789.86,1.9021
从订单描述中抽取订单号、金额、日期，并按 JSON 返回：订单A4，金额68元，日期2026-09-13。 要求包含3个要点，控制在221字以内。,Model3,0.8873,828.17,2.4708
从订单描述中抽取订单号、金额、日期，并按 JSON 返回：订单A4，金额68元，日期2026-09-13。 要求包含3个要点，控制在221字以内。,Model4,0.8058,920.28,2.8430
从订单描述中抽取订单号、金额、日期，并按 JSON 返回：订单A4，金额68元，日期2026-09-13。 要求包含3个要点，控制在221字以内。,Model5,0.8734,1011.49,3.6348
从订单描述中抽取订单号、金额、日期，并按 JSON 返回：订单A4，金额68元，日期2026-09-13。 要求包含3个要点，控制在221字以内。,Model6,0.8693,1115.54,4.4502
从订单描述中抽取订单号、金额、日期，并按 JSON 返回：订单A4，金额68元，日期2026-09-13。 要求包含3个要点，控制在221字以内。,Model7,0.8652,1183.08,5.4836
从订单描述中抽取订单号、金额、日期，并按 JSON 返回：订单A4，金额68元，日期2026-09-13。 要求包含3个要点，控制在221字以内。,Model8,0.8991,1344.21,6.9753
从订单描述中抽取订单号、金额、日期，并按 JSON 返回：订单A4，金额68元，日期2026-09-13。 要求包含3个要点，控制在221字以内。,Model9,0.9171,1400.74,9.1487
从订单描述中抽取订单号、金额、日期，并按 JSON 返回：订单A4，金额68元，日期2026-09-13。 要求包含3个要点，控制在221字以内。,Model10,0.9238,1513.72,10.9217
比较请求调度与请求调度的主要区别，并给出适用条件。 要求包含4个要点，控制在238字以内。,Model1,0.7720,809.96,1.5915
比较请求调度与请求调度的主要区别，并给出适用条件。 要求包含4个要点，控制在238字以内。,Model2,0.7851,887.99,1.9176
比较请求调度与请求调度的主要区别，并给出适用条件。 要求包含4个要点，控制在238字以内。,Model3,0.7655,866.54,2.4143
比较请求调度与请求调度的主要区别，并给出适用条件。 要求包含4个要点，控制在238字以内。,Model4,0.8008,1093.42,2.9847
比较请求调度与请求调度的主要区别，并给出适用条件。 要求包含4个要点，控制在238字以内。,Model5,0.8405,1247.12,3.8060
比较请求调度与请求调度的主要区别，并给出适用条件。 要求包含4个要点，控制在238字以内。,Model6,0.8341,1201.66,4.7608
比较请求调度与请求调度的主要区别，并给出适用条件。 要求包含4个要点，控制在238字以内。,Model7,0.8532,1344.80,5.8284
比较请求调度与请求调度的主要区别，并给出适用条件。 要求包含4个要点，控制在238字以内。,Model8,0.8636,1434.96,7.1377
比较请求调度与请求调度的主要区别，并给出适用条件。 要求包含4个要点，控制在238字以内。,Model9,0.8826,1799.37,9.2449
比较请求调度与请求调度的主要区别，并给出适用条件。 要求包含4个要点，控制在238字以内。,Model10,0.8927,1797.77,11.4469
一个项目成功概率为0.2，连续两次至少成功一次的概率是多少？ 要求包含5个要点，控制在255字以内。,Model1,0.6350,589.93,1.3398
一个项目成功概率为0.2，连续两次至少成功一次的概率是多少？ 要求包含5个要点，控制在255字以内。,Model2,0.6955,807.22,1.6825
一个项目成功概率为0.2，连续两次至少成功一次的概率是多少？ 要求包含5个要点，控制在255字以内。,Model3,0.7324,778.51,2.0571
一个项目成功概率为0.2，连续两次至少成功一次的概率是多少？ 要求包含5个要点，控制在255字以内。,Model4,0.8925,779.73,2.4552
一个项目成功概率为0.2，连续两次至少成功一次的概率是多少？ 要求包含5个要点，控制在255字以内。,Model5,0.8623,994.49,3.1795
一个项目成功概率为0.2，连续两次至少成功一次的概率是多少？ 要求包含5个要点，控制在255字以内。,Model6,0.8823,1019.49,3.9896
一个项目成功概率为0.2，连续两次至少成功一次的概率是多少？ 要求包含5个要点，控制在255字以内。,Model7,0.9246,1136.07,4.8561
一个项目成功概率为0.2，连续两次至少成功一次的概率是多少？ 要求包含5个要点，控制在255字以内。,Model8,0.9000,1260.05,5.7993
一个项目成功概率为0.2，连续两次至少成功一次的概率是多少？ 要求包含5个要点，控制在255字以内。,Model9,0.9223,1359.01,8.2318
一个项目成功概率为0.2，连续两次至少成功一次的概率是多少？ 要求包含5个要点，控制在255字以内。,Model10,0.9326,1556.53,9.9863
用 Python 编写函数，将列表中的重复元素去除并保持原顺序。 要求包含2个要点，控制在272字以内。,Model1,0.5404,696.89,1.5231
用 Python 编写函数，将列表中的重复元素去除并保持原顺序。 要求包含2个要点，控制在272字以内。,Model2,0.5826,827.28,1.8498
用 Python 编写函数，将列表中的重复元素去除并保持原顺序。 要求包含2个要点，控制在272字以内。,Model3,0.8507,929.64,2.4110
用 Python 编写函数，将列表中的重复元素去除并保持原顺序。 要求包含2个要点，控制在272字以内。,Model4,0.7598,1001.69,2.8754
用 Python 编写函数，将列表中的重复元素去除并保持原顺序。 要求包含2个要点，控制在272字以内。,Model5,0.7774,1109.53,3.5268
用 Python 编写函数，将列表中的重复元素去除并保持原顺序。 要求包含2个要点，控制在272字以内。,Model6,0.8740,1167.68,4.5562
用 Python 编写函数，将列表中的重复元素去除并保持原顺序。 要求包含2个要点，控制在272字以内。,Model7,0.8684,1247.89,5.5352
用 Python 编写函数，将列表中的重复元素去除并保持原顺序。 要求包含2个要点，控制在272字以内。,Model8,0.8321,1385.00,6.9653
用 Python 编写函数，将列表中的重复元素去除并保持原顺序。 要求包含2个要点，控制在272字以内。,Model9,0.8814,1613.74,8.6553
用 Python 编写函数，将列表中的重复元素去除并保持原顺序。 要求包含2个要点，控制在272字以内。,Model10,0.9029,1778.19,11.2415
总结以下会议纪要，保留结论、负责人和下一步动作。 要求包含3个要点，控制在289字以内。,Model1,0.8163,846.90,1.8787
总结以下会议纪要，保留结论、负责人和下一步动作。 要求包含3个要点，控制在289字以内。,Model2,0.7405,960.23,2.2611
总结以下会议纪要，保留结论、负责人和下一步动作。 要求包含3个要点，控制在289字以内。,Model3,0.7090,909.70,2.9613
总结以下会议纪要，保留结论、负责人和下一步动作。 要求包含3个要点，控制在289字以内。,Model4,0.6945,1118.09,3.8217
总结以下会议纪要，保留结论、负责人和下一步动作。 要求包含3个要点，控制在289字以内。,Model5,0.8172,1193.00,4.4956
总结以下会议纪要，保留结论、负责人和下一步动作。 要求包含3个要点，控制在289字以内。,Model6,0.7415,1358.63,5.6347
总结以下会议纪要，保留结论、负责人和下一步动作。 要求包含3个要点，控制在289字以内。,Model7,0.7808,1242.35,6.9561
总结以下会议纪要，保留结论、负责人和下一步动作。 要求包含3个要点，控制在289字以内。,Model8,0.8481,1478.32,8.6467
总结以下会议纪要，保留结论、负责人和下一步动作。 要求包含3个要点，控制在289字以内。,Model9,0.8663,1935.09,11.2210
总结以下会议纪要，保留结论、负责人和下一步动作。 要求包含3个要点，控制在289字以内。,Model10,0.8791,1992.61,13.3595
把下面句子翻译成简洁、正式的英文：模型价格变化后，路由策略应自动调整。 要求包含4个要点，控制在86字以内。,Model1,0.8096,654.89,1.7068
把下面句子翻译成简洁、正式的英文：模型价格变化后，路由策略应自动调整。 要求包含4个要点，控制在86字以内。,Model2,0.9060,641.01,2.1381
把下面句子翻译成简洁、正式的英文：模型价格变化后，路由策略应自动调整。 要求包含4个要点，控制在86字以内。,Model3,0.8105,663.10,2.6273
把下面句子翻译成简洁、正式的英文：模型价格变化后，路由策略应自动调整。 要求包含4个要点，控制在86字以内。,Model4,0.7895,914.58,3.2867
把下面句子翻译成简洁、正式的英文：模型价格变化后，路由策略应自动调整。 要求包含4个要点，控制在86字以内。,Model5,0.8931,892.13,4.1216
把下面句子翻译成简洁、正式的英文：模型价格变化后，路由策略应自动调整。 要求包含4个要点，控制在86字以内。,Model6,0.8369,1018.76,4.8679
把下面句子翻译成简洁、正式的英文：模型价格变化后，路由策略应自动调整。 要求包含4个要点，控制在86字以内。,Model7,0.8692,1157.44,6.3114
把下面句子翻译成简洁、正式的英文：模型价格变化后，路由策略应自动调整。 要求包含4个要点，控制在86字以内。,Model8,0.9185,1181.85,7.4589
把下面句子翻译成简洁、正式的英文：模型价格变化后，路由策略应自动调整。 要求包含4个要点，控制在86字以内。,Model9,0.9227,1334.78,10.0146
把下面句子翻译成简洁、正式的英文：模型价格变化后，路由策略应自动调整。 要求包含4个要点，控制在86字以内。,Model10,0.9301,1445.60,12.5495
从订单描述中抽取订单号、金额、日期，并按 JSON 返回：订单A8，金额47元，日期2026-09-26。 要求包含5个要点，控制在103字以内。,Model1,0.8564,777.68,1.5954
从订单描述中抽取订单号、金额、日期，并按 JSON 返回：订单A8，金额47元，日期2026-09-26。 要求包含5个要点，控制在103字以内。,Model2,0.7889,849.27,2.0865
从订单描述中抽取订单号、金额、日期，并按 JSON 返回：订单A8，金额47元，日期2026-09-26。 要求包含5个要点，控制在103字以内。,Model3,0.8576,908.69,2.6912
从订单描述中抽取订单号、金额、日期，并按 JSON 返回：订单A8，金额47元，日期2026-09-26。 要求包含5个要点，控制在103字以内。,Model4,0.7574,1048.79,3.2087
从订单描述中抽取订单号、金额、日期，并按 JSON 返回：订单A8，金额47元，日期2026-09-26。 要求包含5个要点，控制在103字以内。,Model5,0.8419,1001.67,3.9284
从订单描述中抽取订单号、金额、日期，并按 JSON 返回：订单A8，金额47元，日期2026-09-26。 要求包含5个要点，控制在103字以内。,Model6,0.8398,1078.96,5.0211
从订单描述中抽取订单号、金额、日期，并按 JSON 返回：订单A8，金额47元，日期2026-09-26。 要求包含5个要点，控制在103字以内。,Model7,0.8318,1262.76,6.0387
从订单描述中抽取订单号、金额、日期，并按 JSON 返回：订单A8，金额47元，日期2026-09-26。 要求包含5个要点，控制在103字以内。,Model8,0.8716,1539.91,7.4716
从订单描述中抽取订单号、金额、日期，并按 JSON 返回：订单A8，金额47元，日期2026-09-26。 要求包含5个要点，控制在103字以内。,Model9,0.8954,1446.13,9.3220
从订单描述中抽取订单号、金额、日期，并按 JSON 返回：订单A8，金额47元，日期2026-09-26。 要求包含5个要点，控制在103字以内。,Model10,0.9036,1720.35,11.7454
请解释编译优化的核心原理，并给出两个应用场景。 要求包含2个要点，控制在120字以内。,Model1,0.8909,580.29,1.1370
请解释编译优化的核心原理，并给出两个应用场景。 要求包含2个要点，控制在120字以内。,Model2,0.8929,562.42,1.4263
请解释编译优化的核心原理，并给出两个应用场景。 要求包含2个要点，控制在120字以内。,Model3,0.8829,665.52,1.7947
请解释编译优化的核心原理，并给出两个应用场景。 要求包含2个要点，控制在120字以内。,Model4,0.9033,843.23,2.2252
请解释编译优化的核心原理，并给出两个应用场景。 要求包含2个要点，控制在120字以内。,Model5,0.9283,789.98,2.6849
请解释编译优化的核心原理，并给出两个应用场景。 要求包含2个要点，控制在120字以内。,Model6,0.9247,944.01,3.1987
请解释编译优化的核心原理，并给出两个应用场景。 要求包含2个要点，控制在120字以内。,Model7,0.9351,969.54,4.4322
请解释编译优化的核心原理，并给出两个应用场景。 要求包含2个要点，控制在120字以内。,Model8,0.9407,1111.61,5.2643
请解释编译优化的核心原理，并给出两个应用场景。 要求包含2个要点，控制在120字以内。,Model9,0.9471,1092.76,6.8205
请解释编译优化的核心原理，并给出两个应用场景。 要求包含2个要点，控制在120字以内。,Model10,0.9512,1274.65,8.4366
求解方程 7x + 85 = 98，写出计算过程。 要求包含3个要点，控制在137字以内。,Model1,0.5941,655.28,1.3997
求解方程 7x + 85 = 98，写出计算过程。 要求包含3个要点，控制在137字以内。,Model2,0.6269,813.43,1.7348
求解方程 7x + 85 = 98，写出计算过程。 要求包含3个要点，控制在137字以内。,Model3,0.6777,844.58,2.1431
求解方程 7x + 85 = 98，写出计算过程。 要求包含3个要点，控制在137字以内。,Model4,0.8780,1027.17,2.7971
求解方程 7x + 85 = 98，写出计算过程。 要求包含3个要点，控制在137字以内。,Model5,0.8348,1049.66,3.2861
求解方程 7x + 85 = 98，写出计算过程。 要求包含3个要点，控制在137字以内。,Model6,0.8546,910.58,4.1273
求解方程 7x + 85 = 98，写出计算过程。 要求包含3个要点，控制在137字以内。,Model7,0.8970,1171.14,5.3906
求解方程 7x + 85 = 98，写出计算过程。 要求包含3个要点，控制在137字以内。,Model8,0.8776,1380.99,6.2745
求解方程 7x + 85 = 98，写出计算过程。 要求包含3个要点，控制在137字以内。,Model9,0.8992,1508.02,8.3697
求解方程 7x + 85 = 98，写出计算过程。 要求包含3个要点，控制在137字以内。,Model10,0.9161,1737.70,10.0808
修复这段伪代码中的边界错误，并说明时间复杂度。 要求包含4个要点，控制在154字以内。,Model1,0.4927,804.69,1.6327
修复这段伪代码中的边界错误，并说明时间复杂度。 要求包含4个要点，控制在154字以内。,Model2,0.5240,883.02,2.0061
修复这段伪代码中的边界错误，并说明时间复杂度。 要求包含4个要点，控制在154字以内。,Model3,0.8179,999.29,2.4471
修复这段伪代码中的边界错误，并说明时间复杂度。 要求包含4个要点，控制在154字以内。,Model4,0.7167,1052.55,3.1587
修复这段伪代码中的边界错误，并说明时间复杂度。 要求包含4个要点，控制在154字以内。,Model5,0.7361,1139.99,3.6290
修复这段伪代码中的边界错误，并说明时间复杂度。 要求包含4个要点，控制在154字以内。,Model6,0.8437,1344.60,4.4143
修复这段伪代码中的边界错误，并说明时间复杂度。 要求包含4个要点，控制在154字以内。,Model7,0.8280,1413.52,5.7857
修复这段伪代码中的边界错误，并说明时间复杂度。 要求包含4个要点，控制在154字以内。,Model8,0.8004,1547.83,7.4015
修复这段伪代码中的边界错误，并说明时间复杂度。 要求包含4个要点，控制在154字以内。,Model9,0.8554,1791.07,9.2253
修复这段伪代码中的边界错误，并说明时间复杂度。 要求包含4个要点，控制在154字以内。,Model10,0.8743,1930.89,11.3677
总结以下会议纪要，保留结论、负责人和下一步动作。 要求包含5个要点，控制在171字以内。,Model1,0.9108,599.67,1.4931
总结以下会议纪要，保留结论、负责人和下一步动作。 要求包含5个要点，控制在171字以内。,Model2,0.8733,633.05,1.7964
总结以下会议纪要，保留结论、负责人和下一步动作。 要求包含5个要点，控制在171字以内。,Model3,0.8553,712.11,2.3643
总结以下会议纪要，保留结论、负责人和下一步动作。 要求包含5个要点，控制在171字以内。,Model4,0.8451,771.89,3.0439
总结以下会议纪要，保留结论、负责人和下一步动作。 要求包含5个要点，控制在171字以内。,Model5,0.9123,797.47,3.4222
总结以下会议纪要，保留结论、负责人和下一步动作。 要求包含5个要点，控制在171字以内。,Model6,0.8780,881.91,4.3443
总结以下会议纪要，保留结论、负责人和下一步动作。 要求包含5个要点，控制在171字以内。,Model7,0.8996,1106.42,5.7773
总结以下会议纪要，保留结论、负责人和下一步动作。 要求包含5个要点，控制在171字以内。,Model8,0.9342,1109.31,6.5384
总结以下会议纪要，保留结论、负责人和下一步动作。 要求包含5个要点，控制在171字以内。,Model9,0.9363,1275.00,8.8783
总结以下会议纪要，保留结论、负责人和下一步动作。 要求包含5个要点，控制在171字以内。,Model10,0.9432,1472.75,11.2901
把下面句子翻译成简洁、正式的英文：模型价格变化后，路由策略应自动调整。 要求包含2个要点，控制在188字以内。,Model1,0.7586,714.70,1.9378
把下面句子翻译成简洁、正式的英文：模型价格变化后，路由策略应自动调整。 要求包含2个要点，控制在188字以内。,Model2,0.8802,824.47,2.2037
把下面句子翻译成简洁、正式的英文：模型价格变化后，路由策略应自动调整。 要求包含2个要点，控制在188字以内。,Model3,0.7678,858.06,2.9092
把下面句子翻译成简洁、正式的英文：模型价格变化后，路由策略应自动调整。 要求包含2个要点，控制在188字以内。,Model4,0.7473,1030.81,3.3844
把下面句子翻译成简洁、正式的英文：模型价格变化后，路由策略应自动调整。 要求包含2个要点，控制在188字以内。,Model5,0.8644,1048.79,4.1982
把下面句子翻译成简洁、正式的英文：模型价格变化后，路由策略应自动调整。 要求包含2个要点，控制在188字以内。,Model6,0.8051,1119.78,5.1316
把下面句子翻译成简洁、正式的英文：模型价格变化后，路由策略应自动调整。 要求包含2个要点，控制在188字以内。,Model7,0.8292,1247.58,7.0771
把下面句子翻译成简洁、正式的英文：模型价格变化后，路由策略应自动调整。 要求包含2个要点，控制在188字以内。,Model8,0.8949,1289.68,8.8116
把下面句子翻译成简洁、正式的英文：模型价格变化后，路由策略应自动调整。 要求包含2个要点，控制在188字以内。,Model9,0.8999,1430.20,10.3202
把下面句子翻译成简洁、正式的英文：模型价格变化后，路由策略应自动调整。 要求包含2个要点，控制在188字以内。,Model10,0.9155,1506.87,13.4751
从文本中提取姓名、公司、职位三个字段，并输出 JSON：张三就职于华星科技，担任研发经理。 要求包含3个要点，控制在205字以内。,Model1,0.8231,846.69,1.8958
从文本中提取姓名、公司、职位三个字段，并输出 JSON：张三就职于华星科技，担任研发经理。 要求包含3个要点，控制在205字以内。,Model2,0.7534,894.06,2.2557
从文本中提取姓名、公司、职位三个字段，并输出 JSON：张三就职于华星科技，担任研发经理。 要求包含3个要点，控制在205字以内。,Model3,0.8206,1013.09,2.8218
从文本中提取姓名、公司、职位三个字段，并输出 JSON：张三就职于华星科技，担任研发经理。 要求包含3个要点，控制在205字以内。,Model4,0.7099,1042.83,3.3889
从文本中提取姓名、公司、职位三个字段，并输出 JSON：张三就职于华星科技，担任研发经理。 要求包含3个要点，控制在205字以内。,Model5,0.8042,1193.06,4.0595
从文本中提取姓名、公司、职位三个字段，并输出 JSON：张三就职于华星科技，担任研发经理。 要求包含3个要点，控制在205字以内。,Model6,0.8019,1184.20,5.3541
从文本中提取姓名、公司、职位三个字段，并输出 JSON：张三就职于华星科技，担任研发经理。 要求包含3个要点，控制在205字以内。,Model7,0.7990,1422.60,7.0294
从文本中提取姓名、公司、职位三个字段，并输出 JSON：张三就职于华星科技，担任研发经理。 要求包含3个要点，控制在205字以内。,Model8,0.8420,1540.64,8.4413
从文本中提取姓名、公司、职位三个字段，并输出 JSON：张三就职于华星科技，担任研发经理。 要求包含3个要点，控制在205字以内。,Model9,0.8649,1592.74,10.5044
从文本中提取姓名、公司、职位三个字段，并输出 JSON：张三就职于华星科技，担任研发经理。 要求包含3个要点，控制在205字以内。,Model10,0.8789,2034.98,13.1861
请解释并行计算的核心原理，并给出两个应用场景。 要求包含4个要点，控制在222字以内。,Model1,0.8568,676.28,1.2834
请解释并行计算的核心原理，并给出两个应用场景。 要求包含4个要点，控制在222字以内。,Model2,0.8716,686.20,1.5323
请解释并行计算的核心原理，并给出两个应用场景。 要求包含4个要点，控制在222字以内。,Model3,0.8654,835.78,1.9691
请解释并行计算的核心原理，并给出两个应用场景。 要求包含4个要点，控制在222字以内。,Model4,0.8805,865.40,2.4375
请解释并行计算的核心原理，并给出两个应用场景。 要求包含4个要点，控制在222字以内。,Model5,0.9110,938.14,2.9025
请解释并行计算的核心原理，并给出两个应用场景。 要求包含4个要点，控制在222字以内。,Model6,0.9061,1071.14,3.7388
请解释并行计算的核心原理，并给出两个应用场景。 要求包含4个要点，控制在222字以内。,Model7,0.9189,1051.16,4.8124
请解释并行计算的核心原理，并给出两个应用场景。 要求包含4个要点，控制在222字以内。,Model8,0.9246,1181.77,5.8881
请解释并行计算的核心原理，并给出两个应用场景。 要求包含4个要点，控制在222字以内。,Model9,0.9331,1493.14,7.5318
请解释并行计算的核心原理，并给出两个应用场景。 要求包含4个要点，控制在222字以内。,Model10,0.9405,1483.62,8.9927
求解方程 3x + 22 = 20，写出计算过程。 要求包含5个要点，控制在239字以内。,Model1,0.5359,662.61,1.4695
求解方程 3x + 22 = 20，写出计算过程。 要求包含5个要点，控制在239字以内。,Model2,0.5779,814.45,1.8230
求解方程 3x + 22 = 20，写出计算过程。 要求包含5个要点，控制在239字以内。,Model3,0.6347,980.51,2.3531
求解方程 3x + 22 = 20，写出计算过程。 要求包含5个要点，控制在239字以内。,Model4,0.8473,1095.90,2.9190
求解方程 3x + 22 = 20，写出计算过程。 要求包含5个要点，控制在239字以内。,Model5,0.7940,1108.98,3.4818
求解方程 3x + 22 = 20，写出计算过程。 要求包含5个要点，控制在239字以内。,Model6,0.8269,1228.90,4.4533
求解方程 3x + 22 = 20，写出计算过程。 要求包含5个要点，控制在239字以内。,Model7,0.8747,1411.41,5.4985
求解方程 3x + 22 = 20，写出计算过程。 要求包含5个要点，控制在239字以内。,Model8,0.8444,1464.87,7.0329
求解方程 3x + 22 = 20，写出计算过程。 要求包含5个要点，控制在239字以内。,Model9,0.8758,1601.69,8.5354
求解方程 3x + 22 = 20，写出计算过程。 要求包含5个要点，控制在239字以内。,Model10,0.8969,1811.12,11.0014
用 Python 编写函数，将列表中的重复元素去除并保持原顺序。 要求包含2个要点，控制在256字以内。,Model1,0.4284,853.18,1.7145
用 Python 编写函数，将列表中的重复元素去除并保持原顺序。 要求包含2个要点，控制在256字以内。,Model2,0.4540,939.32,2.1829
用 Python 编写函数，将列表中的重复元素去除并保持原顺序。 要求包含2个要点，控制在256字以内。,Model3,0.7874,1117.53,2.8874
用 Python 编写函数，将列表中的重复元素去除并保持原顺序。 要求包含2个要点，控制在256字以内。,Model4,0.6687,1167.07,3.3433
用 Python 编写函数，将列表中的重复元素去除并保持原顺序。 要求包含2个要点，控制在256字以内。,Model5,0.6984,1252.21,4.0463
用 Python 编写函数，将列表中的重复元素去除并保持原顺序。 要求包含2个要点，控制在256字以内。,Model6,0.8126,1468.41,4.9843
用 Python 编写函数，将列表中的重复元素去除并保持原顺序。 要求包含2个要点，控制在256字以内。,Model7,0.7959,1589.63,6.1007
用 Python 编写函数，将列表中的重复元素去除并保持原顺序。 要求包含2个要点，控制在256字以内。,Model8,0.7526,1603.62,8.3110
用 Python 编写函数，将列表中的重复元素去除并保持原顺序。 要求包含2个要点，控制在256字以内。,Model9,0.8221,1774.88,10.4018
用 Python 编写函数，将列表中的重复元素去除并保持原顺序。 要求包含2个要点，控制在256字以内。,Model10,0.8525,1960.75,13.0642
请把下面材料压缩成三点摘要：企业上线多模型后，需要在质量、成本和延迟之间进行路由选择。 要求包含3个要点，控制在273字以内。,Model1,0.8869,721.31,1.8810
请把下面材料压缩成三点摘要：企业上线多模型后，需要在质量、成本和延迟之间进行路由选择。 要求包含3个要点，控制在273字以内。,Model2,0.8435,745.15,2.2451
请把下面材料压缩成三点摘要：企业上线多模型后，需要在质量、成本和延迟之间进行路由选择。 要求包含3个要点，控制在273字以内。,Model3,0.8191,735.71,2.8476
请把下面材料压缩成三点摘要：企业上线多模型后，需要在质量、成本和延迟之间进行路由选择。 要求包含3个要点，控制在273字以内。,Model4,0.8092,842.32,3.6486
请把下面材料压缩成三点摘要：企业上线多模型后，需要在质量、成本和延迟之间进行路由选择。 要求包含3个要点，控制在273字以内。,Model5,0.8908,946.31,4.2275
请把下面材料压缩成三点摘要：企业上线多模型后，需要在质量、成本和延迟之间进行路由选择。 要求包含3个要点，控制在273字以内。,Model6,0.8450,1023.93,5.3052
请把下面材料压缩成三点摘要：企业上线多模型后，需要在质量、成本和延迟之间进行路由选择。 要求包含3个要点，控制在273字以内。,Model7,0.8807,1094.72,7.2450
请把下面材料压缩成三点摘要：企业上线多模型后，需要在质量、成本和延迟之间进行路由选择。 要求包含3个要点，控制在273字以内。,Model8,0.9169,1323.14,8.7264
请把下面材料压缩成三点摘要：企业上线多模型后，需要在质量、成本和延迟之间进行路由选择。 要求包含3个要点，控制在273字以内。,Model9,0.9248,1346.91,10.7368
请把下面材料压缩成三点摘要：企业上线多模型后，需要在质量、成本和延迟之间进行路由选择。 要求包含3个要点，控制在273字以内。,Model10,0.9313,1686.86,12.7993
把下面句子翻译成简洁、正式的英文：模型价格变化后，路由策略应自动调整。 要求包含4个要点，控制在290字以内。,Model1,0.7177,787.69,2.0215
把下面句子翻译成简洁、正式的英文：模型价格变化后，路由策略应自动调整。 要求包含4个要点，控制在290字以内。,Model2,0.8559,819.98,2.4326
把下面句子翻译成简洁、正式的英文：模型价格变化后，路由策略应自动调整。 要求包含4个要点，控制在290字以内。,Model3,0.7234,907.11,3.1442
把下面句子翻译成简洁、正式的英文：模型价格变化后，路由策略应自动调整。 要求包含4个要点，控制在290字以内。,Model4,0.6866,1082.33,3.8458
把下面句子翻译成简洁、正式的英文：模型价格变化后，路由策略应自动调整。 要求包含4个要点，控制在290字以内。,Model5,0.8372,1143.40,4.4316
把下面句子翻译成简洁、正式的英文：模型价格变化后，路由策略应自动调整。 要求包含4个要点，控制在290字以内。,Model6,0.7560,1166.85,5.8045
把下面句子翻译成简洁、正式的英文：模型价格变化后，路由策略应自动调整。 要求包含4个要点，控制在290字以内。,Model7,0.7881,1273.98,7.0616
把下面句子翻译成简洁、正式的英文：模型价格变化后，路由策略应自动调整。 要求包含4个要点，控制在290字以内。,Model8,0.8756,1462.96,9.1045
把下面句子翻译成简洁、正式的英文：模型价格变化后，路由策略应自动调整。 要求包含4个要点，控制在290字以内。,Model9,0.8866,1558.19,11.2468
把下面句子翻译成简洁、正式的英文：模型价格变化后，路由策略应自动调整。 要求包含4个要点，控制在290字以内。,Model10,0.8913,1823.45,14.4780
把以下内容整理为 key-value：客户=远航制造；问题=接口超时；优先级=高。 要求包含5个要点，控制在87字以内。,Model1,0.9180,631.20,1.3155
把以下内容整理为 key-value：客户=远航制造；问题=接口超时；优先级=高。 要求包含5个要点，控制在87字以内。,Model2,0.8757,643.19,1.4916
把以下内容整理为 key-value：客户=远航制造；问题=接口超时；优先级=高。 要求包含5个要点，控制在87字以内。,Model3,0.9137,769.05,1.9738
把以下内容整理为 key-value：客户=远航制造；问题=接口超时；优先级=高。 要求包含5个要点，控制在87字以内。,Model4,0.8520,722.17,2.3579
把以下内容整理为 key-value：客户=远航制造；问题=接口超时；优先级=高。 要求包含5个要点，控制在87字以内。,Model5,0.9043,817.56,2.9155
把以下内容整理为 key-value：客户=远航制造；问题=接口超时；优先级=高。 要求包含5个要点，控制在87字以内。,Model6,0.8981,987.92,3.6626
把以下内容整理为 key-value：客户=远航制造；问题=接口超时；优先级=高。 要求包含5个要点，控制在87字以内。,Model7,0.8999,1064.21,4.8547
把以下内容整理为 key-value：客户=远航制造；问题=接口超时；优先级=高。 要求包含5个要点，控制在87字以内。,Model8,0.9286,1169.73,5.7320
把以下内容整理为 key-value：客户=远航制造；问题=接口超时；优先级=高。 要求包含5个要点，控制在87字以内。,Model9,0.9415,1159.00,7.7158
把以下内容整理为 key-value：客户=远航制造；问题=接口超时；优先级=高。 要求包含5个要点，控制在87字以内。,Model10,0.9440,1325.88,9.3728
请解释大模型路由的核心原理，并给出两个应用场景。 要求包含2个要点，控制在104字以内。,Model1,0.8261,760.42,1.4145
请解释大模型路由的核心原理，并给出两个应用场景。 要求包含2个要点，控制在104字以内。,Model2,0.8403,811.73,1.6294
请解释大模型路由的核心原理，并给出两个应用场景。 要求包含2个要点，控制在104字以内。,Model3,0.8313,871.61,2.2064
请解释大模型路由的核心原理，并给出两个应用场景。 要求包含2个要点，控制在104字以内。,Model4,0.8584,981.51,2.6520
请解释大模型路由的核心原理，并给出两个应用场景。 要求包含2个要点，控制在104字以内。,Model5,0.8844,933.48,3.2222
请解释大模型路由的核心原理，并给出两个应用场景。 要求包含2个要点，控制在104字以内。,Model6,0.8798,1126.77,4.0854
请解释大模型路由的核心原理，并给出两个应用场景。 要求包含2个要点，控制在104字以内。,Model7,0.8966,1232.10,5.2254
请解释大模型路由的核心原理，并给出两个应用场景。 要求包含2个要点，控制在104字以内。,Model8,0.9100,1344.49,6.2335
请解释大模型路由的核心原理，并给出两个应用场景。 要求包含2个要点，控制在104字以内。,Model9,0.9171,1348.58,8.2833
请解释大模型路由的核心原理，并给出两个应用场景。 要求包含2个要点，控制在104字以内。,Model10,0.9232,1676.81,10.2624
"已知一组数据为 9,46,48,14，计算平均值并说明步骤。 要求包含3个要点，控制在121字以内。",Model1,0.4638,936.20,1.6616
"已知一组数据为 9,46,48,14，计算平均值并说明步骤。 要求包含3个要点，控制在121字以内。",Model2,0.5120,954.37,1.9080
"已知一组数据为 9,46,48,14，计算平均值并说明步骤。 要求包含3个要点，控制在121字以内。",Model3,0.5711,1006.04,2.5950
"已知一组数据为 9,46,48,14，计算平均值并说明步骤。 要求包含3个要点，控制在121字以内。",Model4,0.8090,1158.17,3.0187
"已知一组数据为 9,46,48,14，计算平均值并说明步骤。 要求包含3个要点，控制在121字以内。",Model5,0.7547,1128.89,3.7532
"已知一组数据为 9,46,48,14，计算平均值并说明步骤。 要求包含3个要点，控制在121字以内。",Model6,0.7871,1180.98,4.7950
"已知一组数据为 9,46,48,14，计算平均值并说明步骤。 要求包含3个要点，控制在121字以内。",Model7,0.8448,1516.93,6.1277
"已知一组数据为 9,46,48,14，计算平均值并说明步骤。 要求包含3个要点，控制在121字以内。",Model8,0.8159,1603.04,7.2663
"已知一组数据为 9,46,48,14，计算平均值并说明步骤。 要求包含3个要点，控制在121字以内。",Model9,0.8440,1873.23,9.7727
"已知一组数据为 9,46,48,14，计算平均值并说明步骤。 要求包含3个要点，控制在121字以内。",Model10,0.8717,2088.78,11.9821
用 Python 编写函数，将列表中的重复元素去除并保持原顺序。 要求包含4个要点，控制在138字以内。,Model1,0.6384,695.32,1.3750
用 Python 编写函数，将列表中的重复元素去除并保持原顺序。 要求包含4个要点，控制在138字以内。,Model2,0.6708,730.95,1.6848
用 Python 编写函数，将列表中的重复元素去除并保持原顺序。 要求包含4个要点，控制在138字以内。,Model3,0.8935,864.96,2.0827
用 Python 编写函数，将列表中的重复元素去除并保持原顺序。 要求包含4个要点，控制在138字以内。,Model4,0.8273,911.75,2.6379
用 Python 编写函数，将列表中的重复元素去除并保持原顺序。 要求包含4个要点，控制在138字以内。,Model5,0.8424,902.31,3.1953
用 Python 编写函数，将列表中的重复元素去除并保持原顺序。 要求包含4个要点，控制在138字以内。,Model6,0.9121,1011.66,3.6863
用 Python 编写函数，将列表中的重复元素去除并保持原顺序。 要求包含4个要点，控制在138字以内。,Model7,0.8984,1157.26,4.9827
用 Python 编写函数，将列表中的重复元素去除并保持原顺序。 要求包含4个要点，控制在138字以内。,Model8,0.8844,1339.54,6.0994
用 Python 编写函数，将列表中的重复元素去除并保持原顺序。 要求包含4个要点，控制在138字以内。,Model9,0.9153,1387.12,7.9214
用 Python 编写函数，将列表中的重复元素去除并保持原顺序。 要求包含4个要点，控制在138字以内。,Model10,0.9286,1604.56,9.8815
总结以下会议纪要，保留结论、负责人和下一步动作。 要求包含5个要点，控制在155字以内。,Model1,0.8627,710.42,1.7605
总结以下会议纪要，保留结论、负责人和下一步动作。 要求包含5个要点，控制在155字以内。,Model2,0.8065,800.11,2.0719
总结以下会议纪要，保留结论、负责人和下一步动作。 要求包含5个要点，控制在155字以内。,Model3,0.7817,921.53,2.7933
总结以下会议纪要，保留结论、负责人和下一步动作。 要求包含5个要点，控制在155字以内。,Model4,0.7567,965.75,3.2562
总结以下会议纪要，保留结论、负责人和下一步动作。 要求包含5个要点，控制在155字以内。,Model5,0.8619,1073.25,4.2963
总结以下会议纪要，保留结论、负责人和下一步动作。 要求包含5个要点，控制在155字以内。,Model6,0.8063,1082.95,5.1148
总结以下会议纪要，保留结论、负责人和下一步动作。 要求包含5个要点，控制在155字以内。,Model7,0.8452,1395.45,6.2958
总结以下会议纪要，保留结论、负责人和下一步动作。 要求包含5个要点，控制在155字以内。,Model8,0.8926,1383.14,7.6512
总结以下会议纪要，保留结论、负责人和下一步动作。 要求包含5个要点，控制在155字以内。,Model9,0.9067,1436.54,10.1802
总结以下会议纪要，保留结论、负责人和下一步动作。 要求包含5个要点，控制在155字以内。,Model10,0.9138,1560.24,12.8255
"Translate into Chinese: The router predicts quality, cost and latency for every candidate model. 要求包含2个要点，控制在172字以内。",Model1,0.6734,920.31,2.0083
"Translate into Chinese: The router predicts quality, cost and latency for every candidate model. 要求包含2个要点，控制在172字以内。",Model2,0.8207,961.72,2.3076
"Translate into Chinese: The router predicts quality, cost and latency for every candidate model. 要求包含2个要点，控制在172字以内。",Model3,0.6680,1000.92,3.1241
"Translate into Chinese: The router predicts quality, cost and latency for every candidate model. 要求包含2个要点，控制在172字以内。",Model4,0.6311,1179.92,4.1542
"Translate into Chinese: The router predicts quality, cost and latency for every candidate model. 要求包含2个要点，控制在172字以内。",Model5,0.8059,1183.47,4.6337
"Translate into Chinese: The router predicts quality, cost and latency for every candidate model. 要求包含2个要点，控制在172字以内。",Model6,0.7034,1290.66,6.1163
"Translate into Chinese: The router predicts quality, cost and latency for every candidate model. 要求包含2个要点，控制在172字以内。",Model7,0.7475,1442.32,7.8721
"Translate into Chinese: The router predicts quality, cost and latency for every candidate model. 要求包含2个要点，控制在172字以内。",Model8,0.8440,1655.48,9.2341
"Translate into Chinese: The router predicts quality, cost and latency for every candidate model. 要求包含2个要点，控制在172字以内。",Model9,0.8534,1826.65,12.2616
"Translate into Chinese: The router predicts quality, cost and latency for every candidate model. 要求包含2个要点，控制在172字以内。",Model10,0.8616,1794.37,14.1427
把以下内容整理为 key-value：客户=远航制造；问题=接口超时；优先级=高。 要求包含3个要点，控制在189字以内。,Model1,0.9005,626.11,1.3745
把以下内容整理为 key-value：客户=远航制造；问题=接口超时；优先级=高。 要求包含3个要点，控制在189字以内。,Model2,0.8430,685.60,1.7122
把以下内容整理为 key-value：客户=远航制造；问题=接口超时；优先级=高。 要求包含3个要点，控制在189字以内。,Model3,0.8965,882.68,2.2671
把以下内容整理为 key-value：客户=远航制造；问题=接口超时；优先级=高。 要求包含3个要点，控制在189字以内。,Model4,0.8161,879.69,2.6594
把以下内容整理为 key-value：客户=远航制造；问题=接口超时；优先级=高。 要求包含3个要点，控制在189字以内。,Model5,0.8826,906.08,3.1877
把以下内容整理为 key-value：客户=远航制造；问题=接口超时；优先级=高。 要求包含3个要点，控制在189字以内。,Model6,0.8808,1025.67,3.9398
把以下内容整理为 key-value：客户=远航制造；问题=接口超时；优先级=高。 要求包含3个要点，控制在189字以内。,Model7,0.8769,1166.21,5.2111
把以下内容整理为 key-value：客户=远航制造；问题=接口超时；优先级=高。 要求包含3个要点，控制在189字以内。,Model8,0.9073,1207.29,6.3146
把以下内容整理为 key-value：客户=远航制造；问题=接口超时；优先级=高。 要求包含3个要点，控制在189字以内。,Model9,0.9229,1352.03,8.1262
把以下内容整理为 key-value：客户=远航制造；问题=接口超时；优先级=高。 要求包含3个要点，控制在189字以内。,Model10,0.9325,1418.24,9.9265
比较编译优化与缓存机制的主要区别，并给出适用条件。 要求包含4个要点，控制在206字以内。,Model1,0.7900,797.66,1.5065
比较编译优化与缓存机制的主要区别，并给出适用条件。 要求包含4个要点，控制在206字以内。,Model2,0.8044,810.84,1.8694
比较编译优化与缓存机制的主要区别，并给出适用条件。 要求包含4个要点，控制在206字以内。,Model3,0.7925,924.10,2.3113
比较编译优化与缓存机制的主要区别，并给出适用条件。 要求包含4个要点，控制在206字以内。,Model4,0.8273,1016.83,2.9377
比较编译优化与缓存机制的主要区别，并给出适用条件。 要求包含4个要点，控制在206字以内。,Model5,0.8559,1133.23,3.4587
比较编译优化与缓存机制的主要区别，并给出适用条件。 要求包含4个要点，控制在206字以内。,Model6,0.8549,1149.29,4.4890
比较编译优化与缓存机制的主要区别，并给出适用条件。 要求包含4个要点，控制在206字以内。,Model7,0.8670,1257.94,5.5568
比较编译优化与缓存机制的主要区别，并给出适用条件。 要求包含4个要点，控制在206字以内。,Model8,0.8873,1383.15,6.9338
比较编译优化与缓存机制的主要区别，并给出适用条件。 要求包含4个要点，控制在206字以内。,Model9,0.8986,1676.47,9.3919
比较编译优化与缓存机制的主要区别，并给出适用条件。 要求包含4个要点，控制在206字以内。,Model10,0.9050,1758.14,10.7175
一个项目成功概率为0.4，连续两次至少成功一次的概率是多少？ 要求包含5个要点，控制在223字以内。,Model1,0.6708,679.81,1.2704
一个项目成功概率为0.4，连续两次至少成功一次的概率是多少？ 要求包含5个要点，控制在223字以内。,Model2,0.7192,667.56,1.6128
一个项目成功概率为0.4，连续两次至少成功一次的概率是多少？ 要求包含5个要点，控制在223字以内。,Model3,0.7523,754.99,2.0768
一个项目成功概率为0.4，连续两次至少成功一次的概率是多少？ 要求包含5个要点，控制在223字以内。,Model4,0.9124,824.47,2.4937
一个项目成功概率为0.4，连续两次至少成功一次的概率是多少？ 要求包含5个要点，控制在223字以内。,Model5,0.8798,852.65,3.0038
一个项目成功概率为0.4，连续两次至少成功一次的概率是多少？ 要求包含5个要点，控制在223字以内。,Model6,0.8930,943.25,3.7552
一个项目成功概率为0.4，连续两次至少成功一次的概率是多少？ 要求包含5个要点，控制在223字以内。,Model7,0.9274,1020.73,4.8083
一个项目成功概率为0.4，连续两次至少成功一次的概率是多少？ 要求包含5个要点，控制在223字以内。,Model8,0.9140,1105.02,6.0430
一个项目成功概率为0.4，连续两次至少成功一次的概率是多少？ 要求包含5个要点，控制在223字以内。,Model9,0.9303,1248.98,7.4744
一个项目成功概率为0.4，连续两次至少成功一次的概率是多少？ 要求包含5个要点，控制在223字以内。,Model10,0.9407,1484.86,9.3218
分析下面 SQL 的性能问题并给出索引建议：SELECT * FROM orders WHERE user_id=9 ORDER BY created_at DESC; 要求包含2个要点，控制在240字以内。,Model1,0.5777,689.91,1.5762
分析下面 SQL 的性能问题并给出索引建议：SELECT * FROM orders WHERE user_id=9 ORDER BY created_at DESC; 要求包含2个要点，控制在240字以内。,Model2,0.6198,830.35,1.9005
分析下面 SQL 的性能问题并给出索引建议：SELECT * FROM orders WHERE user_id=9 ORDER BY created_at DESC; 要求包含2个要点，控制在240字以内。,Model3,0.8729,831.79,2.4990
分析下面 SQL 的性能问题并给出索引建议：SELECT * FROM orders WHERE user_id=9 ORDER BY created_at DESC; 要求包含2个要点，控制在240字以内。,Model4,0.7927,1001.94,2.9976
分析下面 SQL 的性能问题并给出索引建议：SELECT * FROM orders WHERE user_id=9 ORDER BY created_at DESC; 要求包含2个要点，控制在240字以内。,Model5,0.8044,1036.22,3.6918
分析下面 SQL 的性能问题并给出索引建议：SELECT * FROM orders WHERE user_id=9 ORDER BY created_at DESC; 要求包含2个要点，控制在240字以内。,Model6,0.8866,999.17,4.8355
分析下面 SQL 的性能问题并给出索引建议：SELECT * FROM orders WHERE user_id=9 ORDER BY created_at DESC; 要求包含2个要点，控制在240字以内。,Model7,0.8798,1314.66,6.1385
分析下面 SQL 的性能问题并给出索引建议：SELECT * FROM orders WHERE user_id=9 ORDER BY created_at DESC; 要求包含2个要点，控制在240字以内。,Model8,0.8566,1546.61,7.4779
分析下面 SQL 的性能问题并给出索引建议：SELECT * FROM orders WHERE user_id=9 ORDER BY created_at DESC; 要求包含2个要点，控制在240字以内。,Model9,0.8929,1616.64,9.6838
分析下面 SQL 的性能问题并给出索引建议：SELECT * FROM orders WHERE user_id=9 ORDER BY created_at DESC; 要求包含2个要点，控制在240字以内。,Model10,0.9135,1771.00,11.8616
将这段技术说明概括为不超过120字的摘要。 要求包含3个要点，控制在257字以内。,Model1,0.8262,803.40,1.8438
将这段技术说明概括为不超过120字的摘要。 要求包含3个要点，控制在257字以内。,Model2,0.7666,875.68,2.2214
将这段技术说明概括为不超过120字的摘要。 要求包含3个要点，控制在257字以内。,Model3,0.7358,1080.31,2.9581
将这段技术说明概括为不超过120字的摘要。 要求包含3个要点，控制在257字以内。,Model4,0.7063,1007.40,3.5252
将这段技术说明概括为不超过120字的摘要。 要求包含3个要点，控制在257字以内。,Model5,0.8329,1068.45,4.0604
将这段技术说明概括为不超过120字的摘要。 要求包含3个要点，控制在257字以内。,Model6,0.7673,1238.81,5.5268
将这段技术说明概括为不超过120字的摘要。 要求包含3个要点，控制在257字以内。,Model7,0.8120,1463.75,6.7882
将这段技术说明概括为不超过120字的摘要。 要求包含3个要点，控制在257字以内。,Model8,0.8722,1414.12,8.4470
将这段技术说明概括为不超过120字的摘要。 要求包含3个要点，控制在257字以内。,Model9,0.8788,1563.05,10.5730
将这段技术说明概括为不超过120字的摘要。 要求包含3个要点，控制在257字以内。,Model10,0.8900,1997.12,13.0485
把下面句子翻译成简洁、正式的英文：模型价格变化后，路由策略应自动调整。 要求包含4个要点，控制在274字以内。,Model1,0.8227,567.46,1.7091
把下面句子翻译成简洁、正式的英文：模型价格变化后，路由策略应自动调整。 要求包含4个要点，控制在274字以内。,Model2,0.9176,655.12,2.0468
把下面句子翻译成简洁、正式的英文：模型价格变化后，路由策略应自动调整。 要求包含4个要点，控制在274字以内。,Model3,0.8329,808.05,2.5236
把下面句子翻译成简洁、正式的英文：模型价格变化后，路由策略应自动调整。 要求包含4个要点，控制在274字以内。,Model4,0.8067,829.72,3.1502
把下面句子翻译成简洁、正式的英文：模型价格变化后，路由策略应自动调整。 要求包含4个要点，控制在274字以内。,Model5,0.9045,959.92,3.8242
把下面句子翻译成简洁、正式的英文：模型价格变化后，路由策略应自动调整。 要求包含4个要点，控制在274字以内。,Model6,0.8565,945.95,4.9173
把下面句子翻译成简洁、正式的英文：模型价格变化后，路由策略应自动调整。 要求包含4个要点，控制在274字以内。,Model7,0.8837,1139.63,6.3471
把下面句子翻译成简洁、正式的英文：模型价格变化后，路由策略应自动调整。 要求包含4个要点，控制在274字以内。,Model8,0.9262,1206.00,7.3371
把下面句子翻译成简洁、正式的英文：模型价格变化后，路由策略应自动调整。 要求包含4个要点，控制在274字以内。,Model9,0.9332,1254.16,9.7637
把下面句子翻译成简洁、正式的英文：模型价格变化后，路由策略应自动调整。 要求包含4个要点，控制在274字以内。,Model10,0.9392,1382.16,11.7286
从订单描述中抽取订单号、金额、日期，并按 JSON 返回：订单A9，金额54元，日期2026-09-21。 要求包含5个要点，控制在291字以内。,Model1,0.8752,695.63,1.5889
从订单描述中抽取订单号、金额、日期，并按 JSON 返回：订单A9，金额54元，日期2026-09-21。 要求包含5个要点，控制在291字以内。,Model2,0.8107,724.64,1.9784
从订单描述中抽取订单号、金额、日期，并按 JSON 返回：订单A9，金额54元，日期2026-09-21。 要求包含5个要点，控制在291字以内。,Model3,0.8656,837.98,2.5580
从订单描述中抽取订单号、金额、日期，并按 JSON 返回：订单A9，金额54元，日期2026-09-21。 要求包含5个要点，控制在291字以内。,Model4,0.7742,937.80,3.0153
从订单描述中抽取订单号、金额、日期，并按 JSON 返回：订单A9，金额54元，日期2026-09-21。 要求包含5个要点，控制在291字以内。,Model5,0.8565,992.71,3.6383
从订单描述中抽取订单号、金额、日期，并按 JSON 返回：订单A9，金额54元，日期2026-09-21。 要求包含5个要点，控制在291字以内。,Model6,0.8553,1046.56,4.8436
从订单描述中抽取订单号、金额、日期，并按 JSON 返回：订单A9，金额54元，日期2026-09-21。 要求包含5个要点，控制在291字以内。,Model7,0.8469,1261.52,6.0461
从订单描述中抽取订单号、金额、日期，并按 JSON 返回：订单A9，金额54元，日期2026-09-21。 要求包含5个要点，控制在291字以内。,Model8,0.8837,1340.13,6.9615
从订单描述中抽取订单号、金额、日期，并按 JSON 返回：订单A9，金额54元，日期2026-09-21。 要求包含5个要点，控制在291字以内。,Model9,0.9060,1390.59,9.4314
从订单描述中抽取订单号、金额、日期，并按 JSON 返回：订单A9，金额54元，日期2026-09-21。 要求包含5个要点，控制在291字以内。,Model10,0.9142,1806.90,11.1720
请解释大模型路由的核心原理，并给出两个应用场景。 要求包含2个要点，控制在88字以内。,Model1,0.7375,944.26,1.6911
请解释大模型路由的核心原理，并给出两个应用场景。 要求包含2个要点，控制在88字以内。,Model2,0.7663,943.52,1.9884
请解释大模型路由的核心原理，并给出两个应用场景。 要求包含2个要点，控制在88字以内。,Model3,0.7461,990.84,2.5856
请解释大模型路由的核心原理，并给出两个应用场景。 要求包含2个要点，控制在88字以内。,Model4,0.7770,1049.70,3.0332
请解释大模型路由的核心原理，并给出两个应用场景。 要求包含2个要点，控制在88字以内。,Model5,0.8287,1224.47,3.7115
请解释大模型路由的核心原理，并给出两个应用场景。 要求包含2个要点，控制在88字以内。,Model6,0.8190,1333.60,4.6837
请解释大模型路由的核心原理，并给出两个应用场景。 要求包含2个要点，控制在88字以内。,Model7,0.8406,1490.93,5.9475
请解释大模型路由的核心原理，并给出两个应用场景。 要求包含2个要点，控制在88字以内。,Model8,0.8628,1488.79,7.4586
请解释大模型路由的核心原理，并给出两个应用场景。 要求包含2个要点，控制在88字以内。,Model9,0.8761,1605.55,9.1031
请解释大模型路由的核心原理，并给出两个应用场景。 要求包含2个要点，控制在88字以内。,Model10,0.8872,1947.76,11.3549
"已知一组数据为 8,71,50,10，计算平均值并说明步骤。 要求包含3个要点，控制在105字以内。",Model1,0.6266,667.22,1.3785
"已知一组数据为 8,71,50,10，计算平均值并说明步骤。 要求包含3个要点，控制在105字以内。",Model2,0.6740,702.51,1.6337
"已知一组数据为 8,71,50,10，计算平均值并说明步骤。 要求包含3个要点，控制在105字以内。",Model3,0.7100,824.00,2.0391
"已知一组数据为 8,71,50,10，计算平均值并说明步骤。 要求包含3个要点，控制在105字以内。",Model4,0.8853,933.98,2.5643
"已知一组数据为 8,71,50,10，计算平均值并说明步骤。 要求包含3个要点，控制在105字以内。",Model5,0.8490,814.65,3.1277
"已知一组数据为 8,71,50,10，计算平均值并说明步骤。 要求包含3个要点，控制在105字以内。",Model6,0.8744,1016.40,3.8777
"已知一组数据为 8,71,50,10，计算平均值并说明步骤。 要求包含3个要点，控制在105字以内。",Model7,0.9158,1273.25,4.9379
"已知一组数据为 8,71,50,10，计算平均值并说明步骤。 要求包含3个要点，控制在105字以内。",Model8,0.8923,1305.45,5.9546
"已知一组数据为 8,71,50,10，计算平均值并说明步骤。 要求包含3个要点，控制在105字以内。",Model9,0.9095,1452.33,7.9280
"已知一组数据为 8,71,50,10，计算平均值并说明步骤。 要求包含3个要点，控制在105字以内。",Model10,0.9276,1631.20,10.2156
修复这段伪代码中的边界错误，并说明时间复杂度。 要求包含4个要点，控制在122字以内。,Model1,0.5288,810.29,1.6391
修复这段伪代码中的边界错误，并说明时间复杂度。 要求包含4个要点，控制在122字以内。,Model2,0.5672,823.26,1.8182
修复这段伪代码中的边界错误，并说明时间复杂度。 要求包含4个要点，控制在122字以内。,Model3,0.8387,1005.94,2.5416
修复这段伪代码中的边界错误，并说明时间复杂度。 要求包含4个要点，控制在122字以内。,Model4,0.7471,1048.46,2.8753
修复这段伪代码中的边界错误，并说明时间复杂度。 要求包含4个要点，控制在122字以内。,Model5,0.7602,1094.81,3.5698
修复这段伪代码中的边界错误，并说明时间复杂度。 要求包含4个要点，控制在122字以内。,Model6,0.8570,1378.40,4.6073
修复这段伪代码中的边界错误，并说明时间复杂度。 要求包含4个要点，控制在122字以内。,Model7,0.8452,1378.98,5.7400
修复这段伪代码中的边界错误，并说明时间复杂度。 要求包含4个要点，控制在122字以内。,Model8,0.8088,1464.13,6.7269
修复这段伪代码中的边界错误，并说明时间复杂度。 要求包含4个要点，控制在122字以内。,Model9,0.8671,1516.94,8.8009
修复这段伪代码中的边界错误，并说明时间复杂度。 要求包含4个要点，控制在122字以内。,Model10,0.8893,1603.65,10.8807
总结以下会议纪要，保留结论、负责人和下一步动作。 要求包含5个要点，控制在139字以内。,Model1,0.7958,821.61,2.0399
总结以下会议纪要，保留结论、负责人和下一步动作。 要求包含5个要点，控制在139字以内。,Model2,0.7131,942.68,2.3351
总结以下会议纪要，保留结论、负责人和下一步动作。 要求包含5个要点，控制在139字以内。,Model3,0.6850,1018.37,3.0669
总结以下会议纪要，保留结论、负责人和下一步动作。 要求包含5个要点，控制在139字以内。,Model4,0.6565,1100.19,3.7318
总结以下会议纪要，保留结论、负责人和下一步动作。 要求包含5个要点，控制在139字以内。,Model5,0.8030,1275.49,4.7317
总结以下会议纪要，保留结论、负责人和下一步动作。 要求包含5个要点，控制在139字以内。,Model6,0.7283,1395.61,5.8009
总结以下会议纪要，保留结论、负责人和下一步动作。 要求包含5个要点，控制在139字以内。,Model7,0.7686,1553.34,7.5723
总结以下会议纪要，保留结论、负责人和下一步动作。 要求包含5个要点，控制在139字以内。,Model8,0.8409,1566.19,9.0220
总结以下会议纪要，保留结论、负责人和下一步动作。 要求包含5个要点，控制在139字以内。,Model9,0.8564,1625.94,11.5783
总结以下会议纪要，保留结论、负责人和下一步动作。 要求包含5个要点，控制在139字以内。,Model10,0.8665,1858.50,14.1970
把下面句子翻译成简洁、正式的英文：模型价格变化后，路由策略应自动调整。 要求包含2个要点，控制在156字以内。,Model1,0.7856,685.61,1.8070
把下面句子翻译成简洁、正式的英文：模型价格变化后，路由策略应自动调整。 要求包含2个要点，控制在156字以内。,Model2,0.8941,755.55,2.1596
把下面句子翻译成简洁、正式的英文：模型价格变化后，路由策略应自动调整。 要求包含2个要点，控制在156字以内。,Model3,0.7835,819.51,2.7691
把下面句子翻译成简洁、正式的英文：模型价格变化后，路由策略应自动调整。 要求包含2个要点，控制在156字以内。,Model4,0.7677,844.12,3.3710
把下面句子翻译成简洁、正式的英文：模型价格变化后，路由策略应自动调整。 要求包含2个要点，控制在156字以内。,Model5,0.8808,989.11,3.9407
把下面句子翻译成简洁、正式的英文：模型价格变化后，路由策略应自动调整。 要求包含2个要点，控制在156字以内。,Model6,0.8238,1047.42,5.3288
把下面句子翻译成简洁、正式的英文：模型价格变化后，路由策略应自动调整。 要求包含2个要点，控制在156字以内。,Model7,0.8438,1112.74,6.4701
把下面句子翻译成简洁、正式的英文：模型价格变化后，路由策略应自动调整。 要求包含2个要点，控制在156字以内。,Model8,0.9084,1281.28,8.0905
把下面句子翻译成简洁、正式的英文：模型价格变化后，路由策略应自动调整。 要求包含2个要点，控制在156字以内。,Model9,0.9170,1400.69,10.6190
把下面句子翻译成简洁、正式的英文：模型价格变化后，路由策略应自动调整。 要求包含2个要点，控制在156字以内。,Model10,0.9239,1495.12,12.7403
从订单描述中抽取订单号、金额、日期，并按 JSON 返回：订单A7，金额48元，日期2026-09-22。 要求包含3个要点，控制在173字以内。,Model1,0.8505,810.05,1.7388
从订单描述中抽取订单号、金额、日期，并按 JSON 返回：订单A7，金额48元，日期2026-09-22。 要求包含3个要点，控制在173字以内。,Model2,0.7658,928.74,2.1014
从订单描述中抽取订单号、金额、日期，并按 JSON 返回：订单A7，金额48元，日期2026-09-22。 要求包含3个要点，控制在173字以内。,Model3,0.8289,984.39,2.7275
从订单描述中抽取订单号、金额、日期，并按 JSON 返回：订单A7，金额48元，日期2026-09-22。 要求包含3个要点，控制在173字以内。,Model4,0.7426,954.74,3.1044
从订单描述中抽取订单号、金额、日期，并按 JSON 返回：订单A7，金额48元，日期2026-09-22。 要求包含3个要点，控制在173字以内。,Model5,0.8160,1176.66,4.0098
从订单描述中抽取订单号、金额、日期，并按 JSON 返回：订单A7，金额48元，日期2026-09-22。 要求包含3个要点，控制在173字以内。,Model6,0.8146,1230.66,5.1404
从订单描述中抽取订单号、金额、日期，并按 JSON 返回：订单A7，金额48元，日期2026-09-22。 要求包含3个要点，控制在173字以内。,Model7,0.8139,1113.96,6.5151
从订单描述中抽取订单号、金额、日期，并按 JSON 返回：订单A7，金额48元，日期2026-09-22。 要求包含3个要点，控制在173字以内。,Model8,0.8554,1348.74,7.9170
从订单描述中抽取订单号、金额、日期，并按 JSON 返回：订单A7，金额48元，日期2026-09-22。 要求包含3个要点，控制在173字以内。,Model9,0.8835,1512.46,9.9087
从订单描述中抽取订单号、金额、日期，并按 JSON 返回：订单A7，金额48元，日期2026-09-22。 要求包含3个要点，控制在173字以内。,Model10,0.8935,1791.56,13.0216
请解释大模型路由的核心原理，并给出两个应用场景。 要求包含4个要点，控制在190字以内。,Model1,0.8743,582.07,1.2672
请解释大模型路由的核心原理，并给出两个应用场景。 要求包含4个要点，控制在190字以内。,Model2,0.8853,637.07,1.4348
请解释大模型路由的核心原理，并给出两个应用场景。 要求包含4个要点，控制在190字以内。,Model3,0.8786,724.86,1.9510
请解释大模型路由的核心原理，并给出两个应用场景。 要求包含4个要点，控制在190字以内。,Model4,0.8950,744.55,2.4569
请解释大模型路由的核心原理，并给出两个应用场景。 要求包含4个要点，控制在190字以内。,Model5,0.9184,905.19,2.7105
请解释大模型路由的核心原理，并给出两个应用场景。 要求包含4个要点，控制在190字以内。,Model6,0.9124,995.62,3.6079
请解释大模型路由的核心原理，并给出两个应用场景。 要求包含4个要点，控制在190字以内。,Model7,0.9276,1036.49,4.5640
请解释大模型路由的核心原理，并给出两个应用场景。 要求包含4个要点，控制在190字以内。,Model8,0.9364,1175.20,5.6795
请解释大模型路由的核心原理，并给出两个应用场景。 要求包含4个要点，控制在190字以内。,Model9,0.9416,1268.77,7.0332
请解释大模型路由的核心原理，并给出两个应用场景。 要求包含4个要点，控制在190字以内。,Model10,0.9469,1436.26,8.7959
"已知一组数据为 7,34,77,20，计算平均值并说明步骤。 要求包含5个要点，控制在207字以内。",Model1,0.5670,711.85,1.4849
"已知一组数据为 7,34,77,20，计算平均值并说明步骤。 要求包含5个要点，控制在207字以内。",Model2,0.6121,791.11,1.7680
"已知一组数据为 7,34,77,20，计算平均值并说明步骤。 要求包含5个要点，控制在207字以内。",Model3,0.6506,1042.85,2.3082
"已知一组数据为 7,34,77,20，计算平均值并说明步骤。 要求包含5个要点，控制在207字以内。",Model4,0.8662,943.64,2.8737
"已知一组数据为 7,34,77,20，计算平均值并说明步骤。 要求包含5个要点，控制在207字以内。",Model5,0.8102,1098.52,3.2995
"已知一组数据为 7,34,77,20，计算平均值并说明步骤。 要求包含5个要点，控制在207字以内。",Model6,0.8385,1215.82,4.3307
"已知一组数据为 7,34,77,20，计算平均值并说明步骤。 要求包含5个要点，控制在207字以内。",Model7,0.8924,1140.07,5.4456
"已知一组数据为 7,34,77,20，计算平均值并说明步骤。 要求包含5个要点，控制在207字以内。",Model8,0.8619,1468.85,6.3322
"已知一组数据为 7,34,77,20，计算平均值并说明步骤。 要求包含5个要点，控制在207字以内。",Model9,0.8875,1505.82,8.4623
"已知一组数据为 7,34,77,20，计算平均值并说明步骤。 要求包含5个要点，控制在207字以内。",Model10,0.9074,1597.56,11.0995
分析下面 SQL 的性能问题并给出索引建议：SELECT * FROM orders WHERE user_id=2 ORDER BY created_at DESC; 要求包含2个要点，控制在224字以内。,Model1,0.4559,901.86,1.8940
分析下面 SQL 的性能问题并给出索引建议：SELECT * FROM orders WHERE user_id=2 ORDER BY created_at DESC; 要求包含2个要点，控制在224字以内。,Model2,0.5010,925.26,2.2235
分析下面 SQL 的性能问题并给出索引建议：SELECT * FROM orders WHERE user_id=2 ORDER BY created_at DESC; 要求包含2个要点，控制在224字以内。,Model3,0.8155,1078.80,2.8876
分析下面 SQL 的性能问题并给出索引建议：SELECT * FROM orders WHERE user_id=2 ORDER BY created_at DESC; 要求包含2个要点，控制在224字以内。,Model4,0.6939,1078.80,3.4075
分析下面 SQL 的性能问题并给出索引建议：SELECT * FROM orders WHERE user_id=2 ORDER BY created_at DESC; 要求包含2个要点，控制在224字以内。,Model5,0.7332,1299.03,4.4063
分析下面 SQL 的性能问题并给出索引建议：SELECT * FROM orders WHERE user_id=2 ORDER BY created_at DESC; 要求包含2个要点，控制在224字以内。,Model6,0.8322,1228.55,5.3768
分析下面 SQL 的性能问题并给出索引建议：SELECT * FROM orders WHERE user_id=2 ORDER BY created_at DESC; 要求包含2个要点，控制在224字以内。,Model7,0.8215,1531.90,6.7687
分析下面 SQL 的性能问题并给出索引建议：SELECT * FROM orders WHERE user_id=2 ORDER BY created_at DESC; 要求包含2个要点，控制在224字以内。,Model8,0.7814,1579.81,8.2231
分析下面 SQL 的性能问题并给出索引建议：SELECT * FROM orders WHERE user_id=2 ORDER BY created_at DESC; 要求包含2个要点，控制在224字以内。,Model9,0.8427,2057.21,10.4561
分析下面 SQL 的性能问题并给出索引建议：SELECT * FROM orders WHERE user_id=2 ORDER BY created_at DESC; 要求包含2个要点，控制在224字以内。,Model10,0.8631,1925.26,13.4466
将这段技术说明概括为不超过120字的摘要。 要求包含3个要点，控制在241字以内。,Model1,0.9027,663.85,1.5256
将这段技术说明概括为不超过120字的摘要。 要求包含3个要点，控制在241字以内。,Model2,0.8599,727.72,1.8968
将这段技术说明概括为不超过120字的摘要。 要求包含3个要点，控制在241字以内。,Model3,0.8388,769.75,2.5278
将这段技术说明概括为不超过120字的摘要。 要求包含3个要点，控制在241字以内。,Model4,0.8225,858.84,2.9752
将这段技术说明概括为不超过120字的摘要。 要求包含3个要点，控制在241字以内。,Model5,0.9032,867.45,3.5595
将这段技术说明概括为不超过120字的摘要。 要求包含3个要点，控制在241字以内。,Model6,0.8631,1151.62,4.4908
将这段技术说明概括为不超过120字的摘要。 要求包含3个要点，控制在241字以内。,Model7,0.8865,1199.90,5.7222
将这段技术说明概括为不超过120字的摘要。 要求包含3个要点，控制在241字以内。,Model8,0.9249,1178.84,6.9391
将这段技术说明概括为不超过120字的摘要。 要求包含3个要点，控制在241字以内。,Model9,0.9349,1328.56,9.2507
将这段技术说明概括为不超过120字的摘要。 要求包含3个要点，控制在241字以内。,Model10,0.9398,1525.21,11.3186
把下面句子翻译成简洁、正式的英文：模型价格变化后，路由策略应自动调整。 要求包含4个要点，控制在258字以内。,Model1,0.7485,735.18,1.9211
把下面句子翻译成简洁、正式的英文：模型价格变化后，路由策略应自动调整。 要求包含4个要点，控制在258字以内。,Model2,0.8758,879.99,2.2977
把下面句子翻译成简洁、正式的英文：模型价格变化后，路由策略应自动调整。 要求包含4个要点，控制在258字以内。,Model3,0.7493,876.29,2.8097
把下面句子翻译成简洁、正式的英文：模型价格变化后，路由策略应自动调整。 要求包含4个要点，控制在258字以内。,Model4,0.7263,1000.79,3.7336
把下面句子翻译成简洁、正式的英文：模型价格变化后，路由策略应自动调整。 要求包含4个要点，控制在258字以内。,Model5,0.8560,1061.37,4.4602
把下面句子翻译成简洁、正式的英文：模型价格变化后，路由策略应自动调整。 要求包含4个要点，控制在258字以内。,Model6,0.7853,1250.15,5.4665
把下面句子翻译成简洁、正式的英文：模型价格变化后，路由策略应自动调整。 要求包含4个要点，控制在258字以内。,Model7,0.8151,1306.55,7.1324
把下面句子翻译成简洁、正式的英文：模型价格变化后，路由策略应自动调整。 要求包含4个要点，控制在258字以内。,Model8,0.8859,1379.52,8.5823
把下面句子翻译成简洁、正式的英文：模型价格变化后，路由策略应自动调整。 要求包含4个要点，控制在258字以内。,Model9,0.8994,1585.87,11.0128
把下面句子翻译成简洁、正式的英文：模型价格变化后，路由策略应自动调整。 要求包含4个要点，控制在258字以内。,Model10,0.9070,1571.56,13.7221
从订单描述中抽取订单号、金额、日期，并按 JSON 返回：订单A7，金额13元，日期2026-09-07。 要求包含5个要点，控制在275字以内。,Model1,0.8083,832.35,1.8596
从订单描述中抽取订单号、金额、日期，并按 JSON 返回：订单A7，金额13元，日期2026-09-07。 要求包含5个要点，控制在275字以内。,Model2,0.7260,859.47,2.1835
从订单描述中抽取订单号、金额、日期，并按 JSON 返回：订单A7，金额13元，日期2026-09-07。 要求包含5个要点，控制在275字以内。,Model3,0.8014,1063.07,2.8565
从订单描述中抽取订单号、金额、日期，并按 JSON 返回：订单A7，金额13元，日期2026-09-07。 要求包含5个要点，控制在275字以内。,Model4,0.6989,1170.02,3.4821
从订单描述中抽取订单号、金额、日期，并按 JSON 返回：订单A7，金额13元，日期2026-09-07。 要求包含5个要点，控制在275字以内。,Model5,0.7768,1274.95,4.2169
从订单描述中抽取订单号、金额、日期，并按 JSON 返回：订单A7，金额13元，日期2026-09-07。 要求包含5个要点，控制在275字以内。,Model6,0.7822,1313.02,5.2811
从订单描述中抽取订单号、金额、日期，并按 JSON 返回：订单A7，金额13元，日期2026-09-07。 要求包含5个要点，控制在275字以内。,Model7,0.7769,1379.71,6.7807
从订单描述中抽取订单号、金额、日期，并按 JSON 返回：订单A7，金额13元，日期2026-09-07。 要求包含5个要点，控制在275字以内。,Model8,0.8286,1570.10,8.2892
从订单描述中抽取订单号、金额、日期，并按 JSON 返回：订单A7，金额13元，日期2026-09-07。 要求包含5个要点，控制在275字以内。,Model9,0.8584,1548.26,10.6501
从订单描述中抽取订单号、金额、日期，并按 JSON 返回：订单A7，金额13元，日期2026-09-07。 要求包含5个要点，控制在275字以内。,Model10,0.8667,1967.90,13.5239
请解释向量检索的核心原理，并给出两个应用场景。 要求包含2个要点，控制在292字以内。,Model1,0.8470,679.54,1.3474
请解释向量检索的核心原理，并给出两个应用场景。 要求包含2个要点，控制在292字以内。,Model2,0.8579,731.71,1.6114
请解释向量检索的核心原理，并给出两个应用场景。 要求包含2个要点，控制在292字以内。,Model3,0.8465,831.16,2.0632
请解释向量检索的核心原理，并给出两个应用场景。 要求包含2个要点，控制在292字以内。,Model4,0.8700,860.26,2.5194
请解释向量检索的核心原理，并给出两个应用场景。 要求包含2个要点，控制在292字以内。,Model5,0.8987,1022.84,3.1254
请解释向量检索的核心原理，并给出两个应用场景。 要求包含2个要点，控制在292字以内。,Model6,0.8934,1073.23,3.7582
请解释向量检索的核心原理，并给出两个应用场景。 要求包含2个要点，控制在292字以内。,Model7,0.9086,1140.07,4.8713
请解释向量检索的核心原理，并给出两个应用场景。 要求包含2个要点，控制在292字以内。,Model8,0.9163,1322.04,6.3693
请解释向量检索的核心原理，并给出两个应用场景。 要求包含2个要点，控制在292字以内。,Model9,0.9257,1325.80,7.4557
请解释向量检索的核心原理，并给出两个应用场景。 要求包含2个要点，控制在292字以内。,Model10,0.9312,1485.33,9.7648
"已知一组数据为 5,10,99,23，计算平均值并说明步骤。 要求包含3个要点，控制在89字以内。",Model1,0.4926,822.82,1.5957
"已知一组数据为 5,10,99,23，计算平均值并说明步骤。 要求包含3个要点，控制在89字以内。",Model2,0.5431,854.31,1.9630
"已知一组数据为 5,10,99,23，计算平均值并说明步骤。 要求包含3个要点，控制在89字以内。",Model3,0.6019,914.96,2.4042
"已知一组数据为 5,10,99,23，计算平均值并说明步骤。 要求包含3个要点，控制在89字以内。",Model4,0.8304,1131.12,3.0316
"已知一组数据为 5,10,99,23，计算平均值并说明步骤。 要求包含3个要点，控制在89字以内。",Model5,0.7745,1100.13,3.7079
"已知一组数据为 5,10,99,23，计算平均值并说明步骤。 要求包含3个要点，控制在89字以内。",Model6,0.8094,1152.60,4.6503
"已知一组数据为 5,10,99,23，计算平均值并说明步骤。 要求包含3个要点，控制在89字以内。",Model7,0.8669,1389.51,6.0436
"已知一组数据为 5,10,99,23，计算平均值并说明步骤。 要求包含3个要点，控制在89字以内。",Model8,0.8307,1406.76,7.2247
"已知一组数据为 5,10,99,23，计算平均值并说明步骤。 要求包含3个要点，控制在89字以内。",Model9,0.8625,1602.17,9.3757
"已知一组数据为 5,10,99,23，计算平均值并说明步骤。 要求包含3个要点，控制在89字以内。",Model10,0.8864,1830.50,11.7842
修复这段伪代码中的边界错误，并说明时间复杂度。 要求包含4个要点，控制在106字以内。,Model1,0.6720,668.61,1.2839
修复这段伪代码中的边界错误，并说明时间复杂度。 要求包含4个要点，控制在106字以内。,Model2,0.7012,769.11,1.5532
修复这段伪代码中的边界错误，并说明时间复杂度。 要求包含4个要点，控制在106字以内。,Model3,0.9076,731.72,1.9742
修复这段伪代码中的边界错误，并说明时间复杂度。 要求包含4个要点，控制在106字以内。,Model4,0.8479,781.12,2.4723
修复这段伪代码中的边界错误，并说明时间复杂度。 要求包含4个要点，控制在106字以内。,Model5,0.8629,850.35,2.8296
修复这段伪代码中的边界错误，并说明时间复杂度。 要求包含4个要点，控制在106字以内。,Model6,0.9201,943.94,3.6427
修复这段伪代码中的边界错误，并说明时间复杂度。 要求包含4个要点，控制在106字以内。,Model7,0.9111,1134.84,4.6372
修复这段伪代码中的边界错误，并说明时间复杂度。 要求包含4个要点，控制在106字以内。,Model8,0.8943,1063.13,5.8849
修复这段伪代码中的边界错误，并说明时间复杂度。 要求包含4个要点，控制在106字以内。,Model9,0.9244,1333.60,7.5263
修复这段伪代码中的边界错误，并说明时间复杂度。 要求包含4个要点，控制在106字以内。,Model10,0.9384,1414.21,9.0162
总结以下会议纪要，保留结论、负责人和下一步动作。 要求包含5个要点，控制在123字以内。,Model1,0.8742,733.49,1.7190
总结以下会议纪要，保留结论、负责人和下一步动作。 要求包含5个要点，控制在123字以内。,Model2,0.8241,732.12,2.0518
总结以下会议纪要，保留结论、负责人和下一步动作。 要求包含5个要点，控制在123字以内。,Model3,0.8017,834.08,2.7259
总结以下会议纪要，保留结论、负责人和下一步动作。 要求包含5个要点，控制在123字以内。,Model4,0.7883,1012.49,3.3286
总结以下会议纪要，保留结论、负责人和下一步动作。 要求包含5个要点，控制在123字以内。,Model5,0.8812,994.81,3.8836
总结以下会议纪要，保留结论、负责人和下一步动作。 要求包含5个要点，控制在123字以内。,Model6,0.8327,1065.74,5.0439
总结以下会议纪要，保留结论、负责人和下一步动作。 要求包含5个要点，控制在123字以内。,Model7,0.8617,1159.11,6.0504
总结以下会议纪要，保留结论、负责人和下一步动作。 要求包含5个要点，控制在123字以内。,Model8,0.9053,1217.17,7.6282
总结以下会议纪要，保留结论、负责人和下一步动作。 要求包含5个要点，控制在123字以内。,Model9,0.9115,1459.28,9.9201
总结以下会议纪要，保留结论、负责人和下一步动作。 要求包含5个要点，控制在123字以内。,Model10,0.9248,1568.20,12.9273
将下面中文翻译成英文：系统应先满足质量阈值，再选择成本最低的模型。 要求包含2个要点，控制在140字以内。,Model1,0.6896,926.59,2.0400
将下面中文翻译成英文：系统应先满足质量阈值，再选择成本最低的模型。 要求包含2个要点，控制在140字以内。,Model2,0.8381,881.59,2.4719
将下面中文翻译成英文：系统应先满足质量阈值，再选择成本最低的模型。 要求包含2个要点，控制在140字以内。,Model3,0.6927,977.76,3.1486
将下面中文翻译成英文：系统应先满足质量阈值，再选择成本最低的模型。 要求包含2个要点，控制在140字以内。,Model4,0.6769,1091.02,3.7527
将下面中文翻译成英文：系统应先满足质量阈值，再选择成本最低的模型。 要求包含2个要点，控制在140字以内。,Model5,0.8164,1074.66,4.5239
将下面中文翻译成英文：系统应先满足质量阈值，再选择成本最低的模型。 要求包含2个要点，控制在140字以内。,Model6,0.7359,1235.29,5.4662
将下面中文翻译成英文：系统应先满足质量阈值，再选择成本最低的模型。 要求包含2个要点，控制在140字以内。,Model7,0.7721,1483.48,7.1981
将下面中文翻译成英文：系统应先满足质量阈值，再选择成本最低的模型。 要求包含2个要点，控制在140字以内。,Model8,0.8591,1543.45,9.0152
将下面中文翻译成英文：系统应先满足质量阈值，再选择成本最低的模型。 要求包含2个要点，控制在140字以内。,Model9,0.8707,1557.84,11.7729
将下面中文翻译成英文：系统应先满足质量阈值，再选择成本最低的模型。 要求包含2个要点，控制在140字以内。,Model10,0.8816,1930.61,14.3615
从订单描述中抽取订单号、金额、日期，并按 JSON 返回：订单A8，金额84元，日期2026-09-17。 要求包含3个要点，控制在157字以内。,Model1,0.9092,595.72,1.4866
从订单描述中抽取订单号、金额、日期，并按 JSON 返回：订单A8，金额84元，日期2026-09-17。 要求包含3个要点，控制在157字以内。,Model2,0.8611,716.49,1.7327
从订单描述中抽取订单号、金额、日期，并按 JSON 返回：订单A8，金额84元，日期2026-09-17。 要求包含3个要点，控制在157字以内。,Model3,0.9037,780.27,2.2416
从订单描述中抽取订单号、金额、日期，并按 JSON 返回：订单A8，金额84元，日期2026-09-17。 要求包含3个要点，控制在157字以内。,Model4,0.8422,829.01,2.6882
从订单描述中抽取订单号、金额、日期，并按 JSON 返回：订单A8，金额84元，日期2026-09-17。 要求包含3个要点，控制在157字以内。,Model5,0.8969,908.47,3.3209
从订单描述中抽取订单号、金额、日期，并按 JSON 返回：订单A8，金额84元，日期2026-09-17。 要求包含3个要点，控制在157字以内。,Model6,0.8898,973.35,4.1771
从订单描述中抽取订单号、金额、日期，并按 JSON 返回：订单A8，金额84元，日期2026-09-17。 要求包含3个要点，控制在157字以内。,Model7,0.8915,1001.17,5.4054
从订单描述中抽取订单号、金额、日期，并按 JSON 返回：订单A8，金额84元，日期2026-09-17。 要求包含3个要点，控制在157字以内。,Model8,0.9175,1108.69,6.4625
从订单描述中抽取订单号、金额、日期，并按 JSON 返回：订单A8，金额84元，日期2026-09-17。 要求包含3个要点，控制在157字以内。,Model9,0.9345,1262.89,8.0018
从订单描述中抽取订单号、金额、日期，并按 JSON 返回：订单A8，金额84元，日期2026-09-17。 要求包含3个要点，控制在157字以内。,Model10,0.9395,1374.15,10.2072
比较并行计算与成本控制的主要区别，并给出适用条件。 要求包含4个要点，控制在174字以内。,Model1,0.8085,730.57,1.5342
比较并行计算与成本控制的主要区别，并给出适用条件。 要求包含4个要点，控制在174字以内。,Model2,0.8216,869.72,1.7335
比较并行计算与成本控制的主要区别，并给出适用条件。 要求包含4个要点，控制在174字以内。,Model3,0.8056,949.61,2.2357
比较并行计算与成本控制的主要区别，并给出适用条件。 要求包含4个要点，控制在174字以内。,Model4,0.8484,1029.83,2.8148
比较并行计算与成本控制的主要区别，并给出适用条件。 要求包含4个要点，控制在174字以内。,Model5,0.8734,1073.74,3.3391
比较并行计算与成本控制的主要区别，并给出适用条件。 要求包含4个要点，控制在174字以内。,Model6,0.8734,1229.68,4.0508
比较并行计算与成本控制的主要区别，并给出适用条件。 要求包含4个要点，控制在174字以内。,Model7,0.8879,1253.74,5.4591
比较并行计算与成本控制的主要区别，并给出适用条件。 要求包含4个要点，控制在174字以内。,Model8,0.8974,1343.42,6.6881
比较并行计算与成本控制的主要区别，并给出适用条件。 要求包含4个要点，控制在174字以内。,Model9,0.9050,1451.91,8.5758
比较并行计算与成本控制的主要区别，并给出适用条件。 要求包含4个要点，控制在174字以内。,Model10,0.9196,1652.00,10.2089
一个项目成功概率为0.3，连续两次至少成功一次的概率是多少？ 要求包含5个要点，控制在191字以内。,Model1,0.4463,874.59,1.7577
一个项目成功概率为0.3，连续两次至少成功一次的概率是多少？ 要求包含5个要点，控制在191字以内。,Model2,0.4833,940.25,2.0513
一个项目成功概率为0.3，连续两次至少成功一次的概率是多少？ 要求包含5个要点，控制在191字以内。,Model3,0.5442,1003.36,2.6398
一个项目成功概率为0.3，连续两次至少成功一次的概率是多少？ 要求包含5个要点，控制在191字以内。,Model4,0.7913,1086.21,3.2547
一个项目成功概率为0.3，连续两次至少成功一次的概率是多少？ 要求包含5个要点，控制在191字以内。,Model5,0.7381,1189.03,4.1060
一个项目成功概率为0.3，连续两次至少成功一次的概率是多少？ 要求包含5个要点，控制在191字以内。,Model6,0.7727,1513.52,4.9234
一个项目成功概率为0.3，连续两次至少成功一次的概率是多少？ 要求包含5个要点，控制在191字以内。,Model7,0.8313,1509.02,6.6798
一个项目成功概率为0.3，连续两次至少成功一次的概率是多少？ 要求包含5个要点，控制在191字以内。,Model8,0.7970,1565.15,7.7294
一个项目成功概率为0.3，连续两次至少成功一次的概率是多少？ 要求包含5个要点，控制在191字以内。,Model9,0.8307,1731.63,10.2223
一个项目成功概率为0.3，连续两次至少成功一次的概率是多少？ 要求包含5个要点，控制在191字以内。,Model10,0.8527,2036.44,12.4402
用 Python 编写函数，将列表中的重复元素去除并保持原顺序。 要求包含2个要点，控制在208字以内。,Model1,0.6115,819.49,1.3665
用 Python 编写函数，将列表中的重复元素去除并保持原顺序。 要求包含2个要点，控制在208字以内。,Model2,0.6472,725.13,1.6650
用 Python 编写函数，将列表中的重复元素去除并保持原顺序。 要求包含2个要点，控制在208字以内。,Model3,0.8808,816.38,2.3009
用 Python 编写函数，将列表中的重复元素去除并保持原顺序。 要求包含2个要点，控制在208字以内。,Model4,0.8063,812.18,2.5401
用 Python 编写函数，将列表中的重复元素去除并保持原顺序。 要求包含2个要点，控制在208字以内。,Model5,0.8279,970.87,3.2373
用 Python 编写函数，将列表中的重复元素去除并保持原顺序。 要求包含2个要点，控制在208字以内。,Model6,0.9032,1018.48,3.9973
用 Python 编写函数，将列表中的重复元素去除并保持原顺序。 要求包含2个要点，控制在208字以内。,Model7,0.8872,1285.43,5.1570
用 Python 编写函数，将列表中的重复元素去除并保持原顺序。 要求包含2个要点，控制在208字以内。,Model8,0.8629,1247.20,6.5170
用 Python 编写函数，将列表中的重复元素去除并保持原顺序。 要求包含2个要点，控制在208字以内。,Model9,0.9090,1453.94,8.0850
用 Python 编写函数，将列表中的重复元素去除并保持原顺序。 要求包含2个要点，控制在208字以内。,Model10,0.9217,1475.35,10.3487
总结以下会议纪要，保留结论、负责人和下一步动作。 要求包含3个要点，控制在225字以内。,Model1,0.8496,763.97,1.7761
总结以下会议纪要，保留结论、负责人和下一步动作。 要求包含3个要点，控制在225字以内。,Model2,0.7878,811.28,2.1235
总结以下会议纪要，保留结论、负责人和下一步动作。 要求包含3个要点，控制在225字以内。,Model3,0.7592,996.66,2.8792
总结以下会议纪要，保留结论、负责人和下一步动作。 要求包含3个要点，控制在225字以内。,Model4,0.7371,1072.04,3.4867
总结以下会议纪要，保留结论、负责人和下一步动作。 要求包含3个要点，控制在225字以内。,Model5,0.8483,984.60,4.1753
总结以下会议纪要，保留结论、负责人和下一步动作。 要求包含3个要点，控制在225字以内。,Model6,0.7852,1119.54,5.4723
总结以下会议纪要，保留结论、负责人和下一步动作。 要求包含3个要点，控制在225字以内。,Model7,0.8288,1193.95,6.4531
总结以下会议纪要，保留结论、负责人和下一步动作。 要求包含3个要点，控制在225字以内。,Model8,0.8862,1426.66,7.7769
总结以下会议纪要，保留结论、负责人和下一步动作。 要求包含3个要点，控制在225字以内。,Model9,0.8926,1495.01,9.9553
总结以下会议纪要，保留结论、负责人和下一步动作。 要求包含3个要点，控制在225字以内。,Model10,0.9058,1697.82,13.0081
把下面句子翻译成简洁、正式的英文：模型价格变化后，路由策略应自动调整。 要求包含4个要点，控制在242字以内。,Model1,0.8447,620.57,1.6508
把下面句子翻译成简洁、正式的英文：模型价格变化后，路由策略应自动调整。 要求包含4个要点，控制在242字以内。,Model2,0.9233,612.15,1.9518
把下面句子翻译成简洁、正式的英文：模型价格变化后，路由策略应自动调整。 要求包含4个要点，控制在242字以内。,Model3,0.8457,659.23,2.3917
把下面句子翻译成简洁、正式的英文：模型价格变化后，路由策略应自动调整。 要求包含4个要点，控制在242字以内。,Model4,0.8251,741.66,2.9177
把下面句子翻译成简洁、正式的英文：模型价格变化后，路由策略应自动调整。 要求包含4个要点，控制在242字以内。,Model5,0.9144,804.55,3.6683
把下面句子翻译成简洁、正式的英文：模型价格变化后，路由策略应自动调整。 要求包含4个要点，控制在242字以内。,Model6,0.8650,893.55,4.6121
把下面句子翻译成简洁、正式的英文：模型价格变化后，路由策略应自动调整。 要求包含4个要点，控制在242字以内。,Model7,0.8925,940.68,5.9160
把下面句子翻译成简洁、正式的英文：模型价格变化后，路由策略应自动调整。 要求包含4个要点，控制在242字以内。,Model8,0.9355,1051.23,7.4621
把下面句子翻译成简洁、正式的英文：模型价格变化后，路由策略应自动调整。 要求包含4个要点，控制在242字以内。,Model9,0.9419,1216.46,9.4587
把下面句子翻译成简洁、正式的英文：模型价格变化后，路由策略应自动调整。 要求包含4个要点，控制在242字以内。,Model10,0.9467,1302.38,11.4525
从订单描述中抽取订单号、金额、日期，并按 JSON 返回：订单A8，金额94元，日期2026-09-19。 要求包含5个要点，控制在259字以内。,Model1,0.8891,728.56,1.5364
从订单描述中抽取订单号、金额、日期，并按 JSON 返回：订单A8，金额94元，日期2026-09-19。 要求包含5个要点，控制在259字以内。,Model2,0.8293,778.71,1.8339
从订单描述中抽取订单号、金额、日期，并按 JSON 返回：订单A8，金额94元，日期2026-09-19。 要求包含5个要点，控制在259字以内。,Model3,0.8826,889.04,2.3702
从订单描述中抽取订单号、金额、日期，并按 JSON 返回：订单A8，金额94元，日期2026-09-19。 要求包含5个要点，控制在259字以内。,Model4,0.7988,933.37,2.8661
从订单描述中抽取订单号、金额、日期，并按 JSON 返回：订单A8，金额94元，日期2026-09-19。 要求包含5个要点，控制在259字以内。,Model5,0.8706,1018.89,3.4278
从订单描述中抽取订单号、金额、日期，并按 JSON 返回：订单A8，金额94元，日期2026-09-19。 要求包含5个要点，控制在259字以内。,Model6,0.8707,1014.41,4.5566
从订单描述中抽取订单号、金额、日期，并按 JSON 返回：订单A8，金额94元，日期2026-09-19。 要求包含5个要点，控制在259字以内。,Model7,0.8616,1108.68,5.6215
从订单描述中抽取订单号、金额、日期，并按 JSON 返回：订单A8，金额94元，日期2026-09-19。 要求包含5个要点，控制在259字以内。,Model8,0.8993,1461.22,6.8168
从订单描述中抽取订单号、金额、日期，并按 JSON 返回：订单A8，金额94元，日期2026-09-19。 要求包含5个要点，控制在259字以内。,Model9,0.9179,1489.09,8.9325
从订单描述中抽取订单号、金额、日期，并按 JSON 返回：订单A8，金额94元，日期2026-09-19。 要求包含5个要点，控制在259字以内。,Model10,0.9209,1612.64,11.2849
比较请求调度与并行计算的主要区别，并给出适用条件。 要求包含2个要点，控制在276字以内。,Model1,0.7615,794.94,1.5867
比较请求调度与并行计算的主要区别，并给出适用条件。 要求包含2个要点，控制在276字以内。,Model2,0.7873,870.50,1.8917
比较请求调度与并行计算的主要区别，并给出适用条件。 要求包含2个要点，控制在276字以内。,Model3,0.7740,1032.29,2.4627
比较请求调度与并行计算的主要区别，并给出适用条件。 要求包含2个要点，控制在276字以内。,Model4,0.8050,1023.90,2.9689
比较请求调度与并行计算的主要区别，并给出适用条件。 要求包含2个要点，控制在276字以内。,Model5,0.8468,1079.15,3.4997
比较请求调度与并行计算的主要区别，并给出适用条件。 要求包含2个要点，控制在276字以内。,Model6,0.8355,1055.16,4.6822
比较请求调度与并行计算的主要区别，并给出适用条件。 要求包含2个要点，控制在276字以内。,Model7,0.8609,1424.04,5.8887
比较请求调度与并行计算的主要区别，并给出适用条件。 要求包含2个要点，控制在276字以内。,Model8,0.8704,1380.83,6.9710
比较请求调度与并行计算的主要区别，并给出适用条件。 要求包含2个要点，控制在276字以内。,Model9,0.8841,1673.86,9.1991
比较请求调度与并行计算的主要区别，并给出适用条件。 要求包含2个要点，控制在276字以内。,Model10,0.8958,1777.56,11.6515
一个项目成功概率为0.4，连续两次至少成功一次的概率是多少？ 要求包含3个要点，控制在293字以内。,Model1,0.6479,659.10,1.3230
一个项目成功概率为0.4，连续两次至少成功一次的概率是多少？ 要求包含3个要点，控制在293字以内。,Model2,0.6919,735.78,1.6167
一个项目成功概率为0.4，连续两次至少成功一次的概率是多少？ 要求包含3个要点，控制在293字以内。,Model3,0.7381,806.51,2.1508
一个项目成功概率为0.4，连续两次至少成功一次的概率是多少？ 要求包含3个要点，控制在293字以内。,Model4,0.8981,844.38,2.4842
一个项目成功概率为0.4，连续两次至少成功一次的概率是多少？ 要求包含3个要点，控制在293字以内。,Model5,0.8628,911.91,3.2070
一个项目成功概率为0.4，连续两次至少成功一次的概率是多少？ 要求包含3个要点，控制在293字以内。,Model6,0.8818,965.20,3.9787
一个项目成功概率为0.4，连续两次至少成功一次的概率是多少？ 要求包含3个要点，控制在293字以内。,Model7,0.9197,1138.31,4.9191
一个项目成功概率为0.4，连续两次至少成功一次的概率是多少？ 要求包含3个要点，控制在293字以内。,Model8,0.9023,1206.42,5.7780
一个项目成功概率为0.4，连续两次至少成功一次的概率是多少？ 要求包含3个要点，控制在293字以内。,Model9,0.9222,1266.04,7.7775
一个项目成功概率为0.4，连续两次至少成功一次的概率是多少？ 要求包含3个要点，控制在293字以内。,Model10,0.9326,1520.65,9.7689
分析下面 SQL 的性能问题并给出索引建议：SELECT * FROM orders WHERE user_id=6 ORDER BY created_at DESC; 要求包含4个要点，控制在90字以内。,Model1,0.5550,760.55,1.6467
分析下面 SQL 的性能问题并给出索引建议：SELECT * FROM orders WHERE user_id=6 ORDER BY created_at DESC; 要求包含4个要点，控制在90字以内。,Model2,0.5843,835.03,1.9061
分析下面 SQL 的性能问题并给出索引建议：SELECT * FROM orders WHERE user_id=6 ORDER BY created_at DESC; 要求包含4个要点，控制在90字以内。,Model3,0.8602,973.47,2.5869
分析下面 SQL 的性能问题并给出索引建议：SELECT * FROM orders WHERE user_id=6 ORDER BY created_at DESC; 要求包含4个要点，控制在90字以内。,Model4,0.7653,1042.35,3.1498
分析下面 SQL 的性能问题并给出索引建议：SELECT * FROM orders WHERE user_id=6 ORDER BY created_at DESC; 要求包含4个要点，控制在90字以内。,Model5,0.7888,1126.47,3.9189
分析下面 SQL 的性能问题并给出索引建议：SELECT * FROM orders WHERE user_id=6 ORDER BY created_at DESC; 要求包含4个要点，控制在90字以内。,Model6,0.8807,1144.20,4.9062
分析下面 SQL 的性能问题并给出索引建议：SELECT * FROM orders WHERE user_id=6 ORDER BY created_at DESC; 要求包含4个要点，控制在90字以内。,Model7,0.8618,1339.66,5.9280
分析下面 SQL 的性能问题并给出索引建议：SELECT * FROM orders WHERE user_id=6 ORDER BY created_at DESC; 要求包含4个要点，控制在90字以内。,Model8,0.8404,1526.40,7.6337
分析下面 SQL 的性能问题并给出索引建议：SELECT * FROM orders WHERE user_id=6 ORDER BY created_at DESC; 要求包含4个要点，控制在90字以内。,Model9,0.8824,1445.36,9.3976
分析下面 SQL 的性能问题并给出索引建议：SELECT * FROM orders WHERE user_id=6 ORDER BY created_at DESC; 要求包含4个要点，控制在90字以内。,Model10,0.9038,1733.11,12.2480
总结以下会议纪要，保留结论、负责人和下一步动作。 要求包含5个要点，控制在107字以内。,Model1,0.8101,834.09,1.9144
总结以下会议纪要，保留结论、负责人和下一步动作。 要求包含5个要点，控制在107字以内。,Model2,0.7547,901.16,2.2803
总结以下会议纪要，保留结论、负责人和下一步动作。 要求包含5个要点，控制在107字以内。,Model3,0.7085,955.67,3.0611
总结以下会议纪要，保留结论、负责人和下一步动作。 要求包含5个要点，控制在107字以内。,Model4,0.6942,1083.14,3.6107
总结以下会议纪要，保留结论、负责人和下一步动作。 要求包含5个要点，控制在107字以内。,Model5,0.8220,1272.17,4.5361
总结以下会议纪要，保留结论、负责人和下一步动作。 要求包含5个要点，控制在107字以内。,Model6,0.7460,1274.83,5.4648
总结以下会议纪要，保留结论、负责人和下一步动作。 要求包含5个要点，控制在107字以内。,Model7,0.7870,1344.03,7.0606
总结以下会议纪要，保留结论、负责人和下一步动作。 要求包含5个要点，控制在107字以内。,Model8,0.8588,1546.30,8.7965
总结以下会议纪要，保留结论、负责人和下一步动作。 要求包含5个要点，控制在107字以内。,Model9,0.8698,1686.74,11.2589
总结以下会议纪要，保留结论、负责人和下一步动作。 要求包含5个要点，控制在107字以内。,Model10,0.8817,1772.20,13.4457
将下面中文翻译成英文：系统应先满足质量阈值，再选择成本最低的模型。 要求包含2个要点，控制在124字以内。,Model1,0.8045,699.54,1.6583
将下面中文翻译成英文：系统应先满足质量阈值，再选择成本最低的模型。 要求包含2个要点，控制在124字以内。,Model2,0.9063,704.86,2.0951
将下面中文翻译成英文：系统应先满足质量阈值，再选择成本最低的模型。 要求包含2个要点，控制在124字以内。,Model3,0.8177,858.24,2.6453
将下面中文翻译成英文：系统应先满足质量阈值，再选择成本最低的模型。 要求包含2个要点，控制在124字以内。,Model4,0.7879,868.88,3.2499
将下面中文翻译成英文：系统应先满足质量阈值，再选择成本最低的模型。 要求包含2个要点，控制在124字以内。,Model5,0.8973,885.34,3.8731
将下面中文翻译成英文：系统应先满足质量阈值，再选择成本最低的模型。 要求包含2个要点，控制在124字以内。,Model6,0.8394,998.26,4.9560
将下面中文翻译成英文：系统应先满足质量阈值，再选择成本最低的模型。 要求包含2个要点，控制在124字以内。,Model7,0.8681,997.92,6.2655
将下面中文翻译成英文：系统应先满足质量阈值，再选择成本最低的模型。 要求包含2个要点，控制在124字以内。,Model8,0.9176,1172.96,7.9027
将下面中文翻译成英文：系统应先满足质量阈值，再选择成本最低的模型。 要求包含2个要点，控制在124字以内。,Model9,0.9263,1329.33,10.0889
将下面中文翻译成英文：系统应先满足质量阈值，再选择成本最低的模型。 要求包含2个要点，控制在124字以内。,Model10,0.9333,1426.72,11.8643
从订单描述中抽取订单号、金额、日期，并按 JSON 返回：订单A2，金额53元，日期2026-09-17。 要求包含3个要点，控制在141字以内。,Model1,0.8620,763.38,1.6645
从订单描述中抽取订单号、金额、日期，并按 JSON 返回：订单A2，金额53元，日期2026-09-17。 要求包含3个要点，控制在141字以内。,Model2,0.7946,781.72,1.9401
从订单描述中抽取订单号、金额、日期，并按 JSON 返回：订单A2，金额53元，日期2026-09-17。 要求包含3个要点，控制在141字以内。,Model3,0.8558,903.10,2.6572
从订单描述中抽取订单号、金额、日期，并按 JSON 返回：订单A2，金额53元，日期2026-09-17。 要求包含3个要点，控制在141字以内。,Model4,0.7639,1075.48,3.2476
从订单描述中抽取订单号、金额、日期，并按 JSON 返回：订单A2，金额53元，日期2026-09-17。 要求包含3个要点，控制在141字以内。,Model5,0.8404,1145.89,3.8591
从订单描述中抽取订单号、金额、日期，并按 JSON 返回：订单A2，金额53元，日期2026-09-17。 要求包含3个要点，控制在141字以内。,Model6,0.8423,1228.51,4.7940
从订单描述中抽取订单号、金额、日期，并按 JSON 返回：订单A2，金额53元，日期2026-09-17。 要求包含3个要点，控制在141字以内。,Model7,0.8301,1310.09,5.8000
从订单描述中抽取订单号、金额、日期，并按 JSON 返回：订单A2，金额53元，日期2026-09-17。 要求包含3个要点，控制在141字以内。,Model8,0.8788,1330.78,7.7930
从订单描述中抽取订单号、金额、日期，并按 JSON 返回：订单A2，金额53元，日期2026-09-17。 要求包含3个要点，控制在141字以内。,Model9,0.8961,1589.88,9.5421
从订单描述中抽取订单号、金额、日期，并按 JSON 返回：订单A2，金额53元，日期2026-09-17。 要求包含3个要点，控制在141字以内。,Model10,0.9027,1727.17,12.0524
比较大模型路由与向量检索的主要区别，并给出适用条件。 要求包含4个要点，控制在158字以内。,Model1,0.7233,844.50,1.6227
比较大模型路由与向量检索的主要区别，并给出适用条件。 要求包含4个要点，控制在158字以内。,Model2,0.7404,870.81,2.0211
比较大模型路由与向量检索的主要区别，并给出适用条件。 要求包含4个要点，控制在158字以内。,Model3,0.7273,1016.53,2.6262
比较大模型路由与向量检索的主要区别，并给出适用条件。 要求包含4个要点，控制在158字以内。,Model4,0.7617,1132.37,3.2717
比较大模型路由与向量检索的主要区别，并给出适用条件。 要求包含4个要点，控制在158字以内。,Model5,0.8058,1221.69,4.0168
比较大模型路由与向量检索的主要区别，并给出适用条件。 要求包含4个要点，控制在158字以内。,Model6,0.7971,1307.02,4.9018
比较大模型路由与向量检索的主要区别，并给出适用条件。 要求包含4个要点，控制在158字以内。,Model7,0.8293,1397.45,6.4490
比较大模型路由与向量检索的主要区别，并给出适用条件。 要求包含4个要点，控制在158字以内。,Model8,0.8456,1604.42,7.6281
比较大模型路由与向量检索的主要区别，并给出适用条件。 要求包含4个要点，控制在158字以内。,Model9,0.8619,1868.85,9.7161
比较大模型路由与向量检索的主要区别，并给出适用条件。 要求包含4个要点，控制在158字以内。,Model10,0.8673,1792.44,11.8716
求解方程 3x + 33 = 31，写出计算过程。 要求包含5个要点，控制在175字以内。,Model1,0.5921,671.25,1.4183
求解方程 3x + 33 = 31，写出计算过程。 要求包含5个要点，控制在175字以内。,Model2,0.6384,785.15,1.7106
求解方程 3x + 33 = 31，写出计算过程。 要求包含5个要点，控制在175字以内。,Model3,0.6777,824.00,2.2581
求解方程 3x + 33 = 31，写出计算过程。 要求包含5个要点，控制在175字以内。,Model4,0.8810,948.94,2.6842
求解方程 3x + 33 = 31，写出计算过程。 要求包含5个要点，控制在175字以内。,Model5,0.8310,992.03,3.3208
求解方程 3x + 33 = 31，写出计算过程。 要求包含5个要点，控制在175字以内。,Model6,0.8587,1160.71,4.0372
求解方程 3x + 33 = 31，写出计算过程。 要求包含5个要点，控制在175字以内。,Model7,0.9077,1282.78,5.0076
求解方程 3x + 33 = 31，写出计算过程。 要求包含5个要点，控制在175字以内。,Model8,0.8785,1370.21,6.6305
求解方程 3x + 33 = 31，写出计算过程。 要求包含5个要点，控制在175字以内。,Model9,0.9042,1405.97,8.5389
求解方程 3x + 33 = 31，写出计算过程。 要求包含5个要点，控制在175字以内。,Model10,0.9174,1623.23,10.0735
分析下面 SQL 的性能问题并给出索引建议：SELECT * FROM orders WHERE user_id=5 ORDER BY created_at DESC; 要求包含2个要点，控制在192字以内。,Model1,0.4967,907.93,1.7212
分析下面 SQL 的性能问题并给出索引建议：SELECT * FROM orders WHERE user_id=5 ORDER BY created_at DESC; 要求包含2个要点，控制在192字以内。,Model2,0.5252,908.82,2.0129
分析下面 SQL 的性能问题并给出索引建议：SELECT * FROM orders WHERE user_id=5 ORDER BY created_at DESC; 要求包含2个要点，控制在192字以内。,Model3,0.8240,944.03,2.7228
分析下面 SQL 的性能问题并给出索引建议：SELECT * FROM orders WHERE user_id=5 ORDER BY created_at DESC; 要求包含2个要点，控制在192字以内。,Model4,0.7262,1101.65,3.4012
分析下面 SQL 的性能问题并给出索引建议：SELECT * FROM orders WHERE user_id=5 ORDER BY created_at DESC; 要求包含2个要点，控制在192字以内。,Model5,0.7515,1209.17,4.0959
分析下面 SQL 的性能问题并给出索引建议：SELECT * FROM orders WHERE user_id=5 ORDER BY created_at DESC; 要求包含2个要点，控制在192字以内。,Model6,0.8456,1204.98,5.2163
分析下面 SQL 的性能问题并给出索引建议：SELECT * FROM orders WHERE user_id=5 ORDER BY created_at DESC; 要求包含2个要点，控制在192字以内。,Model7,0.8295,1354.82,6.6034
分析下面 SQL 的性能问题并给出索引建议：SELECT * FROM orders WHERE user_id=5 ORDER BY created_at DESC; 要求包含2个要点，控制在192字以内。,Model8,0.8004,1546.16,8.0081
分析下面 SQL 的性能问题并给出索引建议：SELECT * FROM orders WHERE user_id=5 ORDER BY created_at DESC; 要求包含2个要点，控制在192字以内。,Model9,0.8485,1682.83,10.7084
分析下面 SQL 的性能问题并给出索引建议：SELECT * FROM orders WHERE user_id=5 ORDER BY created_at DESC; 要求包含2个要点，控制在192字以内。,Model10,0.8787,1734.39,12.9793
将这段技术说明概括为不超过120字的摘要。 要求包含3个要点，控制在209字以内。,Model1,0.9091,606.94,1.5155
将这段技术说明概括为不超过120字的摘要。 要求包含3个要点，控制在209字以内。,Model2,0.8690,747.02,1.8043
将这段技术说明概括为不超过120字的摘要。 要求包含3个要点，控制在209字以内。,Model3,0.8522,676.14,2.3896
将这段技术说明概括为不超过120字的摘要。 要求包含3个要点，控制在209字以内。,Model4,0.8458,873.65,2.8509
将这段技术说明概括为不超过120字的摘要。 要求包含3个要点，控制在209字以内。,Model5,0.9157,864.50,3.4644
将这段技术说明概括为不超过120字的摘要。 要求包含3个要点，控制在209字以内。,Model6,0.8818,933.00,4.2711
将这段技术说明概括为不超过120字的摘要。 要求包含3个要点，控制在209字以内。,Model7,0.9053,1037.45,5.6521
将这段技术说明概括为不超过120字的摘要。 要求包含3个要点，控制在209字以内。,Model8,0.9372,1139.45,6.7768
将这段技术说明概括为不超过120字的摘要。 要求包含3个要点，控制在209字以内。,Model9,0.9430,1259.68,8.8879
将这段技术说明概括为不超过120字的摘要。 要求包含3个要点，控制在209字以内。,Model10,0.9486,1425.24,11.1431
将下面中文翻译成英文：系统应先满足质量阈值，再选择成本最低的模型。 要求包含4个要点，控制在226字以内。,Model1,0.7707,648.93,1.7925
将下面中文翻译成英文：系统应先满足质量阈值，再选择成本最低的模型。 要求包含4个要点，控制在226字以内。,Model2,0.8861,808.27,2.1044
将下面中文翻译成英文：系统应先满足质量阈值，再选择成本最低的模型。 要求包含4个要点，控制在226字以内。,Model3,0.7765,845.11,2.7654
将下面中文翻译成英文：系统应先满足质量阈值，再选择成本最低的模型。 要求包含4个要点，控制在226字以内。,Model4,0.7535,949.17,3.4754
将下面中文翻译成英文：系统应先满足质量阈值，再选择成本最低的模型。 要求包含4个要点，控制在226字以内。,Model5,0.8691,953.36,4.1010
将下面中文翻译成英文：系统应先满足质量阈值，再选择成本最低的模型。 要求包含4个要点，控制在226字以内。,Model6,0.8065,1059.12,5.2937
将下面中文翻译成英文：系统应先满足质量阈值，再选择成本最低的模型。 要求包含4个要点，控制在226字以内。,Model7,0.8283,1223.10,6.8354
将下面中文翻译成英文：系统应先满足质量阈值，再选择成本最低的模型。 要求包含4个要点，控制在226字以内。,Model8,0.8979,1413.46,8.2892
将下面中文翻译成英文：系统应先满足质量阈值，再选择成本最低的模型。 要求包含4个要点，控制在226字以内。,Model9,0.9082,1421.74,10.3796
将下面中文翻译成英文：系统应先满足质量阈值，再选择成本最低的模型。 要求包含4个要点，控制在226字以内。,Model10,0.9148,1739.53,13.3449
从文本中提取姓名、公司、职位三个字段，并输出 JSON：张三就职于华星科技，担任研发经理。 要求包含5个要点，控制在243字以内。,Model1,0.8298,791.53,1.7816
从文本中提取姓名、公司、职位三个字段，并输出 JSON：张三就职于华星科技，担任研发经理。 要求包含5个要点，控制在243字以内。,Model2,0.7413,959.42,2.1509
从文本中提取姓名、公司、职位三个字段，并输出 JSON：张三就职于华星科技，担任研发经理。 要求包含5个要点，控制在243字以内。,Model3,0.8147,1034.44,2.7965
从文本中提取姓名、公司、职位三个字段，并输出 JSON：张三就职于华星科技，担任研发经理。 要求包含5个要点，控制在243字以内。,Model4,0.7145,1000.96,3.5188
从文本中提取姓名、公司、职位三个字段，并输出 JSON：张三就职于华星科技，担任研发经理。 要求包含5个要点，控制在243字以内。,Model5,0.8077,1257.40,4.0094
从文本中提取姓名、公司、职位三个字段，并输出 JSON：张三就职于华星科技，担任研发经理。 要求包含5个要点，控制在243字以内。,Model6,0.7968,1143.98,5.2956
从文本中提取姓名、公司、职位三个字段，并输出 JSON：张三就职于华星科技，担任研发经理。 要求包含5个要点，控制在243字以内。,Model7,0.7979,1368.12,6.3883
从文本中提取姓名、公司、职位三个字段，并输出 JSON：张三就职于华星科技，担任研发经理。 要求包含5个要点，控制在243字以内。,Model8,0.8452,1467.19,7.7081
从文本中提取姓名、公司、职位三个字段，并输出 JSON：张三就职于华星科技，担任研发经理。 要求包含5个要点，控制在243字以内。,Model9,0.8645,1662.29,10.3417
从文本中提取姓名、公司、职位三个字段，并输出 JSON：张三就职于华星科技，担任研发经理。 要求包含5个要点，控制在243字以内。,Model10,0.8783,1831.39,12.3026
为什么大模型路由在实际系统中重要？请用通俗语言回答。 要求包含2个要点，控制在260字以内。,Model1,0.8601,623.14,1.2468
为什么大模型路由在实际系统中重要？请用通俗语言回答。 要求包含2个要点，控制在260字以内。,Model2,0.8724,748.21,1.4748
为什么大模型路由在实际系统中重要？请用通俗语言回答。 要求包含2个要点，控制在260字以内。,Model3,0.8590,762.11,2.0089
为什么大模型路由在实际系统中重要？请用通俗语言回答。 要求包含2个要点，控制在260字以内。,Model4,0.8837,830.18,2.5405
为什么大模型路由在实际系统中重要？请用通俗语言回答。 要求包含2个要点，控制在260字以内。,Model5,0.9076,818.85,2.8595
为什么大模型路由在实际系统中重要？请用通俗语言回答。 要求包含2个要点，控制在260字以内。,Model6,0.9044,1019.82,3.9398
为什么大模型路由在实际系统中重要？请用通俗语言回答。 要求包含2个要点，控制在260字以内。,Model7,0.9167,1143.38,4.7434
为什么大模型路由在实际系统中重要？请用通俗语言回答。 要求包含2个要点，控制在260字以内。,Model8,0.9278,1246.56,5.7499
为什么大模型路由在实际系统中重要？请用通俗语言回答。 要求包含2个要点，控制在260字以内。,Model9,0.9343,1223.73,7.8850
为什么大模型路由在实际系统中重要？请用通俗语言回答。 要求包含2个要点，控制在260字以内。,Model10,0.9422,1551.36,9.7786
求解方程 9x + 33 = 57，写出计算过程。 要求包含3个要点，控制在277字以内。,Model1,0.5224,742.58,1.5136
求解方程 9x + 33 = 57，写出计算过程。 要求包含3个要点，控制在277字以内。,Model2,0.5842,854.08,1.8069
求解方程 9x + 33 = 57，写出计算过程。 要求包含3个要点，控制在277字以内。,Model3,0.6273,976.59,2.3134
求解方程 9x + 33 = 57，写出计算过程。 要求包含3个要点，控制在277字以内。,Model4,0.8492,1154.11,2.8645
求解方程 9x + 33 = 57，写出计算过程。 要求包含3个要点，控制在277字以内。,Model5,0.7937,1269.41,3.6150
求解方程 9x + 33 = 57，写出计算过程。 要求包含3个要点，控制在277字以内。,Model6,0.8259,1240.70,4.4283
求解方程 9x + 33 = 57，写出计算过程。 要求包含3个要点，控制在277字以内。,Model7,0.8819,1271.56,5.5534
求解方程 9x + 33 = 57，写出计算过程。 要求包含3个要点，控制在277字以内。,Model8,0.8498,1388.99,6.9890
求解方程 9x + 33 = 57，写出计算过程。 要求包含3个要点，控制在277字以内。,Model9,0.8763,1480.76,8.4222
求解方程 9x + 33 = 57，写出计算过程。 要求包含3个要点，控制在277字以内。,Model10,0.8969,1653.19,10.8877
分析下面 SQL 的性能问题并给出索引建议：SELECT * FROM orders WHERE user_id=7 ORDER BY created_at DESC; 要求包含4个要点，控制在294字以内。,Model1,0.4327,940.70,1.9071
分析下面 SQL 的性能问题并给出索引建议：SELECT * FROM orders WHERE user_id=7 ORDER BY created_at DESC; 要求包含4个要点，控制在294字以内。,Model2,0.4581,976.92,2.3414
分析下面 SQL 的性能问题并给出索引建议：SELECT * FROM orders WHERE user_id=7 ORDER BY created_at DESC; 要求包含4个要点，控制在294字以内。,Model3,0.7851,1043.85,2.9127
分析下面 SQL 的性能问题并给出索引建议：SELECT * FROM orders WHERE user_id=7 ORDER BY created_at DESC; 要求包含4个要点，控制在294字以内。,Model4,0.6666,1305.34,3.5616
分析下面 SQL 的性能问题并给出索引建议：SELECT * FROM orders WHERE user_id=7 ORDER BY created_at DESC; 要求包含4个要点，控制在294字以内。,Model5,0.6957,1374.14,4.2278
分析下面 SQL 的性能问题并给出索引建议：SELECT * FROM orders WHERE user_id=7 ORDER BY created_at DESC; 要求包含4个要点，控制在294字以内。,Model6,0.8123,1379.61,5.6078
分析下面 SQL 的性能问题并给出索引建议：SELECT * FROM orders WHERE user_id=7 ORDER BY created_at DESC; 要求包含4个要点，控制在294字以内。,Model7,0.7976,1424.42,7.0675
分析下面 SQL 的性能问题并给出索引建议：SELECT * FROM orders WHERE user_id=7 ORDER BY created_at DESC; 要求包含4个要点，控制在294字以内。,Model8,0.7578,1681.10,8.5476
分析下面 SQL 的性能问题并给出索引建议：SELECT * FROM orders WHERE user_id=7 ORDER BY created_at DESC; 要求包含4个要点，控制在294字以内。,Model9,0.8310,1976.76,11.4132
分析下面 SQL 的性能问题并给出索引建议：SELECT * FROM orders WHERE user_id=7 ORDER BY created_at DESC; 要求包含4个要点，控制在294字以内。,Model10,0.8517,2233.81,13.4484
请把下面材料压缩成三点摘要：企业上线多模型后，需要在质量、成本和延迟之间进行路由选择。 要求包含5个要点，控制在91字以内。,Model1,0.8890,747.90,1.7713
请把下面材料压缩成三点摘要：企业上线多模型后，需要在质量、成本和延迟之间进行路由选择。 要求包含5个要点，控制在91字以内。,Model2,0.8397,748.34,2.2427
请把下面材料压缩成三点摘要：企业上线多模型后，需要在质量、成本和延迟之间进行路由选择。 要求包含5个要点，控制在91字以内。,Model3,0.8238,845.39,2.7861
请把下面材料压缩成三点摘要：企业上线多模型后，需要在质量、成本和延迟之间进行路由选择。 要求包含5个要点，控制在91字以内。,Model4,0.8102,906.75,3.5856
请把下面材料压缩成三点摘要：企业上线多模型后，需要在质量、成本和延迟之间进行路由选择。 要求包含5个要点，控制在91字以内。,Model5,0.8896,893.52,4.2801
请把下面材料压缩成三点摘要：企业上线多模型后，需要在质量、成本和延迟之间进行路由选择。 要求包含5个要点，控制在91字以内。,Model6,0.8432,1007.01,5.1562
请把下面材料压缩成三点摘要：企业上线多模型后，需要在质量、成本和延迟之间进行路由选择。 要求包含5个要点，控制在91字以内。,Model7,0.8775,1118.64,6.7455
请把下面材料压缩成三点摘要：企业上线多模型后，需要在质量、成本和延迟之间进行路由选择。 要求包含5个要点，控制在91字以内。,Model8,0.9192,1278.24,8.0358
请把下面材料压缩成三点摘要：企业上线多模型后，需要在质量、成本和延迟之间进行路由选择。 要求包含5个要点，控制在91字以内。,Model9,0.9243,1307.41,10.5424
请把下面材料压缩成三点摘要：企业上线多模型后，需要在质量、成本和延迟之间进行路由选择。 要求包含5个要点，控制在91字以内。,Model10,0.9321,1468.87,13.1597
"Translate into Chinese: The router predicts quality, cost and latency for every candidate model. 要求包含2个要点，控制在108字以内。",Model1,0.7258,756.60,1.9459
"Translate into Chinese: The router predicts quality, cost and latency for every candidate model. 要求包含2个要点，控制在108字以内。",Model2,0.8605,857.10,2.2984
"Translate into Chinese: The router predicts quality, cost and latency for every candidate model. 要求包含2个要点，控制在108字以内。",Model3,0.7163,986.80,3.0089
"Translate into Chinese: The router predicts quality, cost and latency for every candidate model. 要求包含2个要点，控制在108字以内。",Model4,0.6951,1054.07,3.6238
"Translate into Chinese: The router predicts quality, cost and latency for every candidate model. 要求包含2个要点，控制在108字以内。",Model5,0.8429,1174.90,4.3646
"Translate into Chinese: The router predicts quality, cost and latency for every candidate model. 要求包含2个要点，控制在108字以内。",Model6,0.7602,1208.61,5.6062
"Translate into Chinese: The router predicts quality, cost and latency for every candidate model. 要求包含2个要点，控制在108字以内。",Model7,0.7958,1313.31,7.1101
"Translate into Chinese: The router predicts quality, cost and latency for every candidate model. 要求包含2个要点，控制在108字以内。",Model8,0.8777,1544.08,8.6452
"Translate into Chinese: The router predicts quality, cost and latency for every candidate model. 要求包含2个要点，控制在108字以内。",Model9,0.8875,1666.37,11.2974
"Translate into Chinese: The router predicts quality, cost and latency for every candidate model. 要求包含2个要点，控制在108字以内。",Model10,0.8904,1735.52,13.8128
把以下内容整理为 key-value：客户=远航制造；问题=接口超时；优先级=高。 要求包含3个要点，控制在125字以内。,Model1,0.9209,570.32,1.3131
把以下内容整理为 key-value：客户=远航制造；问题=接口超时；优先级=高。 要求包含3个要点，控制在125字以内。,Model2,0.8752,702.00,1.5362
把以下内容整理为 key-value：客户=远航制造；问题=接口超时；优先级=高。 要求包含3个要点，控制在125字以内。,Model3,0.9186,778.75,1.9978
把以下内容整理为 key-value：客户=远航制造；问题=接口超时；优先级=高。 要求包含3个要点，控制在125字以内。,Model4,0.8592,821.26,2.5412
把以下内容整理为 key-value：客户=远航制造；问题=接口超时；优先级=高。 要求包含3个要点，控制在125字以内。,Model5,0.9059,758.60,2.9365
把以下内容整理为 key-value：客户=远航制造；问题=接口超时；优先级=高。 要求包含3个要点，控制在125字以内。,Model6,0.9072,931.41,3.8076
把以下内容整理为 key-value：客户=远航制造；问题=接口超时；优先级=高。 要求包含3个要点，控制在125字以内。,Model7,0.9012,992.81,4.9503
把以下内容整理为 key-value：客户=远航制造；问题=接口超时；优先级=高。 要求包含3个要点，控制在125字以内。,Model8,0.9282,1094.99,5.5761
把以下内容整理为 key-value：客户=远航制造；问题=接口超时；优先级=高。 要求包含3个要点，控制在125字以内。,Model9,0.9412,1196.51,7.2264
把以下内容整理为 key-value：客户=远航制造；问题=接口超时；优先级=高。 要求包含3个要点，控制在125字以内。,Model10,0.9463,1401.33,9.0165
请解释大模型路由的核心原理，并给出两个应用场景。 要求包含4个要点，控制在142字以内。,Model1,0.8319,640.60,1.4343
请解释大模型路由的核心原理，并给出两个应用场景。 要求包含4个要点，控制在142字以内。,Model2,0.8440,863.65,1.6664
请解释大模型路由的核心原理，并给出两个应用场景。 要求包含4个要点，控制在142字以内。,Model3,0.8336,880.77,2.1384
请解释大模型路由的核心原理，并给出两个应用场景。 要求包含4个要点，控制在142字以内。,Model4,0.8571,1047.02,2.5831
请解释大模型路由的核心原理，并给出两个应用场景。 要求包含4个要点，控制在142字以内。,Model5,0.8862,970.99,3.2487
请解释大模型路由的核心原理，并给出两个应用场景。 要求包含4个要点，控制在142字以内。,Model6,0.8789,1076.90,4.0237
请解释大模型路由的核心原理，并给出两个应用场景。 要求包含4个要点，控制在142字以内。,Model7,0.8996,1107.30,5.0081
请解释大模型路由的核心原理，并给出两个应用场景。 要求包含4个要点，控制在142字以内。,Model8,0.9101,1352.66,6.2303
请解释大模型路由的核心原理，并给出两个应用场景。 要求包含4个要点，控制在142字以内。,Model9,0.9217,1507.00,8.2038
请解释大模型路由的核心原理，并给出两个应用场景。 要求包含4个要点，控制在142字以内。,Model10,0.9286,1639.38,9.9172
"已知一组数据为 2,28,120,17，计算平均值并说明步骤。 要求包含5个要点，控制在159字以内。",Model1,0.4730,860.64,1.5353
"已知一组数据为 2,28,120,17，计算平均值并说明步骤。 要求包含5个要点，控制在159字以内。",Model2,0.5241,978.60,2.0396
"已知一组数据为 2,28,120,17，计算平均值并说明步骤。 要求包含5个要点，控制在159字以内。",Model3,0.5812,954.04,2.5994
"已知一组数据为 2,28,120,17，计算平均值并说明步骤。 要求包含5个要点，控制在159字以内。",Model4,0.8134,1182.49,3.1127
"已知一组数据为 2,28,120,17，计算平均值并说明步骤。 要求包含5个要点，控制在159字以内。",Model5,0.7511,1221.91,3.8532
"已知一组数据为 2,28,120,17，计算平均值并说明步骤。 要求包含5个要点，控制在159字以内。",Model6,0.7927,1163.63,4.9003
"已知一组数据为 2,28,120,17，计算平均值并说明步骤。 要求包含5个要点，控制在159字以内。",Model7,0.8502,1438.16,6.1468
"已知一组数据为 2,28,120,17，计算平均值并说明步骤。 要求包含5个要点，控制在159字以内。",Model8,0.8115,1482.06,7.3481
"已知一组数据为 2,28,120,17，计算平均值并说明步骤。 要求包含5个要点，控制在159字以内。",Model9,0.8497,1806.44,9.8317
"已知一组数据为 2,28,120,17，计算平均值并说明步骤。 要求包含5个要点，控制在159字以内。",Model10,0.8717,2142.04,11.8883
分析下面 SQL 的性能问题并给出索引建议：SELECT * FROM orders WHERE user_id=7 ORDER BY created_at DESC; 要求包含2个要点，控制在176字以内。,Model1,0.6507,652.43,1.5359
分析下面 SQL 的性能问题并给出索引建议：SELECT * FROM orders WHERE user_id=7 ORDER BY created_at DESC; 要求包含2个要点，控制在176字以内。,Model2,0.6752,742.83,1.8351
分析下面 SQL 的性能问题并给出索引建议：SELECT * FROM orders WHERE user_id=7 ORDER BY created_at DESC; 要求包含2个要点，控制在176字以内。,Model3,0.8991,783.67,2.3604
分析下面 SQL 的性能问题并给出索引建议：SELECT * FROM orders WHERE user_id=7 ORDER BY created_at DESC; 要求包含2个要点，控制在176字以内。,Model4,0.8274,839.89,2.8379
分析下面 SQL 的性能问题并给出索引建议：SELECT * FROM orders WHERE user_id=7 ORDER BY created_at DESC; 要求包含2个要点，控制在176字以内。,Model5,0.8480,978.27,3.4183
分析下面 SQL 的性能问题并给出索引建议：SELECT * FROM orders WHERE user_id=7 ORDER BY created_at DESC; 要求包含2个要点，控制在176字以内。,Model6,0.9143,972.28,4.3522
分析下面 SQL 的性能问题并给出索引建议：SELECT * FROM orders WHERE user_id=7 ORDER BY created_at DESC; 要求包含2个要点，控制在176字以内。,Model7,0.8988,1150.07,5.6100
分析下面 SQL 的性能问题并给出索引建议：SELECT * FROM orders WHERE user_id=7 ORDER BY created_at DESC; 要求包含2个要点，控制在176字以内。,Model8,0.8796,1223.87,6.8308
分析下面 SQL 的性能问题并给出索引建议：SELECT * FROM orders WHERE user_id=7 ORDER BY created_at DESC; 要求包含2个要点，控制在176字以内。,Model9,0.9166,1356.30,8.8929
分析下面 SQL 的性能问题并给出索引建议：SELECT * FROM orders WHERE user_id=7 ORDER BY created_at DESC; 要求包含2个要点，控制在176字以内。,Model10,0.9291,1634.70,11.0054
总结以下会议纪要，保留结论、负责人和下一步动作。 要求包含3个要点，控制在193字以内。,Model1,0.8553,768.19,1.7361
总结以下会议纪要，保留结论、负责人和下一步动作。 要求包含3个要点，控制在193字以内。,Model2,0.8063,825.84,2.0759
总结以下会议纪要，保留结论、负责人和下一步动作。 要求包含3个要点，控制在193字以内。,Model3,0.7759,976.14,2.8243
总结以下会议纪要，保留结论、负责人和下一步动作。 要求包含3个要点，控制在193字以内。,Model4,0.7614,901.33,3.4426
总结以下会议纪要，保留结论、负责人和下一步动作。 要求包含3个要点，控制在193字以内。,Model5,0.8650,969.16,4.3386
总结以下会议纪要，保留结论、负责人和下一步动作。 要求包含3个要点，控制在193字以内。,Model6,0.8156,1118.02,4.8919
总结以下会议纪要，保留结论、负责人和下一步动作。 要求包含3个要点，控制在193字以内。,Model7,0.8412,1224.03,6.8404
总结以下会议纪要，保留结论、负责人和下一步动作。 要求包含3个要点，控制在193字以内。,Model8,0.8933,1422.34,8.1773
总结以下会议纪要，保留结论、负责人和下一步动作。 要求包含3个要点，控制在193字以内。,Model9,0.9055,1440.82,10.4436
总结以下会议纪要，保留结论、负责人和下一步动作。 要求包含3个要点，控制在193字以内。,Model10,0.9137,1684.85,13.1761
"Translate into Chinese: The router predicts quality, cost and latency for every candidate model. 要求包含4个要点，控制在210字以内。",Model1,0.6713,766.38,2.0701
"Translate into Chinese: The router predicts quality, cost and latency for every candidate model. 要求包含4个要点，控制在210字以内。",Model2,0.8240,830.22,2.5063
"Translate into Chinese: The router predicts quality, cost and latency for every candidate model. 要求包含4个要点，控制在210字以内。",Model3,0.6776,1014.31,3.0903
"Translate into Chinese: The router predicts quality, cost and latency for every candidate model. 要求包含4个要点，控制在210字以内。",Model4,0.6339,1014.80,3.7239
"Translate into Chinese: The router predicts quality, cost and latency for every candidate model. 要求包含4个要点，控制在210字以内。",Model5,0.8036,1141.21,4.6783
"Translate into Chinese: The router predicts quality, cost and latency for every candidate model. 要求包含4个要点，控制在210字以内。",Model6,0.7245,1226.56,6.1037
"Translate into Chinese: The router predicts quality, cost and latency for every candidate model. 要求包含4个要点，控制在210字以内。",Model7,0.7618,1322.87,7.4499
"Translate into Chinese: The router predicts quality, cost and latency for every candidate model. 要求包含4个要点，控制在210字以内。",Model8,0.8378,1435.05,8.8267
"Translate into Chinese: The router predicts quality, cost and latency for every candidate model. 要求包含4个要点，控制在210字以内。",Model9,0.8545,1832.60,11.8980
"Translate into Chinese: The router predicts quality, cost and latency for every candidate model. 要求包含4个要点，控制在210字以内。",Model10,0.8691,1997.19,14.5248
从文本中提取姓名、公司、职位三个字段，并输出 JSON：张三就职于华星科技，担任研发经理。 要求包含5个要点，控制在227字以内。,Model1,0.9003,647.25,1.4918
从文本中提取姓名、公司、职位三个字段，并输出 JSON：张三就职于华星科技，担任研发经理。 要求包含5个要点，控制在227字以内。,Model2,0.8544,655.42,1.7937
从文本中提取姓名、公司、职位三个字段，并输出 JSON：张三就职于华星科技，担任研发经理。 要求包含5个要点，控制在227字以内。,Model3,0.8947,697.37,2.3501
从文本中提取姓名、公司、职位三个字段，并输出 JSON：张三就职于华星科技，担任研发经理。 要求包含5个要点，控制在227字以内。,Model4,0.8162,877.15,2.8181
从文本中提取姓名、公司、职位三个字段，并输出 JSON：张三就职于华星科技，担任研发经理。 要求包含5个要点，控制在227字以内。,Model5,0.8831,952.86,3.4606
从文本中提取姓名、公司、职位三个字段，并输出 JSON：张三就职于华星科技，担任研发经理。 要求包含5个要点，控制在227字以内。,Model6,0.8788,952.08,4.3206
从文本中提取姓名、公司、职位三个字段，并输出 JSON：张三就职于华星科技，担任研发经理。 要求包含5个要点，控制在227字以内。,Model7,0.8847,1053.33,5.5101
从文本中提取姓名、公司、职位三个字段，并输出 JSON：张三就职于华星科技，担任研发经理。 要求包含5个要点，控制在227字以内。,Model8,0.9095,1181.69,6.3982
从文本中提取姓名、公司、职位三个字段，并输出 JSON：张三就职于华星科技，担任研发经理。 要求包含5个要点，控制在227字以内。,Model9,0.9266,1477.81,8.8088
从文本中提取姓名、公司、职位三个字段，并输出 JSON：张三就职于华星科技，担任研发经理。 要求包含5个要点，控制在227字以内。,Model10,0.9345,1464.58,11.0906
为什么缓存机制在实际系统中重要？请用通俗语言回答。 要求包含2个要点，控制在244字以内。,Model1,0.7883,826.00,1.6111
为什么缓存机制在实际系统中重要？请用通俗语言回答。 要求包含2个要点，控制在244字以内。,Model2,0.8030,867.98,1.8832
为什么缓存机制在实际系统中重要？请用通俗语言回答。 要求包含2个要点，控制在244字以内。,Model3,0.7994,902.99,2.4233
为什么缓存机制在实际系统中重要？请用通俗语言回答。 要求包含2个要点，控制在244字以内。,Model4,0.8312,1042.04,2.8161
为什么缓存机制在实际系统中重要？请用通俗语言回答。 要求包含2个要点，控制在244字以内。,Model5,0.8616,1155.45,3.4018
为什么缓存机制在实际系统中重要？请用通俗语言回答。 要求包含2个要点，控制在244字以内。,Model6,0.8575,1105.17,4.2983
为什么缓存机制在实际系统中重要？请用通俗语言回答。 要求包含2个要点，控制在244字以内。,Model7,0.8810,1329.31,5.5235
为什么缓存机制在实际系统中重要？请用通俗语言回答。 要求包含2个要点，控制在244字以内。,Model8,0.8919,1515.33,6.6859
为什么缓存机制在实际系统中重要？请用通俗语言回答。 要求包含2个要点，控制在244字以内。,Model9,0.9001,1521.63,8.5234
为什么缓存机制在实际系统中重要？请用通俗语言回答。 要求包含2个要点，控制在244字以内。,Model10,0.9143,1768.10,11.0495
"已知一组数据为 8,32,62,5，计算平均值并说明步骤。 要求包含3个要点，控制在261字以内。",Model1,0.6772,566.31,1.2515
"已知一组数据为 8,32,62,5，计算平均值并说明步骤。 要求包含3个要点，控制在261字以内。",Model2,0.7190,681.79,1.5303
"已知一组数据为 8,32,62,5，计算平均值并说明步骤。 要求包含3个要点，控制在261字以内。",Model3,0.7658,708.83,1.9903
"已知一组数据为 8,32,62,5，计算平均值并说明步骤。 要求包含3个要点，控制在261字以内。",Model4,0.9105,865.46,2.3508
"已知一组数据为 8,32,62,5，计算平均值并说明步骤。 要求包含3个要点，控制在261字以内。",Model5,0.8765,935.26,2.9047
"已知一组数据为 8,32,62,5，计算平均值并说明步骤。 要求包含3个要点，控制在261字以内。",Model6,0.8978,930.07,3.6113
"已知一组数据为 8,32,62,5，计算平均值并说明步骤。 要求包含3个要点，控制在261字以内。",Model7,0.9292,1065.64,4.5211
"已知一组数据为 8,32,62,5，计算平均值并说明步骤。 要求包含3个要点，控制在261字以内。",Model8,0.9180,978.65,5.2414
"已知一组数据为 8,32,62,5，计算平均值并说明步骤。 要求包含3个要点，控制在261字以内。",Model9,0.9302,1350.21,7.2294
"已知一组数据为 8,32,62,5，计算平均值并说明步骤。 要求包含3个要点，控制在261字以内。",Model10,0.9438,1386.42,9.0328
分析下面 SQL 的性能问题并给出索引建议：SELECT * FROM orders WHERE user_id=8 ORDER BY created_at DESC; 要求包含4个要点，控制在278字以内。,Model1,0.5879,704.59,1.5932
分析下面 SQL 的性能问题并给出索引建议：SELECT * FROM orders WHERE user_id=8 ORDER BY created_at DESC; 要求包含4个要点，控制在278字以内。,Model2,0.6218,844.51,1.8940
分析下面 SQL 的性能问题并给出索引建议：SELECT * FROM orders WHERE user_id=8 ORDER BY created_at DESC; 要求包含4个要点，控制在278字以内。,Model3,0.8744,878.86,2.5216
分析下面 SQL 的性能问题并给出索引建议：SELECT * FROM orders WHERE user_id=8 ORDER BY created_at DESC; 要求包含4个要点，控制在278字以内。,Model4,0.7827,821.65,2.9765
分析下面 SQL 的性能问题并给出索引建议：SELECT * FROM orders WHERE user_id=8 ORDER BY created_at DESC; 要求包含4个要点，控制在278字以内。,Model5,0.8158,932.35,3.7147
分析下面 SQL 的性能问题并给出索引建议：SELECT * FROM orders WHERE user_id=8 ORDER BY created_at DESC; 要求包含4个要点，控制在278字以内。,Model6,0.8922,1153.75,4.7244
分析下面 SQL 的性能问题并给出索引建议：SELECT * FROM orders WHERE user_id=8 ORDER BY created_at DESC; 要求包含4个要点，控制在278字以内。,Model7,0.8746,1255.56,6.1218
分析下面 SQL 的性能问题并给出索引建议：SELECT * FROM orders WHERE user_id=8 ORDER BY created_at DESC; 要求包含4个要点，控制在278字以内。,Model8,0.8499,1309.93,7.1797
分析下面 SQL 的性能问题并给出索引建议：SELECT * FROM orders WHERE user_id=8 ORDER BY created_at DESC; 要求包含4个要点，控制在278字以内。,Model9,0.8973,1528.70,9.4362
分析下面 SQL 的性能问题并给出索引建议：SELECT * FROM orders WHERE user_id=8 ORDER BY created_at DESC; 要求包含4个要点，控制在278字以内。,Model10,0.9130,1607.89,11.3096
总结以下会议纪要，保留结论、负责人和下一步动作。 要求包含5个要点，控制在295字以内。,Model1,0.8290,831.69,1.8924
总结以下会议纪要，保留结论、负责人和下一步动作。 要求包含5个要点，控制在295字以内。,Model2,0.7686,903.24,2.2184
总结以下会议纪要，保留结论、负责人和下一步动作。 要求包含5个要点，控制在295字以内。,Model3,0.7364,1056.12,2.9134
总结以下会议纪要，保留结论、负责人和下一步动作。 要求包含5个要点，控制在295字以内。,Model4,0.7184,1183.58,3.5946
总结以下会议纪要，保留结论、负责人和下一步动作。 要求包含5个要点，控制在295字以内。,Model5,0.8360,1118.16,4.2551
总结以下会议纪要，保留结论、负责人和下一步动作。 要求包含5个要点，控制在295字以内。,Model6,0.7787,1259.21,5.5477
总结以下会议纪要，保留结论、负责人和下一步动作。 要求包含5个要点，控制在295字以内。,Model7,0.8182,1198.30,6.5855
总结以下会议纪要，保留结论、负责人和下一步动作。 要求包含5个要点，控制在295字以内。,Model8,0.8720,1502.76,8.4005
总结以下会议纪要，保留结论、负责人和下一步动作。 要求包含5个要点，控制在295字以内。,Model9,0.8840,1647.12,10.7343
总结以下会议纪要，保留结论、负责人和下一步动作。 要求包含5个要点，控制在295字以内。,Model10,0.8934,1841.48,13.4140
"Translate into Chinese: The router predicts quality, cost and latency for every candidate model. 要求包含2个要点，控制在92字以内。",Model1,0.8303,624.95,1.5233
"Translate into Chinese: The router predicts quality, cost and latency for every candidate model. 要求包含2个要点，控制在92字以内。",Model2,0.9153,646.58,1.9628
"Translate into Chinese: The router predicts quality, cost and latency for every candidate model. 要求包含2个要点，控制在92字以内。",Model3,0.8372,770.83,2.6714
"Translate into Chinese: The router predicts quality, cost and latency for every candidate model. 要求包含2个要点，控制在92字以内。",Model4,0.8048,839.77,3.0268
"Translate into Chinese: The router predicts quality, cost and latency for every candidate model. 要求包含2个要点，控制在92字以内。",Model5,0.9043,951.64,3.8629
"Translate into Chinese: The router predicts quality, cost and latency for every candidate model. 要求包含2个要点，控制在92字以内。",Model6,0.8592,910.76,4.6620
"Translate into Chinese: The router predicts quality, cost and latency for every candidate model. 要求包含2个要点，控制在92字以内。",Model7,0.8816,995.14,6.0727
"Translate into Chinese: The router predicts quality, cost and latency for every candidate model. 要求包含2个要点，控制在92字以内。",Model8,0.9271,1182.01,7.1700
"Translate into Chinese: The router predicts quality, cost and latency for every candidate model. 要求包含2个要点，控制在92字以内。",Model9,0.9357,1337.13,9.5993
"Translate into Chinese: The router predicts quality, cost and latency for every candidate model. 要求包含2个要点，控制在92字以内。",Model10,0.9414,1487.35,11.6830
把以下内容整理为 key-value：客户=远航制造；问题=接口超时；优先级=高。 要求包含3个要点，控制在109字以内。,Model1,0.8767,714.99,1.5334
把以下内容整理为 key-value：客户=远航制造；问题=接口超时；优先级=高。 要求包含3个要点，控制在109字以内。,Model2,0.8103,824.20,1.9477
把以下内容整理为 key-value：客户=远航制造；问题=接口超时；优先级=高。 要求包含3个要点，控制在109字以内。,Model3,0.8786,853.35,2.3303
把以下内容整理为 key-value：客户=远航制造；问题=接口超时；优先级=高。 要求包含3个要点，控制在109字以内。,Model4,0.7817,944.77,2.8891
把以下内容整理为 key-value：客户=远航制造；问题=接口超时；优先级=高。 要求包含3个要点，控制在109字以内。,Model5,0.8567,1077.95,3.5645
把以下内容整理为 key-value：客户=远航制造；问题=接口超时；优先级=高。 要求包含3个要点，控制在109字以内。,Model6,0.8526,1124.01,4.4546
把以下内容整理为 key-value：客户=远航制造；问题=接口超时；优先级=高。 要求包含3个要点，控制在109字以内。,Model7,0.8440,1191.69,5.6451
把以下内容整理为 key-value：客户=远航制造；问题=接口超时；优先级=高。 要求包含3个要点，控制在109字以内。,Model8,0.8856,1280.62,6.6353
把以下内容整理为 key-value：客户=远航制造；问题=接口超时；优先级=高。 要求包含3个要点，控制在109字以内。,Model9,0.9073,1444.29,8.4387
把以下内容整理为 key-value：客户=远航制造；问题=接口超时；优先级=高。 要求包含3个要点，控制在109字以内。,Model10,0.9148,1580.69,11.1462
为什么成本控制在实际系统中重要？请用通俗语言回答。 要求包含4个要点，控制在126字以内。,Model1,0.7478,774.81,1.6873
为什么成本控制在实际系统中重要？请用通俗语言回答。 要求包含4个要点，控制在126字以内。,Model2,0.7658,931.97,1.9156
为什么成本控制在实际系统中重要？请用通俗语言回答。 要求包含4个要点，控制在126字以内。,Model3,0.7458,979.38,2.5325
为什么成本控制在实际系统中重要？请用通俗语言回答。 要求包含4个要点，控制在126字以内。,Model4,0.7875,1176.96,3.0380
为什么成本控制在实际系统中重要？请用通俗语言回答。 要求包含4个要点，控制在126字以内。,Model5,0.8334,1240.36,3.6661
为什么成本控制在实际系统中重要？请用通俗语言回答。 要求包含4个要点，控制在126字以内。,Model6,0.8234,1238.67,4.7590
为什么成本控制在实际系统中重要？请用通俗语言回答。 要求包含4个要点，控制在126字以内。,Model7,0.8450,1301.84,6.0301
为什么成本控制在实际系统中重要？请用通俗语言回答。 要求包含4个要点，控制在126字以内。,Model8,0.8631,1631.00,7.3050
为什么成本控制在实际系统中重要？请用通俗语言回答。 要求包含4个要点，控制在126字以内。,Model9,0.8693,1708.55,9.4329
为什么成本控制在实际系统中重要？请用通俗语言回答。 要求包含4个要点，控制在126字以内。,Model10,0.8839,1803.30,12.3590
求解方程 3x + 79 = 119，写出计算过程。 要求包含5个要点，控制在143字以内。,Model1,0.6213,706.50,1.3134
求解方程 3x + 79 = 119，写出计算过程。 要求包含5个要点，控制在143字以内。,Model2,0.6643,725.68,1.6261
求解方程 3x + 79 = 119，写出计算过程。 要求包含5个要点，控制在143字以内。,Model3,0.7147,817.21,2.0557
求解方程 3x + 79 = 119，写出计算过程。 要求包含5个要点，控制在143字以内。,Model4,0.8914,895.83,2.5951
求解方程 3x + 79 = 119，写出计算过程。 要求包含5个要点，控制在143字以内。,Model5,0.8542,1043.35,3.0177
求解方程 3x + 79 = 119，写出计算过程。 要求包含5个要点，控制在143字以内。,Model6,0.8715,949.03,3.9713
求解方程 3x + 79 = 119，写出计算过程。 要求包含5个要点，控制在143字以内。,Model7,0.9126,1293.25,4.7945
求解方程 3x + 79 = 119，写出计算过程。 要求包含5个要点，控制在143字以内。,Model8,0.8909,1134.07,6.1706
求解方程 3x + 79 = 119，写出计算过程。 要求包含5个要点，控制在143字以内。,Model9,0.9155,1392.14,7.6568
求解方程 3x + 79 = 119，写出计算过程。 要求包含5个要点，控制在143字以内。,Model10,0.9279,1410.89,9.7728
分析下面 SQL 的性能问题并给出索引建议：SELECT * FROM orders WHERE user_id=4 ORDER BY created_at DESC; 要求包含2个要点，控制在160字以内。,Model1,0.5272,857.65,1.7404
分析下面 SQL 的性能问题并给出索引建议：SELECT * FROM orders WHERE user_id=4 ORDER BY created_at DESC; 要求包含2个要点，控制在160字以内。,Model2,0.5532,854.48,2.0932
分析下面 SQL 的性能问题并给出索引建议：SELECT * FROM orders WHERE user_id=4 ORDER BY created_at DESC; 要求包含2个要点，控制在160字以内。,Model3,0.8390,912.94,2.6583
分析下面 SQL 的性能问题并给出索引建议：SELECT * FROM orders WHERE user_id=4 ORDER BY created_at DESC; 要求包含2个要点，控制在160字以内。,Model4,0.7505,1182.05,3.3559
分析下面 SQL 的性能问题并给出索引建议：SELECT * FROM orders WHERE user_id=4 ORDER BY created_at DESC; 要求包含2个要点，控制在160字以内。,Model5,0.7639,1156.09,3.9582
分析下面 SQL 的性能问题并给出索引建议：SELECT * FROM orders WHERE user_id=4 ORDER BY created_at DESC; 要求包含2个要点，控制在160字以内。,Model6,0.8682,1252.55,5.2470
分析下面 SQL 的性能问题并给出索引建议：SELECT * FROM orders WHERE user_id=4 ORDER BY created_at DESC; 要求包含2个要点，控制在160字以内。,Model7,0.8450,1504.88,6.5537
分析下面 SQL 的性能问题并给出索引建议：SELECT * FROM orders WHERE user_id=4 ORDER BY created_at DESC; 要求包含2个要点，控制在160字以内。,Model8,0.8164,1507.86,7.7307
分析下面 SQL 的性能问题并给出索引建议：SELECT * FROM orders WHERE user_id=4 ORDER BY created_at DESC; 要求包含2个要点，控制在160字以内。,Model9,0.8715,1582.60,9.5288
分析下面 SQL 的性能问题并给出索引建议：SELECT * FROM orders WHERE user_id=4 ORDER BY created_at DESC; 要求包含2个要点，控制在160字以内。,Model10,0.8907,1940.18,11.8809
将这段技术说明概括为不超过120字的摘要。 要求包含3个要点，控制在177字以内。,Model1,0.8008,809.96,2.0497
将这段技术说明概括为不超过120字的摘要。 要求包含3个要点，控制在177字以内。,Model2,0.7241,880.27,2.3855
将这段技术说明概括为不超过120字的摘要。 要求包含3个要点，控制在177字以内。,Model3,0.6921,988.40,2.9715
将这段技术说明概括为不超过120字的摘要。 要求包含3个要点，控制在177字以内。,Model4,0.6733,1184.28,3.5125
将这段技术说明概括为不超过120字的摘要。 要求包含3个要点，控制在177字以内。,Model5,0.8029,1201.64,4.4354
将这段技术说明概括为不超过120字的摘要。 要求包含3个要点，控制在177字以内。,Model6,0.7269,1373.44,5.6588
将这段技术说明概括为不超过120字的摘要。 要求包含3个要点，控制在177字以内。,Model7,0.7722,1408.52,7.5223
将这段技术说明概括为不超过120字的摘要。 要求包含3个要点，控制在177字以内。,Model8,0.8427,1659.00,8.6985
将这段技术说明概括为不超过120字的摘要。 要求包含3个要点，控制在177字以内。,Model9,0.8592,1789.16,11.1381
将这段技术说明概括为不超过120字的摘要。 要求包含3个要点，控制在177字以内。,Model10,0.8666,2010.85,13.9059
把下面句子翻译成简洁、正式的英文：模型价格变化后，路由策略应自动调整。 要求包含4个要点，控制在194字以内。,Model1,0.7864,702.49,1.8025
把下面句子翻译成简洁、正式的英文：模型价格变化后，路由策略应自动调整。 要求包含4个要点，控制在194字以内。,Model2,0.8946,706.56,2.1737
把下面句子翻译成简洁、正式的英文：模型价格变化后，路由策略应自动调整。 要求包含4个要点，控制在194字以内。,Model3,0.7912,862.12,2.8740
把下面句子翻译成简洁、正式的英文：模型价格变化后，路由策略应自动调整。 要求包含4个要点，控制在194字以内。,Model4,0.7677,890.36,3.5652
把下面句子翻译成简洁、正式的英文：模型价格变化后，路由策略应自动调整。 要求包含4个要点，控制在194字以内。,Model5,0.8819,935.31,3.9990
把下面句子翻译成简洁、正式的英文：模型价格变化后，路由策略应自动调整。 要求包含4个要点，控制在194字以内。,Model6,0.8287,1059.55,5.1803
把下面句子翻译成简洁、正式的英文：模型价格变化后，路由策略应自动调整。 要求包含4个要点，控制在194字以内。,Model7,0.8516,1081.79,6.5659
把下面句子翻译成简洁、正式的英文：模型价格变化后，路由策略应自动调整。 要求包含4个要点，控制在194字以内。,Model8,0.9074,1271.14,7.8512
把下面句子翻译成简洁、正式的英文：模型价格变化后，路由策略应自动调整。 要求包含4个要点，控制在194字以内。,Model9,0.9156,1413.68,10.7649
把下面句子翻译成简洁、正式的英文：模型价格变化后，路由策略应自动调整。 要求包含4个要点，控制在194字以内。,Model10,0.9248,1504.26,12.7042
从订单描述中抽取订单号、金额、日期，并按 JSON 返回：订单A6，金额28元，日期2026-09-24。 要求包含5个要点，控制在211字以内。,Model1,0.8444,731.41,1.6775
从订单描述中抽取订单号、金额、日期，并按 JSON 返回：订单A6，金额28元，日期2026-09-24。 要求包含5个要点，控制在211字以内。,Model2,0.7784,838.89,2.1250
从订单描述中抽取订单号、金额、日期，并按 JSON 返回：订单A6，金额28元，日期2026-09-24。 要求包含5个要点，控制在211字以内。,Model3,0.8453,891.78,2.6386
从订单描述中抽取订单号、金额、日期，并按 JSON 返回：订单A6，金额28元，日期2026-09-24。 要求包含5个要点，控制在211字以内。,Model4,0.7428,1122.14,3.4630
从订单描述中抽取订单号、金额、日期，并按 JSON 返回：订单A6，金额28元，日期2026-09-24。 要求包含5个要点，控制在211字以内。,Model5,0.8247,1037.04,3.9442
从订单描述中抽取订单号、金额、日期，并按 JSON 返回：订单A6，金额28元，日期2026-09-24。 要求包含5个要点，控制在211字以内。,Model6,0.8170,1177.46,4.9155
从订单描述中抽取订单号、金额、日期，并按 JSON 返回：订单A6，金额28元，日期2026-09-24。 要求包含5个要点，控制在211字以内。,Model7,0.8187,1337.54,6.3733
从订单描述中抽取订单号、金额、日期，并按 JSON 返回：订单A6，金额28元，日期2026-09-24。 要求包含5个要点，控制在211字以内。,Model8,0.8693,1423.29,7.6032
从订单描述中抽取订单号、金额、日期，并按 JSON 返回：订单A6，金额28元，日期2026-09-24。 要求包含5个要点，控制在211字以内。,Model9,0.8836,1485.74,9.5763
从订单描述中抽取订单号、金额、日期，并按 JSON 返回：订单A6，金额28元，日期2026-09-24。 要求包含5个要点，控制在211字以内。,Model10,0.8955,1906.65,12.5057
请解释向量检索的核心原理，并给出两个应用场景。 要求包含2个要点，控制在228字以内。,Model1,0.8796,617.34,1.1505
请解释向量检索的核心原理，并给出两个应用场景。 要求包含2个要点，控制在228字以内。,Model2,0.8863,627.69,1.4132
请解释向量检索的核心原理，并给出两个应用场景。 要求包含2个要点，控制在228字以内。,Model3,0.8786,742.01,1.8378
请解释向量检索的核心原理，并给出两个应用场景。 要求包含2个要点，控制在228字以内。,Model4,0.8973,797.86,2.2920
请解释向量检索的核心原理，并给出两个应用场景。 要求包含2个要点，控制在228字以内。,Model5,0.9208,818.84,2.7786
请解释向量检索的核心原理，并给出两个应用场景。 要求包含2个要点，控制在228字以内。,Model6,0.9175,959.42,3.5310
请解释向量检索的核心原理，并给出两个应用场景。 要求包含2个要点，控制在228字以内。,Model7,0.9272,990.76,4.4546
请解释向量检索的核心原理，并给出两个应用场景。 要求包含2个要点，控制在228字以内。,Model8,0.9335,1177.57,5.6634
请解释向量检索的核心原理，并给出两个应用场景。 要求包含2个要点，控制在228字以内。,Model9,0.9423,1225.82,6.6942
请解释向量检索的核心原理，并给出两个应用场景。 要求包含2个要点，控制在228字以内。,Model10,0.9486,1307.13,8.9994
"已知一组数据为 5,55,50,8，计算平均值并说明步骤。 要求包含3个要点，控制在245字以内。",Model1,0.5726,698.23,1.4738
"已知一组数据为 5,55,50,8，计算平均值并说明步骤。 要求包含3个要点，控制在245字以内。",Model2,0.6155,802.90,1.7748
"已知一组数据为 5,55,50,8，计算平均值并说明步骤。 要求包含3个要点，控制在245字以内。",Model3,0.6620,857.98,2.2479
"已知一组数据为 5,55,50,8，计算平均值并说明步骤。 要求包含3个要点，控制在245字以内。",Model4,0.8674,1032.97,2.7194
"已知一组数据为 5,55,50,8，计算平均值并说明步骤。 要求包含3个要点，控制在245字以内。",Model5,0.8199,1062.99,3.3944
"已知一组数据为 5,55,50,8，计算平均值并说明步骤。 要求包含3个要点，控制在245字以内。",Model6,0.8409,1155.62,4.1521
"已知一组数据为 5,55,50,8，计算平均值并说明步骤。 要求包含3个要点，控制在245字以内。",Model7,0.8981,1334.74,5.3465
"已知一组数据为 5,55,50,8，计算平均值并说明步骤。 要求包含3个要点，控制在245字以内。",Model8,0.8671,1532.98,6.7960
"已知一组数据为 5,55,50,8，计算平均值并说明步骤。 要求包含3个要点，控制在245字以内。",Model9,0.8929,1736.80,8.2283
"已知一组数据为 5,55,50,8，计算平均值并说明步骤。 要求包含3个要点，控制在245字以内。",Model10,0.9116,1697.83,10.3134
分析下面 SQL 的性能问题并给出索引建议：SELECT * FROM orders WHERE user_id=9 ORDER BY created_at DESC; 要求包含4个要点，控制在262字以内。,Model1,0.4536,808.72,1.7805
分析下面 SQL 的性能问题并给出索引建议：SELECT * FROM orders WHERE user_id=9 ORDER BY created_at DESC; 要求包含4个要点，控制在262字以内。,Model2,0.4843,830.14,2.2435
分析下面 SQL 的性能问题并给出索引建议：SELECT * FROM orders WHERE user_id=9 ORDER BY created_at DESC; 要求包含4个要点，控制在262字以内。,Model3,0.8066,1129.03,2.7917
分析下面 SQL 的性能问题并给出索引建议：SELECT * FROM orders WHERE user_id=9 ORDER BY created_at DESC; 要求包含4个要点，控制在262字以内。,Model4,0.7051,1151.49,3.5015
分析下面 SQL 的性能问题并给出索引建议：SELECT * FROM orders WHERE user_id=9 ORDER BY created_at DESC; 要求包含4个要点，控制在262字以内。,Model5,0.7155,1271.25,4.2841
分析下面 SQL 的性能问题并给出索引建议：SELECT * FROM orders WHERE user_id=9 ORDER BY created_at DESC; 要求包含4个要点，控制在262字以内。,Model6,0.8304,1206.35,5.2262
分析下面 SQL 的性能问题并给出索引建议：SELECT * FROM orders WHERE user_id=9 ORDER BY created_at DESC; 要求包含4个要点，控制在262字以内。,Model7,0.8158,1493.33,6.6714
分析下面 SQL 的性能问题并给出索引建议：SELECT * FROM orders WHERE user_id=9 ORDER BY created_at DESC; 要求包含4个要点，控制在262字以内。,Model8,0.7736,1621.68,8.3687
分析下面 SQL 的性能问题并给出索引建议：SELECT * FROM orders WHERE user_id=9 ORDER BY created_at DESC; 要求包含4个要点，控制在262字以内。,Model9,0.8371,1837.54,10.8672
分析下面 SQL 的性能问题并给出索引建议：SELECT * FROM orders WHERE user_id=9 ORDER BY created_at DESC; 要求包含4个要点，控制在262字以内。,Model10,0.8622,2035.69,13.4739
将这段技术说明概括为不超过120字的摘要。 要求包含5个要点，控制在279字以内。,Model1,0.9046,716.24,1.5639
将这段技术说明概括为不超过120字的摘要。 要求包含5个要点，控制在279字以内。,Model2,0.8606,635.21,1.8683
将这段技术说明概括为不超过120字的摘要。 要求包含5个要点，控制在279字以内。,Model3,0.8369,725.93,2.3825
将这段技术说明概括为不超过120字的摘要。 要求包含5个要点，控制在279字以内。,Model4,0.8265,764.77,3.0178
将这段技术说明概括为不超过120字的摘要。 要求包含5个要点，控制在279字以内。,Model5,0.9063,943.49,3.5958
将这段技术说明概括为不超过120字的摘要。 要求包含5个要点，控制在279字以内。,Model6,0.8615,912.30,4.7138
将这段技术说明概括为不超过120字的摘要。 要求包含5个要点，控制在279字以内。,Model7,0.8848,1067.52,5.9363
将这段技术说明概括为不超过120字的摘要。 要求包含5个要点，控制在279字以内。,Model8,0.9275,1143.94,6.7461
将这段技术说明概括为不超过120字的摘要。 要求包含5个要点，控制在279字以内。,Model9,0.9360,1379.05,9.4110
将这段技术说明概括为不超过120字的摘要。 要求包含5个要点，控制在279字以内。,Model10,0.9403,1389.99,11.6715
把下面句子翻译成简洁、正式的英文：模型价格变化后，路由策略应自动调整。 要求包含2个要点，控制在296字以内。,Model1,0.7493,748.20,1.8570
把下面句子翻译成简洁、正式的英文：模型价格变化后，路由策略应自动调整。 要求包含2个要点，控制在296字以内。,Model2,0.8724,749.18,2.2609
把下面句子翻译成简洁、正式的英文：模型价格变化后，路由策略应自动调整。 要求包含2个要点，控制在296字以内。,Model3,0.7541,943.16,2.8327
把下面句子翻译成简洁、正式的英文：模型价格变化后，路由策略应自动调整。 要求包含2个要点，控制在296字以内。,Model4,0.7349,1030.77,3.7146
把下面句子翻译成简洁、正式的英文：模型价格变化后，路由策略应自动调整。 要求包含2个要点，控制在296字以内。,Model5,0.8494,1095.78,4.4538
把下面句子翻译成简洁、正式的英文：模型价格变化后，路由策略应自动调整。 要求包含2个要点，控制在296字以内。,Model6,0.7851,1134.34,5.7113
把下面句子翻译成简洁、正式的英文：模型价格变化后，路由策略应自动调整。 要求包含2个要点，控制在296字以内。,Model7,0.8175,1249.11,7.1833
把下面句子翻译成简洁、正式的英文：模型价格变化后，路由策略应自动调整。 要求包含2个要点，控制在296字以内。,Model8,0.8851,1472.85,8.3014
把下面句子翻译成简洁、正式的英文：模型价格变化后，路由策略应自动调整。 要求包含2个要点，控制在296字以内。,Model9,0.8952,1531.67,10.6590
把下面句子翻译成简洁、正式的英文：模型价格变化后，路由策略应自动调整。 要求包含2个要点，控制在296字以内。,Model10,0.9102,1556.90,14.0716
把以下内容整理为 key-value：客户=远航制造；问题=接口超时；优先级=高。 要求包含3个要点，控制在93字以内。,Model1,0.8103,825.63,1.7020
把以下内容整理为 key-value：客户=远航制造；问题=接口超时；优先级=高。 要求包含3个要点，控制在93字以内。,Model2,0.7329,971.84,2.0909
把以下内容整理为 key-value：客户=远航制造；问题=接口超时；优先级=高。 要求包含3个要点，控制在93字以内。,Model3,0.8086,974.87,2.6922
把以下内容整理为 key-value：客户=远航制造；问题=接口超时；优先级=高。 要求包含3个要点，控制在93字以内。,Model4,0.6891,1020.69,3.2137
把以下内容整理为 key-value：客户=远航制造；问题=接口超时；优先级=高。 要求包含3个要点，控制在93字以内。,Model5,0.7848,1138.88,3.9316
把以下内容整理为 key-value：客户=远航制造；问题=接口超时；优先级=高。 要求包含3个要点，控制在93字以内。,Model6,0.7819,1337.31,5.0855
把以下内容整理为 key-value：客户=远航制造；问题=接口超时；优先级=高。 要求包含3个要点，控制在93字以内。,Model7,0.7738,1562.54,6.4253
把以下内容整理为 key-value：客户=远航制造；问题=接口超时；优先级=高。 要求包含3个要点，控制在93字以内。,Model8,0.8295,1470.70,7.6448
把以下内容整理为 key-value：客户=远航制造；问题=接口超时；优先级=高。 要求包含3个要点，控制在93字以内。,Model9,0.8509,1669.81,9.9840
把以下内容整理为 key-value：客户=远航制造；问题=接口超时；优先级=高。 要求包含3个要点，控制在93字以内。,Model10,0.8700,1940.62,11.9568
比较向量检索与缓存机制的主要区别，并给出适用条件。 要求包含4个要点，控制在110字以内。,Model1,0.8474,647.18,1.3211
比较向量检索与缓存机制的主要区别，并给出适用条件。 要求包含4个要点，控制在110字以内。,Model2,0.8662,766.41,1.6102
比较向量检索与缓存机制的主要区别，并给出适用条件。 要求包含4个要点，控制在110字以内。,Model3,0.8485,844.86,2.1150
比较向量检索与缓存机制的主要区别，并给出适用条件。 要求包含4个要点，控制在110字以内。,Model4,0.8779,850.59,2.5429
比较向量检索与缓存机制的主要区别，并给出适用条件。 要求包含4个要点，控制在110字以内。,Model5,0.8986,1004.21,3.2227
比较向量检索与缓存机制的主要区别，并给出适用条件。 要求包含4个要点，控制在110字以内。,Model6,0.8950,924.92,3.9378
比较向量检索与缓存机制的主要区别，并给出适用条件。 要求包含4个要点，控制在110字以内。,Model7,0.9071,1045.96,4.9777
比较向量检索与缓存机制的主要区别，并给出适用条件。 要求包含4个要点，控制在110字以内。,Model8,0.9199,1216.46,5.9891
比较向量检索与缓存机制的主要区别，并给出适用条件。 要求包含4个要点，控制在110字以内。,Model9,0.9281,1331.22,7.7376
比较向量检索与缓存机制的主要区别，并给出适用条件。 要求包含4个要点，控制在110字以内。,Model10,0.9336,1565.26,9.4857
"已知一组数据为 5,59,104,7，计算平均值并说明步骤。 要求包含5个要点，控制在127字以内。",Model1,0.5100,799.51,1.5612
"已知一组数据为 5,59,104,7，计算平均值并说明步骤。 要求包含5个要点，控制在127字以内。",Model2,0.5549,947.85,1.9488
"已知一组数据为 5,59,104,7，计算平均值并说明步骤。 要求包含5个要点，控制在127字以内。",Model3,0.6128,920.18,2.4427
"已知一组数据为 5,59,104,7，计算平均值并说明步骤。 要求包含5个要点，控制在127字以内。",Model4,0.8321,1090.05,2.9974
"已知一组数据为 5,59,104,7，计算平均值并说明步骤。 要求包含5个要点，控制在127字以内。",Model5,0.7778,1201.98,3.4823
"已知一组数据为 5,59,104,7，计算平均值并说明步骤。 要求包含5个要点，控制在127字以内。",Model6,0.8108,1286.81,4.6715
"已知一组数据为 5,59,104,7，计算平均值并说明步骤。 要求包含5个要点，控制在127字以内。",Model7,0.8684,1422.83,5.9056
"已知一组数据为 5,59,104,7，计算平均值并说明步骤。 要求包含5个要点，控制在127字以内。",Model8,0.8316,1545.96,7.3706
"已知一组数据为 5,59,104,7，计算平均值并说明步骤。 要求包含5个要点，控制在127字以内。",Model9,0.8660,1588.29,9.1178
"已知一组数据为 5,59,104,7，计算平均值并说明步骤。 要求包含5个要点，控制在127字以内。",Model10,0.8895,1885.94,11.6830
用 Python 编写函数，将列表中的重复元素去除并保持原顺序。 要求包含2个要点，控制在144字以内。,Model1,0.6837,593.89,1.3094
用 Python 编写函数，将列表中的重复元素去除并保持原顺序。 要求包含2个要点，控制在144字以内。,Model2,0.6946,660.27,1.6047
用 Python 编写函数，将列表中的重复元素去除并保持原顺序。 要求包含2个要点，控制在144字以内。,Model3,0.9085,712.31,2.0725
用 Python 编写函数，将列表中的重复元素去除并保持原顺序。 要求包含2个要点，控制在144字以内。,Model4,0.8509,815.78,2.4526
用 Python 编写函数，将列表中的重复元素去除并保持原顺序。 要求包含2个要点，控制在144字以内。,Model5,0.8596,861.23,3.0555
用 Python 编写函数，将列表中的重复元素去除并保持原顺序。 要求包含2个要点，控制在144字以内。,Model6,0.9279,963.03,3.7691
用 Python 编写函数，将列表中的重复元素去除并保持原顺序。 要求包含2个要点，控制在144字以内。,Model7,0.9132,1110.23,4.7857
用 Python 编写函数，将列表中的重复元素去除并保持原顺序。 要求包含2个要点，控制在144字以内。,Model8,0.8932,1225.24,5.7116
用 Python 编写函数，将列表中的重复元素去除并保持原顺序。 要求包含2个要点，控制在144字以内。,Model9,0.9284,1238.52,7.5836
用 Python 编写函数，将列表中的重复元素去除并保持原顺序。 要求包含2个要点，控制在144字以内。,Model10,0.9387,1447.47,9.4143
将这段技术说明概括为不超过120字的摘要。 要求包含3个要点，控制在161字以内。,Model1,0.8777,760.12,1.6332
将这段技术说明概括为不超过120字的摘要。 要求包含3个要点，控制在161字以内。,Model2,0.8336,853.88,2.0444
将这段技术说明概括为不超过120字的摘要。 要求包含3个要点，控制在161字以内。,Model3,0.8043,749.69,2.6435
将这段技术说明概括为不超过120字的摘要。 要求包含3个要点，控制在161字以内。,Model4,0.7958,981.49,3.3074
将这段技术说明概括为不超过120字的摘要。 要求包含3个要点，控制在161字以内。,Model5,0.8838,1069.72,3.7946
将这段技术说明概括为不超过120字的摘要。 要求包含3个要点，控制在161字以内。,Model6,0.8286,967.79,4.7266
将这段技术说明概括为不超过120字的摘要。 要求包含3个要点，控制在161字以内。,Model7,0.8583,1118.95,6.2824
将这段技术说明概括为不超过120字的摘要。 要求包含3个要点，控制在161字以内。,Model8,0.9092,1346.49,7.2704
将这段技术说明概括为不超过120字的摘要。 要求包含3个要点，控制在161字以内。,Model9,0.9208,1477.84,9.4850
将这段技术说明概括为不超过120字的摘要。 要求包含3个要点，控制在161字以内。,Model10,0.9242,1574.10,11.6820
将下面中文翻译成英文：系统应先满足质量阈值，再选择成本最低的模型。 要求包含4个要点，控制在178字以内。,Model1,0.7092,774.29,1.9808
将下面中文翻译成英文：系统应先满足质量阈值，再选择成本最低的模型。 要求包含4个要点，控制在178字以内。,Model2,0.8393,837.34,2.3110
将下面中文翻译成英文：系统应先满足质量阈值，再选择成本最低的模型。 要求包含4个要点，控制在178字以内。,Model3,0.7012,944.44,3.0599
将下面中文翻译成英文：系统应先满足质量阈值，再选择成本最低的模型。 要求包含4个要点，控制在178字以内。,Model4,0.6760,1079.54,3.8689
将下面中文翻译成英文：系统应先满足质量阈值，再选择成本最低的模型。 要求包含4个要点，控制在178字以内。,Model5,0.8255,1159.61,4.3367
将下面中文翻译成英文：系统应先满足质量阈值，再选择成本最低的模型。 要求包含4个要点，控制在178字以内。,Model6,0.7327,1188.89,5.6174
将下面中文翻译成英文：系统应先满足质量阈值，再选择成本最低的模型。 要求包含4个要点，控制在178字以内。,Model7,0.7714,1529.14,7.1101
将下面中文翻译成英文：系统应先满足质量阈值，再选择成本最低的模型。 要求包含4个要点，控制在178字以内。,Model8,0.8604,1445.49,8.8798
将下面中文翻译成英文：系统应先满足质量阈值，再选择成本最低的模型。 要求包含4个要点，控制在178字以内。,Model9,0.8724,1629.34,11.6450
将下面中文翻译成英文：系统应先满足质量阈值，再选择成本最低的模型。 要求包含4个要点，控制在178字以内。,Model10,0.8903,1872.29,14.6796
把以下内容整理为 key-value：客户=远航制造；问题=接口超时；优先级=高。 要求包含5个要点，控制在195字以内。,Model1,0.9116,611.92,1.3396
把以下内容整理为 key-value：客户=远航制造；问题=接口超时；优先级=高。 要求包含5个要点，控制在195字以内。,Model2,0.8692,665.73,1.6265
把以下内容整理为 key-value：客户=远航制造；问题=接口超时；优先级=高。 要求包含5个要点，控制在195字以内。,Model3,0.9083,787.66,2.1051
把以下内容整理为 key-value：客户=远航制造；问题=接口超时；优先级=高。 要求包含5个要点，控制在195字以内。,Model4,0.8407,809.73,2.6735
把以下内容整理为 key-value：客户=远航制造；问题=接口超时；优先级=高。 要求包含5个要点，控制在195字以内。,Model5,0.9000,924.97,3.2276
把以下内容整理为 key-value：客户=远航制造；问题=接口超时；优先级=高。 要求包含5个要点，控制在195字以内。,Model6,0.8948,894.67,3.8051
把以下内容整理为 key-value：客户=远航制造；问题=接口超时；优先级=高。 要求包含5个要点，控制在195字以内。,Model7,0.8926,1114.56,4.7949
把以下内容整理为 key-value：客户=远航制造；问题=接口超时；优先级=高。 要求包含5个要点，控制在195字以内。,Model8,0.9193,1177.30,6.0384
把以下内容整理为 key-value：客户=远航制造；问题=接口超时；优先级=高。 要求包含5个要点，控制在195字以内。,Model9,0.9338,1218.21,8.0710
把以下内容整理为 key-value：客户=远航制造；问题=接口超时；优先级=高。 要求包含5个要点，控制在195字以内。,Model10,0.9408,1399.91,9.3802
请解释成本控制的核心原理，并给出两个应用场景。 要求包含2个要点，控制在212字以内。,Model1,0.8052,783.39,1.4290
请解释成本控制的核心原理，并给出两个应用场景。 要求包含2个要点，控制在212字以内。,Model2,0.8302,868.09,1.8051
请解释成本控制的核心原理，并给出两个应用场景。 要求包含2个要点，控制在212字以内。,Model3,0.8124,815.84,2.2332
请解释成本控制的核心原理，并给出两个应用场景。 要求包含2个要点，控制在212字以内。,Model4,0.8415,984.28,2.7043
请解释成本控制的核心原理，并给出两个应用场景。 要求包含2个要点，控制在212字以内。,Model5,0.8731,1087.45,3.3397
请解释成本控制的核心原理，并给出两个应用场景。 要求包含2个要点，控制在212字以内。,Model6,0.8681,1025.55,4.0305
请解释成本控制的核心原理，并给出两个应用场景。 要求包含2个要点，控制在212字以内。,Model7,0.8881,1182.89,5.1553
请解释成本控制的核心原理，并给出两个应用场景。 要求包含2个要点，控制在212字以内。,Model8,0.9036,1320.93,6.8045
请解释成本控制的核心原理，并给出两个应用场景。 要求包含2个要点，控制在212字以内。,Model9,0.9109,1435.78,8.1426
请解释成本控制的核心原理，并给出两个应用场景。 要求包含2个要点，控制在212字以内。,Model10,0.9164,1594.85,10.6156
一个项目成功概率为0.8，连续两次至少成功一次的概率是多少？ 要求包含3个要点，控制在229字以内。,Model1,0.4449,751.07,1.7552
一个项目成功概率为0.8，连续两次至少成功一次的概率是多少？ 要求包含3个要点，控制在229字以内。,Model2,0.4974,873.61,2.1187
一个项目成功概率为0.8，连续两次至少成功一次的概率是多少？ 要求包含3个要点，控制在229字以内。,Model3,0.5386,1018.00,2.7237
一个项目成功概率为0.8，连续两次至少成功一次的概率是多少？ 要求包含3个要点，控制在229字以内。,Model4,0.8000,1106.89,3.2071
一个项目成功概率为0.8，连续两次至少成功一次的概率是多少？ 要求包含3个要点，控制在229字以内。,Model5,0.7357,1315.20,4.1558
一个项目成功概率为0.8，连续两次至少成功一次的概率是多少？ 要求包含3个要点，控制在229字以内。,Model6,0.7704,1404.03,5.0891
一个项目成功概率为0.8，连续两次至少成功一次的概率是多少？ 要求包含3个要点，控制在229字以内。,Model7,0.8332,1448.20,6.4746
一个项目成功概率为0.8，连续两次至少成功一次的概率是多少？ 要求包含3个要点，控制在229字以内。,Model8,0.7993,1605.80,7.6333
一个项目成功概率为0.8，连续两次至少成功一次的概率是多少？ 要求包含3个要点，控制在229字以内。,Model9,0.8358,1825.54,9.9713
一个项目成功概率为0.8，连续两次至少成功一次的概率是多少？ 要求包含3个要点，控制在229字以内。,Model10,0.8677,2151.38,12.5692
用 Python 编写函数，将列表中的重复元素去除并保持原顺序。 要求包含4个要点，控制在246字以内。,Model1,0.6177,743.87,1.4240
用 Python 编写函数，将列表中的重复元素去除并保持原顺序。 要求包含4个要点，控制在246字以内。,Model2,0.6464,700.63,1.6779
用 Python 编写函数，将列表中的重复元素去除并保持原顺序。 要求包含4个要点，控制在246字以内。,Model3,0.8890,746.26,2.2629
用 Python 编写函数，将列表中的重复元素去除并保持原顺序。 要求包含4个要点，控制在246字以内。,Model4,0.8159,878.23,2.7789
用 Python 编写函数，将列表中的重复元素去除并保持原顺序。 要求包含4个要点，控制在246字以内。,Model5,0.8263,925.98,3.2948
用 Python 编写函数，将列表中的重复元素去除并保持原顺序。 要求包含4个要点，控制在246字以内。,Model6,0.8994,1040.19,3.9640
用 Python 编写函数，将列表中的重复元素去除并保持原顺序。 要求包含4个要点，控制在246字以内。,Model7,0.8961,1110.25,5.3464
用 Python 编写函数，将列表中的重复元素去除并保持原顺序。 要求包含4个要点，控制在246字以内。,Model8,0.8706,1274.59,6.4094
用 Python 编写函数，将列表中的重复元素去除并保持原顺序。 要求包含4个要点，控制在246字以内。,Model9,0.9048,1356.06,8.3076
用 Python 编写函数，将列表中的重复元素去除并保持原顺序。 要求包含4个要点，控制在246字以内。,Model10,0.9236,1554.20,10.1960
请把下面材料压缩成三点摘要：企业上线多模型后，需要在质量、成本和延迟之间进行路由选择。 要求包含5个要点，控制在263字以内。,Model1,0.8551,769.75,1.8749
请把下面材料压缩成三点摘要：企业上线多模型后，需要在质量、成本和延迟之间进行路由选择。 要求包含5个要点，控制在263字以内。,Model2,0.7912,891.21,2.4533
请把下面材料压缩成三点摘要：企业上线多模型后，需要在质量、成本和延迟之间进行路由选择。 要求包含5个要点，控制在263字以内。,Model3,0.7715,851.80,3.1394
请把下面材料压缩成三点摘要：企业上线多模型后，需要在质量、成本和延迟之间进行路由选择。 要求包含5个要点，控制在263字以内。,Model4,0.7416,981.42,3.7385
请把下面材料压缩成三点摘要：企业上线多模型后，需要在质量、成本和延迟之间进行路由选择。 要求包含5个要点，控制在263字以内。,Model5,0.8559,1170.56,4.6393
请把下面材料压缩成三点摘要：企业上线多模型后，需要在质量、成本和延迟之间进行路由选择。 要求包含5个要点，控制在263字以内。,Model6,0.7889,1186.14,5.5967
请把下面材料压缩成三点摘要：企业上线多模型后，需要在质量、成本和延迟之间进行路由选择。 要求包含5个要点，控制在263字以内。,Model7,0.8284,1249.46,7.5548
请把下面材料压缩成三点摘要：企业上线多模型后，需要在质量、成本和延迟之间进行路由选择。 要求包含5个要点，控制在263字以内。,Model8,0.8837,1368.21,9.1813
请把下面材料压缩成三点摘要：企业上线多模型后，需要在质量、成本和延迟之间进行路由选择。 要求包含5个要点，控制在263字以内。,Model9,0.8955,1492.20,11.1805
请把下面材料压缩成三点摘要：企业上线多模型后，需要在质量、成本和延迟之间进行路由选择。 要求包含5个要点，控制在263字以内。,Model10,0.9048,1486.39,15.1366
把下面句子翻译成简洁、正式的英文：模型价格变化后，路由策略应自动调整。 要求包含2个要点，控制在280字以内。,Model1,0.8510,556.03,1.5729
把下面句子翻译成简洁、正式的英文：模型价格变化后，路由策略应自动调整。 要求包含2个要点，控制在280字以内。,Model2,0.9278,640.88,1.9011
把下面句子翻译成简洁、正式的英文：模型价格变化后，路由策略应自动调整。 要求包含2个要点，控制在280字以内。,Model3,0.8543,677.06,2.4498
把下面句子翻译成简洁、正式的英文：模型价格变化后，路由策略应自动调整。 要求包含2个要点，控制在280字以内。,Model4,0.8281,831.31,3.1653
把下面句子翻译成简洁、正式的英文：模型价格变化后，路由策略应自动调整。 要求包含2个要点，控制在280字以内。,Model5,0.9179,828.30,3.4918
把下面句子翻译成简洁、正式的英文：模型价格变化后，路由策略应自动调整。 要求包含2个要点，控制在280字以内。,Model6,0.8716,923.98,4.6738
把下面句子翻译成简洁、正式的英文：模型价格变化后，路由策略应自动调整。 要求包含2个要点，控制在280字以内。,Model7,0.8945,897.80,5.7137
把下面句子翻译成简洁、正式的英文：模型价格变化后，路由策略应自动调整。 要求包含2个要点，控制在280字以内。,Model8,0.9361,1098.63,7.3692
把下面句子翻译成简洁、正式的英文：模型价格变化后，路由策略应自动调整。 要求包含2个要点，控制在280字以内。,Model9,0.9411,1203.69,9.3194
把下面句子翻译成简洁、正式的英文：模型价格变化后，路由策略应自动调整。 要求包含2个要点，控制在280字以内。,Model10,0.9455,1317.72,11.3430
把以下内容整理为 key-value：客户=远航制造；问题=接口超时；优先级=高。 要求包含3个要点，控制在297字以内。,Model1,0.8924,746.89,1.5206
把以下内容整理为 key-value：客户=远航制造；问题=接口超时；优先级=高。 要求包含3个要点，控制在297字以内。,Model2,0.8322,721.00,1.7713
把以下内容整理为 key-value：客户=远航制造；问题=接口超时；优先级=高。 要求包含3个要点，控制在297字以内。,Model3,0.8831,804.60,2.2999
把以下内容整理为 key-value：客户=远航制造；问题=接口超时；优先级=高。 要求包含3个要点，控制在297字以内。,Model4,0.8152,947.43,2.6981
把以下内容整理为 key-value：客户=远航制造；问题=接口超时；优先级=高。 要求包含3个要点，控制在297字以内。,Model5,0.8671,942.43,3.3364
把以下内容整理为 key-value：客户=远航制造；问题=接口超时；优先级=高。 要求包含3个要点，控制在297字以内。,Model6,0.8705,1093.34,4.2838
把以下内容整理为 key-value：客户=远航制造；问题=接口超时；优先级=高。 要求包含3个要点，控制在297字以内。,Model7,0.8662,1211.84,5.3467
把以下内容整理为 key-value：客户=远航制造；问题=接口超时；优先级=高。 要求包含3个要点，控制在297字以内。,Model8,0.9028,1245.06,6.5496
把以下内容整理为 key-value：客户=远航制造；问题=接口超时；优先级=高。 要求包含3个要点，控制在297字以内。,Model9,0.9186,1316.89,8.2810
把以下内容整理为 key-value：客户=远航制造；问题=接口超时；优先级=高。 要求包含3个要点，控制在297字以内。,Model10,0.9234,1678.88,10.4971
比较大模型路由与编译优化的主要区别，并给出适用条件。 要求包含4个要点，控制在94字以内。,Model1,0.7739,781.09,1.5655
比较大模型路由与编译优化的主要区别，并给出适用条件。 要求包含4个要点，控制在94字以内。,Model2,0.7871,924.11,1.8452
比较大模型路由与编译优化的主要区别，并给出适用条件。 要求包含4个要点，控制在94字以内。,Model3,0.7701,847.67,2.3846
比较大模型路由与编译优化的主要区别，并给出适用条件。 要求包含4个要点，控制在94字以内。,Model4,0.8114,1029.67,3.0047
比较大模型路由与编译优化的主要区别，并给出适用条件。 要求包含4个要点，控制在94字以内。,Model5,0.8498,1085.33,3.6343
比较大模型路由与编译优化的主要区别，并给出适用条件。 要求包含4个要点，控制在94字以内。,Model6,0.8364,1160.67,4.6329
比较大模型路由与编译优化的主要区别，并给出适用条件。 要求包含4个要点，控制在94字以内。,Model7,0.8579,1271.13,5.9437
比较大模型路由与编译优化的主要区别，并给出适用条件。 要求包含4个要点，控制在94字以内。,Model8,0.8721,1410.96,7.1699
比较大模型路由与编译优化的主要区别，并给出适用条件。 要求包含4个要点，控制在94字以内。,Model9,0.8887,1590.85,9.0598
比较大模型路由与编译优化的主要区别，并给出适用条件。 要求包含4个要点，控制在94字以内。,Model10,0.8925,1710.58,11.1717
一个项目成功概率为0.7，连续两次至少成功一次的概率是多少？ 要求包含5个要点，控制在111字以内。,Model1,0.6518,668.24,1.3370
一个项目成功概率为0.7，连续两次至少成功一次的概率是多少？ 要求包含5个要点，控制在111字以内。,Model2,0.7005,669.35,1.6789
一个项目成功概率为0.7，连续两次至少成功一次的概率是多少？ 要求包含5个要点，控制在111字以内。,Model3,0.7454,767.46,2.0237
一个项目成功概率为0.7，连续两次至少成功一次的概率是多少？ 要求包含5个要点，控制在111字以内。,Model4,0.9012,826.96,2.6009
一个项目成功概率为0.7，连续两次至少成功一次的概率是多少？ 要求包含5个要点，控制在111字以内。,Model5,0.8674,971.86,2.9947
一个项目成功概率为0.7，连续两次至少成功一次的概率是多少？ 要求包含5个要点，控制在111字以内。,Model6,0.8902,969.92,3.8526
一个项目成功概率为0.7，连续两次至少成功一次的概率是多少？ 要求包含5个要点，控制在111字以内。,Model7,0.9232,1048.52,4.8595
一个项目成功概率为0.7，连续两次至少成功一次的概率是多少？ 要求包含5个要点，控制在111字以内。,Model8,0.9087,1181.42,6.0406
一个项目成功概率为0.7，连续两次至少成功一次的概率是多少？ 要求包含5个要点，控制在111字以内。,Model9,0.9237,1399.87,7.8081
一个项目成功概率为0.7，连续两次至少成功一次的概率是多少？ 要求包含5个要点，控制在111字以内。,Model10,0.9334,1492.29,9.3040
分析下面 SQL 的性能问题并给出索引建议：SELECT * FROM orders WHERE user_id=8 ORDER BY created_at DESC; 要求包含2个要点，控制在128字以内。,Model1,0.5503,708.88,1.6579
分析下面 SQL 的性能问题并给出索引建议：SELECT * FROM orders WHERE user_id=8 ORDER BY created_at DESC; 要求包含2个要点，控制在128字以内。,Model2,0.5883,831.65,2.0449
分析下面 SQL 的性能问题并给出索引建议：SELECT * FROM orders WHERE user_id=8 ORDER BY created_at DESC; 要求包含2个要点，控制在128字以内。,Model3,0.8586,866.61,2.5845
分析下面 SQL 的性能问题并给出索引建议：SELECT * FROM orders WHERE user_id=8 ORDER BY created_at DESC; 要求包含2个要点，控制在128字以内。,Model4,0.7736,936.33,3.2864
分析下面 SQL 的性能问题并给出索引建议：SELECT * FROM orders WHERE user_id=8 ORDER BY created_at DESC; 要求包含2个要点，控制在128字以内。,Model5,0.7933,1012.96,3.8479
分析下面 SQL 的性能问题并给出索引建议：SELECT * FROM orders WHERE user_id=8 ORDER BY created_at DESC; 要求包含2个要点，控制在128字以内。,Model6,0.8818,1290.37,4.6788
分析下面 SQL 的性能问题并给出索引建议：SELECT * FROM orders WHERE user_id=8 ORDER BY created_at DESC; 要求包含2个要点，控制在128字以内。,Model7,0.8662,1181.83,6.2762
分析下面 SQL 的性能问题并给出索引建议：SELECT * FROM orders WHERE user_id=8 ORDER BY created_at DESC; 要求包含2个要点，控制在128字以内。,Model8,0.8345,1395.84,7.5826
分析下面 SQL 的性能问题并给出索引建议：SELECT * FROM orders WHERE user_id=8 ORDER BY created_at DESC; 要求包含2个要点，控制在128字以内。,Model9,0.8830,1532.48,9.5859
分析下面 SQL 的性能问题并给出索引建议：SELECT * FROM orders WHERE user_id=8 ORDER BY created_at DESC; 要求包含2个要点，控制在128字以内。,Model10,0.9058,1655.33,12.2684
请把下面材料压缩成三点摘要：企业上线多模型后，需要在质量、成本和延迟之间进行路由选择。 要求包含3个要点，控制在145字以内。,Model1,0.8151,828.81,2.1299
请把下面材料压缩成三点摘要：企业上线多模型后，需要在质量、成本和延迟之间进行路由选择。 要求包含3个要点，控制在145字以内。,Model2,0.7557,896.45,2.5327
请把下面材料压缩成三点摘要：企业上线多模型后，需要在质量、成本和延迟之间进行路由选择。 要求包含3个要点，控制在145字以内。,Model3,0.7134,1005.95,3.3324
请把下面材料压缩成三点摘要：企业上线多模型后，需要在质量、成本和延迟之间进行路由选择。 要求包含3个要点，控制在145字以内。,Model4,0.6923,1192.76,4.0410
请把下面材料压缩成三点摘要：企业上线多模型后，需要在质量、成本和延迟之间进行路由选择。 要求包含3个要点，控制在145字以内。,Model5,0.8163,1161.56,4.9223
请把下面材料压缩成三点摘要：企业上线多模型后，需要在质量、成本和延迟之间进行路由选择。 要求包含3个要点，控制在145字以内。,Model6,0.7494,1274.46,6.2016
请把下面材料压缩成三点摘要：企业上线多模型后，需要在质量、成本和延迟之间进行路由选择。 要求包含3个要点，控制在145字以内。,Model7,0.7926,1379.38,8.2127
请把下面材料压缩成三点摘要：企业上线多模型后，需要在质量、成本和延迟之间进行路由选择。 要求包含3个要点，控制在145字以内。,Model8,0.8591,1552.59,9.3632
请把下面材料压缩成三点摘要：企业上线多模型后，需要在质量、成本和延迟之间进行路由选择。 要求包含3个要点，控制在145字以内。,Model9,0.8737,1641.11,11.9423
请把下面材料压缩成三点摘要：企业上线多模型后，需要在质量、成本和延迟之间进行路由选择。 要求包含3个要点，控制在145字以内。,Model10,0.8821,1981.19,15.3167
"Translate into Chinese: The router predicts quality, cost and latency for every candidate model. 要求包含4个要点，控制在162字以内。",Model1,0.8187,628.72,1.7130
"Translate into Chinese: The router predicts quality, cost and latency for every candidate model. 要求包含4个要点，控制在162字以内。",Model2,0.9090,654.43,2.0731
"Translate into Chinese: The router predicts quality, cost and latency for every candidate model. 要求包含4个要点，控制在162字以内。",Model3,0.8178,798.25,2.5862
"Translate into Chinese: The router predicts quality, cost and latency for every candidate model. 要求包含4个要点，控制在162字以内。",Model4,0.7922,864.32,3.2071
"Translate into Chinese: The router predicts quality, cost and latency for every candidate model. 要求包含4个要点，控制在162字以内。",Model5,0.8986,946.31,3.9249
"Translate into Chinese: The router predicts quality, cost and latency for every candidate model. 要求包含4个要点，控制在162字以内。",Model6,0.8406,923.40,4.7013
"Translate into Chinese: The router predicts quality, cost and latency for every candidate model. 要求包含4个要点，控制在162字以内。",Model7,0.8666,972.85,6.0533
"Translate into Chinese: The router predicts quality, cost and latency for every candidate model. 要求包含4个要点，控制在162字以内。",Model8,0.9225,1315.53,7.1685
"Translate into Chinese: The router predicts quality, cost and latency for every candidate model. 要求包含4个要点，控制在162字以内。",Model9,0.9280,1280.47,9.9685
"Translate into Chinese: The router predicts quality, cost and latency for every candidate model. 要求包含4个要点，控制在162字以内。",Model10,0.9323,1530.51,11.8055
从订单描述中抽取订单号、金额、日期，并按 JSON 返回：订单A6，金额18元，日期2026-09-18。 要求包含5个要点，控制在179字以内。,Model1,0.8644,826.96,1.6770
从订单描述中抽取订单号、金额、日期，并按 JSON 返回：订单A6，金额18元，日期2026-09-18。 要求包含5个要点，控制在179字以内。,Model2,0.7887,823.62,1.9520
从订单描述中抽取订单号、金额、日期，并按 JSON 返回：订单A6，金额18元，日期2026-09-18。 要求包含5个要点，控制在179字以内。,Model3,0.8606,893.82,2.6171
从订单描述中抽取订单号、金额、日期，并按 JSON 返回：订单A6，金额18元，日期2026-09-18。 要求包含5个要点，控制在179字以内。,Model4,0.7707,958.02,3.1572
从订单描述中抽取订单号、金额、日期，并按 JSON 返回：订单A6，金额18元，日期2026-09-18。 要求包含5个要点，控制在179字以内。,Model5,0.8476,1046.35,3.9316
从订单描述中抽取订单号、金额、日期，并按 JSON 返回：订单A6，金额18元，日期2026-09-18。 要求包含5个要点，控制在179字以内。,Model6,0.8417,1175.71,4.6349
从订单描述中抽取订单号、金额、日期，并按 JSON 返回：订单A6，金额18元，日期2026-09-18。 要求包含5个要点，控制在179字以内。,Model7,0.8384,1274.71,6.0369
从订单描述中抽取订单号、金额、日期，并按 JSON 返回：订单A6，金额18元，日期2026-09-18。 要求包含5个要点，控制在179字以内。,Model8,0.8732,1429.18,7.3086
从订单描述中抽取订单号、金额、日期，并按 JSON 返回：订单A6，金额18元，日期2026-09-18。 要求包含5个要点，控制在179字以内。,Model9,0.8995,1600.23,9.3727
从订单描述中抽取订单号、金额、日期，并按 JSON 返回：订单A6，金额18元，日期2026-09-18。 要求包含5个要点，控制在179字以内。,Model10,0.9048,1708.31,12.2404
比较成本控制与请求调度的主要区别，并给出适用条件。 要求包含2个要点，控制在196字以内。,Model1,0.7185,818.69,1.6615
比较成本控制与请求调度的主要区别，并给出适用条件。 要求包含2个要点，控制在196字以内。,Model2,0.7441,946.22,2.0280
比较成本控制与请求调度的主要区别，并给出适用条件。 要求包含2个要点，控制在196字以内。,Model3,0.7275,1045.75,2.6366
比较成本控制与请求调度的主要区别，并给出适用条件。 要求包含2个要点，控制在196字以内。,Model4,0.7608,1169.13,3.1221
比较成本控制与请求调度的主要区别，并给出适用条件。 要求包含2个要点，控制在196字以内。,Model5,0.8129,1239.39,3.7673
比较成本控制与请求调度的主要区别，并给出适用条件。 要求包含2个要点，控制在196字以内。,Model6,0.8069,1369.67,4.9104
比较成本控制与请求调度的主要区别，并给出适用条件。 要求包含2个要点，控制在196字以内。,Model7,0.8276,1322.90,5.9240
比较成本控制与请求调度的主要区别，并给出适用条件。 要求包含2个要点，控制在196字以内。,Model8,0.8486,1644.92,7.5062
比较成本控制与请求调度的主要区别，并给出适用条件。 要求包含2个要点，控制在196字以内。,Model9,0.8649,1514.56,9.4746
比较成本控制与请求调度的主要区别，并给出适用条件。 要求包含2个要点，控制在196字以内。,Model10,0.8737,2027.43,11.6369
一个项目成功概率为0.3，连续两次至少成功一次的概率是多少？ 要求包含3个要点，控制在213字以内。,Model1,0.5933,701.31,1.4357
一个项目成功概率为0.3，连续两次至少成功一次的概率是多少？ 要求包含3个要点，控制在213字以内。,Model2,0.6380,811.26,1.6962
一个项目成功概率为0.3，连续两次至少成功一次的概率是多少？ 要求包含3个要点，控制在213字以内。,Model3,0.6967,830.17,2.2790
一个项目成功概率为0.3，连续两次至少成功一次的概率是多少？ 要求包含3个要点，控制在213字以内。,Model4,0.8762,1019.21,2.7274
一个项目成功概率为0.3，连续两次至少成功一次的概率是多少？ 要求包含3个要点，控制在213字以内。,Model5,0.8372,1063.27,3.4146
一个项目成功概率为0.3，连续两次至少成功一次的概率是多少？ 要求包含3个要点，控制在213字以内。,Model6,0.8579,1065.91,4.2167
一个项目成功概率为0.3，连续两次至少成功一次的概率是多少？ 要求包含3个要点，控制在213字以内。,Model7,0.9039,1131.38,5.5325
一个项目成功概率为0.3，连续两次至少成功一次的概率是多少？ 要求包含3个要点，控制在213字以内。,Model8,0.8833,1313.05,6.3322
一个项目成功概率为0.3，连续两次至少成功一次的概率是多少？ 要求包含3个要点，控制在213字以内。,Model9,0.9057,1355.07,8.6402
一个项目成功概率为0.3，连续两次至少成功一次的概率是多少？ 要求包含3个要点，控制在213字以内。,Model10,0.9201,1605.27,10.9851
分析下面 SQL 的性能问题并给出索引建议：SELECT * FROM orders WHERE user_id=3 ORDER BY created_at DESC; 要求包含4个要点，控制在230字以内。,Model1,0.5052,851.51,1.7588
分析下面 SQL 的性能问题并给出索引建议：SELECT * FROM orders WHERE user_id=3 ORDER BY created_at DESC; 要求包含4个要点，控制在230字以内。,Model2,0.5282,877.06,2.2563
分析下面 SQL 的性能问题并给出索引建议：SELECT * FROM orders WHERE user_id=3 ORDER BY created_at DESC; 要求包含4个要点，控制在230字以内。,Model3,0.8255,1018.74,2.7462
分析下面 SQL 的性能问题并给出索引建议：SELECT * FROM orders WHERE user_id=3 ORDER BY created_at DESC; 要求包含4个要点，控制在230字以内。,Model4,0.7273,1055.51,3.3931
分析下面 SQL 的性能问题并给出索引建议：SELECT * FROM orders WHERE user_id=3 ORDER BY created_at DESC; 要求包含4个要点，控制在230字以内。,Model5,0.7536,1210.12,4.0472
分析下面 SQL 的性能问题并给出索引建议：SELECT * FROM orders WHERE user_id=3 ORDER BY created_at DESC; 要求包含4个要点，控制在230字以内。,Model6,0.8532,1122.81,5.4058
分析下面 SQL 的性能问题并给出索引建议：SELECT * FROM orders WHERE user_id=3 ORDER BY created_at DESC; 要求包含4个要点，控制在230字以内。,Model7,0.8348,1353.80,6.5302
分析下面 SQL 的性能问题并给出索引建议：SELECT * FROM orders WHERE user_id=3 ORDER BY created_at DESC; 要求包含4个要点，控制在230字以内。,Model8,0.7999,1531.49,7.6760
分析下面 SQL 的性能问题并给出索引建议：SELECT * FROM orders WHERE user_id=3 ORDER BY created_at DESC; 要求包含4个要点，控制在230字以内。,Model9,0.8556,1797.26,10.3322
分析下面 SQL 的性能问题并给出索引建议：SELECT * FROM orders WHERE user_id=3 ORDER BY created_at DESC; 要求包含4个要点，控制在230字以内。,Model10,0.8809,2052.72,13.0730
将这段技术说明概括为不超过120字的摘要。 要求包含5个要点，控制在247字以内。,Model1,0.9128,564.62,1.4753
将这段技术说明概括为不超过120字的摘要。 要求包含5个要点，控制在247字以内。,Model2,0.8721,646.84,1.7929
将这段技术说明概括为不超过120字的摘要。 要求包含5个要点，控制在247字以内。,Model3,0.8525,704.40,2.3129
将这段技术说明概括为不超过120字的摘要。 要求包含5个要点，控制在247字以内。,Model4,0.8427,836.00,2.9268
将这段技术说明概括为不超过120字的摘要。 要求包含5个要点，控制在247字以内。,Model5,0.9134,843.77,3.4325
将这段技术说明概括为不超过120字的摘要。 要求包含5个要点，控制在247字以内。,Model6,0.8791,986.77,4.6136
将这段技术说明概括为不超过120字的摘要。 要求包含5个要点，控制在247字以内。,Model7,0.9023,969.69,5.5317
将这段技术说明概括为不超过120字的摘要。 要求包含5个要点，控制在247字以内。,Model8,0.9375,1209.51,7.0033
将这段技术说明概括为不超过120字的摘要。 要求包含5个要点，控制在247字以内。,Model9,0.9414,1127.07,8.7873
将这段技术说明概括为不超过120字的摘要。 要求包含5个要点，控制在247字以内。,Model10,0.9470,1413.79,10.6474
"Translate into Chinese: The router predicts quality, cost and latency for every candidate model. 要求包含2个要点，控制在264字以内。",Model1,0.7757,722.59,1.8633
"Translate into Chinese: The router predicts quality, cost and latency for every candidate model. 要求包含2个要点，控制在264字以内。",Model2,0.8845,827.15,2.1056
"Translate into Chinese: The router predicts quality, cost and latency for every candidate model. 要求包含2个要点，控制在264字以内。",Model3,0.7745,930.23,2.8418
"Translate into Chinese: The router predicts quality, cost and latency for every candidate model. 要求包含2个要点，控制在264字以内。",Model4,0.7484,908.34,3.3473
"Translate into Chinese: The router predicts quality, cost and latency for every candidate model. 要求包含2个要点，控制在264字以内。",Model5,0.8717,1009.18,3.9770
"Translate into Chinese: The router predicts quality, cost and latency for every candidate model. 要求包含2个要点，控制在264字以内。",Model6,0.8080,1065.48,5.3390
"Translate into Chinese: The router predicts quality, cost and latency for every candidate model. 要求包含2个要点，控制在264字以内。",Model7,0.8413,1244.96,6.7591
"Translate into Chinese: The router predicts quality, cost and latency for every candidate model. 要求包含2个要点，控制在264字以内。",Model8,0.9003,1360.94,8.0533
"Translate into Chinese: The router predicts quality, cost and latency for every candidate model. 要求包含2个要点，控制在264字以内。",Model9,0.9081,1432.39,10.1614
"Translate into Chinese: The router predicts quality, cost and latency for every candidate model. 要求包含2个要点，控制在264字以内。",Model10,0.9175,1593.93,13.3246
从订单描述中抽取订单号、金额、日期，并按 JSON 返回：订单A4，金额40元，日期2026-09-28。 要求包含3个要点，控制在281字以内。,Model1,0.8285,768.98,1.7934
从订单描述中抽取订单号、金额、日期，并按 JSON 返回：订单A4，金额40元，日期2026-09-28。 要求包含3个要点，控制在281字以内。,Model2,0.7544,794.68,2.0400
从订单描述中抽取订单号、金额、日期，并按 JSON 返回：订单A4，金额40元，日期2026-09-28。 要求包含3个要点，控制在281字以内。,Model3,0.8309,989.55,2.8459
从订单描述中抽取订单号、金额、日期，并按 JSON 返回：订单A4，金额40元，日期2026-09-28。 要求包含3个要点，控制在281字以内。,Model4,0.7232,1122.59,3.3688
从订单描述中抽取订单号、金额、日期，并按 JSON 返回：订单A4，金额40元，日期2026-09-28。 要求包含3个要点，控制在281字以内。,Model5,0.8083,1188.86,4.1743
从订单描述中抽取订单号、金额、日期，并按 JSON 返回：订单A4，金额40元，日期2026-09-28。 要求包含3个要点，控制在281字以内。,Model6,0.7956,1202.93,5.0856
从订单描述中抽取订单号、金额、日期，并按 JSON 返回：订单A4，金额40元，日期2026-09-28。 要求包含3个要点，控制在281字以内。,Model7,0.7987,1355.60,6.2901
从订单描述中抽取订单号、金额、日期，并按 JSON 返回：订单A4，金额40元，日期2026-09-28。 要求包含3个要点，控制在281字以内。,Model8,0.8428,1438.87,7.8847
从订单描述中抽取订单号、金额、日期，并按 JSON 返回：订单A4，金额40元，日期2026-09-28。 要求包含3个要点，控制在281字以内。,Model9,0.8739,1802.87,10.4842
从订单描述中抽取订单号、金额、日期，并按 JSON 返回：订单A4，金额40元，日期2026-09-28。 要求包含3个要点，控制在281字以内。,Model10,0.8860,1824.78,12.6478
为什么并行计算在实际系统中重要？请用通俗语言回答。 要求包含4个要点，控制在298字以内。,Model1,0.8668,586.43,1.2553
为什么并行计算在实际系统中重要？请用通俗语言回答。 要求包含4个要点，控制在298字以内。,Model2,0.8703,774.17,1.5513
为什么并行计算在实际系统中重要？请用通俗语言回答。 要求包含4个要点，控制在298字以内。,Model3,0.8682,809.30,1.9610
为什么并行计算在实际系统中重要？请用通俗语言回答。 要求包含4个要点，控制在298字以内。,Model4,0.8878,838.18,2.4391
为什么并行计算在实际系统中重要？请用通俗语言回答。 要求包含4个要点，控制在298字以内。,Model5,0.9127,887.28,2.8258
为什么并行计算在实际系统中重要？请用通俗语言回答。 要求包含4个要点，控制在298字以内。,Model6,0.9067,941.52,3.5780
为什么并行计算在实际系统中重要？请用通俗语言回答。 要求包含4个要点，控制在298字以内。,Model7,0.9218,1149.52,4.6814
为什么并行计算在实际系统中重要？请用通俗语言回答。 要求包含4个要点，控制在298字以内。,Model8,0.9297,1223.38,5.6429
为什么并行计算在实际系统中重要？请用通俗语言回答。 要求包含4个要点，控制在298字以内。,Model9,0.9359,1289.00,7.2948
为什么并行计算在实际系统中重要？请用通俗语言回答。 要求包含4个要点，控制在298字以内。,Model10,0.9442,1415.99,9.6962
"已知一组数据为 7,76,34,8，计算平均值并说明步骤。 要求包含5个要点，控制在95字以内。",Model1,0.5375,768.50,1.5096
"已知一组数据为 7,76,34,8，计算平均值并说明步骤。 要求包含5个要点，控制在95字以内。",Model2,0.5862,805.68,1.7991
"已知一组数据为 7,76,34,8，计算平均值并说明步骤。 要求包含5个要点，控制在95字以内。",Model3,0.6338,898.69,2.3630
"已知一组数据为 7,76,34,8，计算平均值并说明步骤。 要求包含5个要点，控制在95字以内。",Model4,0.8502,1065.07,2.9478
"已知一组数据为 7,76,34,8，计算平均值并说明步骤。 要求包含5个要点，控制在95字以内。",Model5,0.7967,958.13,3.3871
"已知一组数据为 7,76,34,8，计算平均值并说明步骤。 要求包含5个要点，控制在95字以内。",Model6,0.8306,1171.43,4.4066
"已知一组数据为 7,76,34,8，计算平均值并说明步骤。 要求包含5个要点，控制在95字以内。",Model7,0.8832,1300.73,5.6101
"已知一组数据为 7,76,34,8，计算平均值并说明步骤。 要求包含5个要点，控制在95字以内。",Model8,0.8525,1402.64,6.9723
"已知一组数据为 7,76,34,8，计算平均值并说明步骤。 要求包含5个要点，控制在95字以内。",Model9,0.8819,1666.32,8.5689
"已知一组数据为 7,76,34,8，计算平均值并说明步骤。 要求包含5个要点，控制在95字以内。",Model10,0.9015,1795.02,10.5547
分析下面 SQL 的性能问题并给出索引建议：SELECT * FROM orders WHERE user_id=8 ORDER BY created_at DESC; 要求包含2个要点，控制在112字以内。,Model1,0.4276,792.98,1.8737
分析下面 SQL 的性能问题并给出索引建议：SELECT * FROM orders WHERE user_id=8 ORDER BY created_at DESC; 要求包含2个要点，控制在112字以内。,Model2,0.4670,985.12,2.2146
分析下面 SQL 的性能问题并给出索引建议：SELECT * FROM orders WHERE user_id=8 ORDER BY created_at DESC; 要求包含2个要点，控制在112字以内。,Model3,0.7897,1058.48,2.9775
分析下面 SQL 的性能问题并给出索引建议：SELECT * FROM orders WHERE user_id=8 ORDER BY created_at DESC; 要求包含2个要点，控制在112字以内。,Model4,0.6734,1196.05,3.4274
分析下面 SQL 的性能问题并给出索引建议：SELECT * FROM orders WHERE user_id=8 ORDER BY created_at DESC; 要求包含2个要点，控制在112字以内。,Model5,0.7011,1377.58,4.3608
分析下面 SQL 的性能问题并给出索引建议：SELECT * FROM orders WHERE user_id=8 ORDER BY created_at DESC; 要求包含2个要点，控制在112字以内。,Model6,0.8208,1252.25,5.3389
分析下面 SQL 的性能问题并给出索引建议：SELECT * FROM orders WHERE user_id=8 ORDER BY created_at DESC; 要求包含2个要点，控制在112字以内。,Model7,0.7992,1312.87,6.7931
分析下面 SQL 的性能问题并给出索引建议：SELECT * FROM orders WHERE user_id=8 ORDER BY created_at DESC; 要求包含2个要点，控制在112字以内。,Model8,0.7656,1785.39,8.7037
分析下面 SQL 的性能问题并给出索引建议：SELECT * FROM orders WHERE user_id=8 ORDER BY created_at DESC; 要求包含2个要点，控制在112字以内。,Model9,0.8331,1781.12,10.5610
分析下面 SQL 的性能问题并给出索引建议：SELECT * FROM orders WHERE user_id=8 ORDER BY created_at DESC; 要求包含2个要点，控制在112字以内。,Model10,0.8500,2105.43,13.4935
请把下面材料压缩成三点摘要：企业上线多模型后，需要在质量、成本和延迟之间进行路由选择。 要求包含3个要点，控制在129字以内。,Model1,0.8951,673.36,1.8748
请把下面材料压缩成三点摘要：企业上线多模型后，需要在质量、成本和延迟之间进行路由选择。 要求包含3个要点，控制在129字以内。,Model2,0.8493,786.39,2.1696
请把下面材料压缩成三点摘要：企业上线多模型后，需要在质量、成本和延迟之间进行路由选择。 要求包含3个要点，控制在129字以内。,Model3,0.8238,816.82,2.8846
请把下面材料压缩成三点摘要：企业上线多模型后，需要在质量、成本和延迟之间进行路由选择。 要求包含3个要点，控制在129字以内。,Model4,0.8073,836.44,3.4748
请把下面材料压缩成三点摘要：企业上线多模型后，需要在质量、成本和延迟之间进行路由选择。 要求包含3个要点，控制在129字以内。,Model5,0.8925,930.24,4.3179
请把下面材料压缩成三点摘要：企业上线多模型后，需要在质量、成本和延迟之间进行路由选择。 要求包含3个要点，控制在129字以内。,Model6,0.8578,994.38,5.2582
请把下面材料压缩成三点摘要：企业上线多模型后，需要在质量、成本和延迟之间进行路由选择。 要求包含3个要点，控制在129字以内。,Model7,0.8793,1016.07,6.8669
请把下面材料压缩成三点摘要：企业上线多模型后，需要在质量、成本和延迟之间进行路由选择。 要求包含3个要点，控制在129字以内。,Model8,0.9173,1134.58,8.1195
请把下面材料压缩成三点摘要：企业上线多模型后，需要在质量、成本和延迟之间进行路由选择。 要求包含3个要点，控制在129字以内。,Model9,0.9288,1228.81,10.6185
请把下面材料压缩成三点摘要：企业上线多模型后，需要在质量、成本和延迟之间进行路由选择。 要求包含3个要点，控制在129字以内。,Model10,0.9351,1730.20,13.0471
把下面句子翻译成简洁、正式的英文：模型价格变化后，路由策略应自动调整。 要求包含4个要点，控制在146字以内。,Model1,0.7317,688.00,1.9283
把下面句子翻译成简洁、正式的英文：模型价格变化后，路由策略应自动调整。 要求包含4个要点，控制在146字以内。,Model2,0.8624,847.41,2.2857
把下面句子翻译成简洁、正式的英文：模型价格变化后，路由策略应自动调整。 要求包含4个要点，控制在146字以内。,Model3,0.7297,943.70,2.9808
把下面句子翻译成简洁、正式的英文：模型价格变化后，路由策略应自动调整。 要求包含4个要点，控制在146字以内。,Model4,0.7011,1084.22,3.8536
把下面句子翻译成简洁、正式的英文：模型价格变化后，路由策略应自动调整。 要求包含4个要点，控制在146字以内。,Model5,0.8390,1095.01,4.4501
把下面句子翻译成简洁、正式的英文：模型价格变化后，路由策略应自动调整。 要求包含4个要点，控制在146字以内。,Model6,0.7724,1169.79,5.6250
把下面句子翻译成简洁、正式的英文：模型价格变化后，路由策略应自动调整。 要求包含4个要点，控制在146字以内。,Model7,0.7917,1256.19,7.3196
把下面句子翻译成简洁、正式的英文：模型价格变化后，路由策略应自动调整。 要求包含4个要点，控制在146字以内。,Model8,0.8665,1538.64,8.6574
把下面句子翻译成简洁、正式的英文：模型价格变化后，路由策略应自动调整。 要求包含4个要点，控制在146字以内。,Model9,0.8875,1631.88,10.9615
把下面句子翻译成简洁、正式的英文：模型价格变化后，路由策略应自动调整。 要求包含4个要点，控制在146字以内。,Model10,0.8936,1685.95,13.4307
把以下内容整理为 key-value：客户=远航制造；问题=接口超时；优先级=高。 要求包含5个要点，控制在163字以内。,Model1,0.9228,572.09,1.2846
把以下内容整理为 key-value：客户=远航制造；问题=接口超时；优先级=高。 要求包含5个要点，控制在163字以内。,Model2,0.8803,661.94,1.4748
把以下内容整理为 key-value：客户=远航制造；问题=接口超时；优先级=高。 要求包含5个要点，控制在163字以内。,Model3,0.9157,749.20,2.0052
把以下内容整理为 key-value：客户=远航制造；问题=接口超时；优先级=高。 要求包含5个要点，控制在163字以内。,Model4,0.8591,810.54,2.4520
把以下内容整理为 key-value：客户=远航制造；问题=接口超时；优先级=高。 要求包含5个要点，控制在163字以内。,Model5,0.9099,867.02,3.0053
把以下内容整理为 key-value：客户=远航制造；问题=接口超时；优先级=高。 要求包含5个要点，控制在163字以内。,Model6,0.9068,927.51,3.7563
把以下内容整理为 key-value：客户=远航制造；问题=接口超时；优先级=高。 要求包含5个要点，控制在163字以内。,Model7,0.9011,1037.07,4.7009
把以下内容整理为 key-value：客户=远航制造；问题=接口超时；优先级=高。 要求包含5个要点，控制在163字以内。,Model8,0.9315,1043.31,5.6011
把以下内容整理为 key-value：客户=远航制造；问题=接口超时；优先级=高。 要求包含5个要点，控制在163字以内。,Model9,0.9415,1203.13,7.2583
把以下内容整理为 key-value：客户=远航制造；问题=接口超时；优先级=高。 要求包含5个要点，控制在163字以内。,Model10,0.9474,1339.90,9.3119
比较数据库索引与请求调度的主要区别，并给出适用条件。 要求包含2个要点，控制在180字以内。,Model1,0.8398,709.88,1.3525
比较数据库索引与请求调度的主要区别，并给出适用条件。 要求包含2个要点，控制在180字以内。,Model2,0.8544,758.85,1.5889
比较数据库索引与请求调度的主要区别，并给出适用条件。 要求包含2个要点，控制在180字以内。,Model3,0.8325,825.64,2.1782
比较数据库索引与请求调度的主要区别，并给出适用条件。 要求包含2个要点，控制在180字以内。,Model4,0.8583,912.54,2.7140
比较数据库索引与请求调度的主要区别，并给出适用条件。 要求包含2个要点，控制在180字以内。,Model5,0.8940,1063.51,3.2700
比较数据库索引与请求调度的主要区别，并给出适用条件。 要求包含2个要点，控制在180字以内。,Model6,0.8852,1053.90,4.2018
比较数据库索引与请求调度的主要区别，并给出适用条件。 要求包含2个要点，控制在180字以内。,Model7,0.8998,1161.63,5.0348
比较数据库索引与请求调度的主要区别，并给出适用条件。 要求包含2个要点，控制在180字以内。,Model8,0.9110,1340.11,6.5497
比较数据库索引与请求调度的主要区别，并给出适用条件。 要求包含2个要点，控制在180字以内。,Model9,0.9202,1524.52,8.3509
比较数据库索引与请求调度的主要区别，并给出适用条件。 要求包含2个要点，控制在180字以内。,Model10,0.9282,1554.42,10.0447
一个项目成功概率为0.4，连续两次至少成功一次的概率是多少？ 要求包含3个要点，控制在197字以内。,Model1,0.4771,789.67,1.7354
一个项目成功概率为0.4，连续两次至少成功一次的概率是多少？ 要求包含3个要点，控制在197字以内。,Model2,0.5273,922.99,2.1281
一个项目成功概率为0.4，连续两次至少成功一次的概率是多少？ 要求包含3个要点，控制在197字以内。,Model3,0.5695,998.72,2.4743
一个项目成功概率为0.4，连续两次至少成功一次的概率是多少？ 要求包含3个要点，控制在197字以内。,Model4,0.8201,1195.47,3.2499
一个项目成功概率为0.4，连续两次至少成功一次的概率是多少？ 要求包含3个要点，控制在197字以内。,Model5,0.7612,1222.97,4.0046
一个项目成功概率为0.4，连续两次至少成功一次的概率是多少？ 要求包含3个要点，控制在197字以内。,Model6,0.7963,1211.08,4.7706
一个项目成功概率为0.4，连续两次至少成功一次的概率是多少？ 要求包含3个要点，控制在197字以内。,Model7,0.8533,1372.21,6.1793
一个项目成功概率为0.4，连续两次至少成功一次的概率是多少？ 要求包含3个要点，控制在197字以内。,Model8,0.8257,1570.05,7.5920
一个项目成功概率为0.4，连续两次至少成功一次的概率是多少？ 要求包含3个要点，控制在197字以内。,Model9,0.8540,1746.35,9.8138
一个项目成功概率为0.4，连续两次至少成功一次的概率是多少？ 要求包含3个要点，控制在197字以内。,Model10,0.8792,1922.87,11.7999
修复这段伪代码中的边界错误，并说明时间复杂度。 要求包含4个要点，控制在214字以内。,Model1,0.6382,643.11,1.3062
修复这段伪代码中的边界错误，并说明时间复杂度。 要求包含4个要点，控制在214字以内。,Model2,0.6858,673.48,1.6160
修复这段伪代码中的边界错误，并说明时间复杂度。 要求包含4个要点，控制在214字以内。,Model3,0.8984,896.10,1.9789
修复这段伪代码中的边界错误，并说明时间复杂度。 要求包含4个要点，控制在214字以内。,Model4,0.8341,898.78,2.4487
修复这段伪代码中的边界错误，并说明时间复杂度。 要求包含4个要点，控制在214字以内。,Model5,0.8539,973.67,2.8578
修复这段伪代码中的边界错误，并说明时间复杂度。 要求包含4个要点，控制在214字以内。,Model6,0.9146,955.70,3.7272
修复这段伪代码中的边界错误，并说明时间复杂度。 要求包含4个要点，控制在214字以内。,Model7,0.9066,1062.68,4.7152
修复这段伪代码中的边界错误，并说明时间复杂度。 要求包含4个要点，控制在214字以内。,Model8,0.8814,1232.53,5.9242
修复这段伪代码中的边界错误，并说明时间复杂度。 要求包含4个要点，控制在214字以内。,Model9,0.9182,1372.04,7.4318
修复这段伪代码中的边界错误，并说明时间复杂度。 要求包含4个要点，控制在214字以内。,Model10,0.9326,1494.79,9.4580
请把下面材料压缩成三点摘要：企业上线多模型后，需要在质量、成本和延迟之间进行路由选择。 要求包含5个要点，控制在231字以内。,Model1,0.8677,648.27,1.9809
请把下面材料压缩成三点摘要：企业上线多模型后，需要在质量、成本和延迟之间进行路由选择。 要求包含5个要点，控制在231字以内。,Model2,0.8048,774.94,2.3703
请把下面材料压缩成三点摘要：企业上线多模型后，需要在质量、成本和延迟之间进行路由选择。 要求包含5个要点，控制在231字以内。,Model3,0.7792,830.14,3.0348
请把下面材料压缩成三点摘要：企业上线多模型后，需要在质量、成本和延迟之间进行路由选择。 要求包含5个要点，控制在231字以内。,Model4,0.7604,949.98,3.8275
请把下面材料压缩成三点摘要：企业上线多模型后，需要在质量、成本和延迟之间进行路由选择。 要求包含5个要点，控制在231字以内。,Model5,0.8687,1105.32,4.5644
请把下面材料压缩成三点摘要：企业上线多模型后，需要在质量、成本和延迟之间进行路由选择。 要求包含5个要点，控制在231字以内。,Model6,0.8142,1164.86,5.7353
请把下面材料压缩成三点摘要：企业上线多模型后，需要在质量、成本和延迟之间进行路由选择。 要求包含5个要点，控制在231字以内。,Model7,0.8461,1209.76,7.6371
请把下面材料压缩成三点摘要：企业上线多模型后，需要在质量、成本和延迟之间进行路由选择。 要求包含5个要点，控制在231字以内。,Model8,0.9011,1315.55,9.0232
请把下面材料压缩成三点摘要：企业上线多模型后，需要在质量、成本和延迟之间进行路由选择。 要求包含5个要点，控制在231字以内。,Model9,0.9143,1386.65,11.7576
请把下面材料压缩成三点摘要：企业上线多模型后，需要在质量、成本和延迟之间进行路由选择。 要求包含5个要点，控制在231字以内。,Model10,0.9141,1643.02,14.1751
将下面中文翻译成英文：系统应先满足质量阈值，再选择成本最低的模型。 要求包含2个要点，控制在248字以内。,Model1,0.6805,864.31,2.0945
将下面中文翻译成英文：系统应先满足质量阈值，再选择成本最低的模型。 要求包含2个要点，控制在248字以内。,Model2,0.8275,915.97,2.4129
将下面中文翻译成英文：系统应先满足质量阈值，再选择成本最低的模型。 要求包含2个要点，控制在248字以内。,Model3,0.6838,896.97,3.1578
将下面中文翻译成英文：系统应先满足质量阈值，再选择成本最低的模型。 要求包含2个要点，控制在248字以内。,Model4,0.6542,1040.35,3.7910
将下面中文翻译成英文：系统应先满足质量阈值，再选择成本最低的模型。 要求包含2个要点，控制在248字以内。,Model5,0.7986,1139.83,4.7686
将下面中文翻译成英文：系统应先满足质量阈值，再选择成本最低的模型。 要求包含2个要点，控制在248字以内。,Model6,0.7214,1263.92,5.9424
将下面中文翻译成英文：系统应先满足质量阈值，再选择成本最低的模型。 要求包含2个要点，控制在248字以内。,Model7,0.7627,1481.46,7.4936
将下面中文翻译成英文：系统应先满足质量阈值，再选择成本最低的模型。 要求包含2个要点，控制在248字以内。,Model8,0.8485,1807.28,8.9773
将下面中文翻译成英文：系统应先满足质量阈值，再选择成本最低的模型。 要求包含2个要点，控制在248字以内。,Model9,0.8649,1806.83,12.4534
将下面中文翻译成英文：系统应先满足质量阈值，再选择成本最低的模型。 要求包含2个要点，控制在248字以内。,Model10,0.8745,1862.82,14.8107
从文本中提取姓名、公司、职位三个字段，并输出 JSON：张三就职于华星科技，担任研发经理。 要求包含3个要点，控制在265字以内。,Model1,0.9035,616.48,1.5149
从文本中提取姓名、公司、职位三个字段，并输出 JSON：张三就职于华星科技，担任研发经理。 要求包含3个要点，控制在265字以内。,Model2,0.8535,698.43,1.8154
从文本中提取姓名、公司、职位三个字段，并输出 JSON：张三就职于华星科技，担任研发经理。 要求包含3个要点，控制在265字以内。,Model3,0.8990,805.33,2.2947
从文本中提取姓名、公司、职位三个字段，并输出 JSON：张三就职于华星科技，担任研发经理。 要求包含3个要点，控制在265字以内。,Model4,0.8238,869.55,2.9086
从文本中提取姓名、公司、职位三个字段，并输出 JSON：张三就职于华星科技，担任研发经理。 要求包含3个要点，控制在265字以内。,Model5,0.8875,932.51,3.5088
从文本中提取姓名、公司、职位三个字段，并输出 JSON：张三就职于华星科技，担任研发经理。 要求包含3个要点，控制在265字以内。,Model6,0.8824,1072.85,4.2636
从文本中提取姓名、公司、职位三个字段，并输出 JSON：张三就职于华星科技，担任研发经理。 要求包含3个要点，控制在265字以内。,Model7,0.8788,1149.39,5.5152
从文本中提取姓名、公司、职位三个字段，并输出 JSON：张三就职于华星科技，担任研发经理。 要求包含3个要点，控制在265字以内。,Model8,0.9136,1216.46,6.8595
从文本中提取姓名、公司、职位三个字段，并输出 JSON：张三就职于华星科技，担任研发经理。 要求包含3个要点，控制在265字以内。,Model9,0.9278,1488.05,8.8250
从文本中提取姓名、公司、职位三个字段，并输出 JSON：张三就职于华星科技，担任研发经理。 要求包含3个要点，控制在265字以内。,Model10,0.9332,1554.47,10.8828
请解释并行计算的核心原理，并给出两个应用场景。 要求包含4个要点，控制在282字以内。,Model1,0.7952,760.97,1.5188
请解释并行计算的核心原理，并给出两个应用场景。 要求包含4个要点，控制在282字以内。,Model2,0.8135,818.66,1.8055
请解释并行计算的核心原理，并给出两个应用场景。 要求包含4个要点，控制在282字以内。,Model3,0.8035,912.96,2.3185
请解释并行计算的核心原理，并给出两个应用场景。 要求包含4个要点，控制在282字以内。,Model4,0.8252,963.11,2.8257
请解释并行计算的核心原理，并给出两个应用场景。 要求包含4个要点，控制在282字以内。,Model5,0.8653,1062.29,3.4049
请解释并行计算的核心原理，并给出两个应用场景。 要求包含4个要点，控制在282字以内。,Model6,0.8579,1209.53,4.1172
请解释并行计算的核心原理，并给出两个应用场景。 要求包含4个要点，控制在282字以内。,Model7,0.8722,1329.10,5.5389
请解释并行计算的核心原理，并给出两个应用场景。 要求包含4个要点，控制在282字以内。,Model8,0.8909,1405.21,6.8895
请解释并行计算的核心原理，并给出两个应用场景。 要求包含4个要点，控制在282字以内。,Model9,0.8974,1491.16,8.5449
请解释并行计算的核心原理，并给出两个应用场景。 要求包含4个要点，控制在282字以内。,Model10,0.9073,1691.16,10.9122
求解方程 8x + 39 = 28，写出计算过程。 要求包含5个要点，控制在299字以内。,Model1,0.4030,843.06,1.7709
求解方程 8x + 39 = 28，写出计算过程。 要求包含5个要点，控制在299字以内。,Model2,0.4700,1005.32,2.0127
求解方程 8x + 39 = 28，写出计算过程。 要求包含5个要点，控制在299字以内。,Model3,0.5085,1092.14,2.8481
求解方程 8x + 39 = 28，写出计算过程。 要求包含5个要点，控制在299字以内。,Model4,0.7708,1196.36,3.4264
求解方程 8x + 39 = 28，写出计算过程。 要求包含5个要点，控制在299字以内。,Model5,0.7032,1283.92,3.9619
求解方程 8x + 39 = 28，写出计算过程。 要求包含5个要点，控制在299字以内。,Model6,0.7500,1333.71,4.8503
求解方程 8x + 39 = 28，写出计算过程。 要求包含5个要点，控制在299字以内。,Model7,0.8193,1506.71,6.3625
求解方程 8x + 39 = 28，写出计算过程。 要求包含5个要点，控制在299字以内。,Model8,0.7766,1659.23,7.8004
求解方程 8x + 39 = 28，写出计算过程。 要求包含5个要点，控制在299字以内。,Model9,0.8168,1815.73,10.1534
求解方程 8x + 39 = 28，写出计算过程。 要求包含5个要点，控制在299字以内。,Model10,0.8396,2093.54,12.7530
修复这段伪代码中的边界错误，并说明时间复杂度。 要求包含2个要点，控制在96字以内。,Model1,0.5838,681.78,1.4174
修复这段伪代码中的边界错误，并说明时间复杂度。 要求包含2个要点，控制在96字以内。,Model2,0.6141,804.49,1.6844
修复这段伪代码中的边界错误，并说明时间复杂度。 要求包含2个要点，控制在96字以内。,Model3,0.8683,918.77,2.1553
修复这段伪代码中的边界错误，并说明时间复杂度。 要求包含2个要点，控制在96字以内。,Model4,0.7989,1078.40,2.6473
修复这段伪代码中的边界错误，并说明时间复杂度。 要求包含2个要点，控制在96字以内。,Model5,0.8092,973.69,3.0846
修复这段伪代码中的边界错误，并说明时间复杂度。 要求包含2个要点，控制在96字以内。,Model6,0.8952,1165.17,4.1848
修复这段伪代码中的边界错误，并说明时间复杂度。 要求包含2个要点，控制在96字以内。,Model7,0.8843,1235.37,5.3718
修复这段伪代码中的边界错误，并说明时间复杂度。 要求包含2个要点，控制在96字以内。,Model8,0.8580,1351.72,6.1993
修复这段伪代码中的边界错误，并说明时间复杂度。 要求包含2个要点，控制在96字以内。,Model9,0.8986,1621.13,8.4677
修复这段伪代码中的边界错误，并说明时间复杂度。 要求包含2个要点，控制在96字以内。,Model10,0.9126,1834.02,10.0408
将这段技术说明概括为不超过120字的摘要。 要求包含3个要点，控制在113字以内。,Model1,0.8380,756.74,1.8572
将这段技术说明概括为不超过120字的摘要。 要求包含3个要点，控制在113字以内。,Model2,0.7673,845.93,2.2583
将这段技术说明概括为不超过120字的摘要。 要求包含3个要点，控制在113字以内。,Model3,0.7384,994.98,2.9219
将这段技术说明概括为不超过120字的摘要。 要求包含3个要点，控制在113字以内。,Model4,0.7246,1090.02,3.5389
将这段技术说明概括为不超过120字的摘要。 要求包含3个要点，控制在113字以内。,Model5,0.8409,1127.67,4.2581
将这段技术说明概括为不超过120字的摘要。 要求包含3个要点，控制在113字以内。,Model6,0.7819,1152.20,5.3257
将这段技术说明概括为不超过120字的摘要。 要求包含3个要点，控制在113字以内。,Model7,0.8106,1380.71,6.6686
将这段技术说明概括为不超过120字的摘要。 要求包含3个要点，控制在113字以内。,Model8,0.8772,1439.19,8.2432
将这段技术说明概括为不超过120字的摘要。 要求包含3个要点，控制在113字以内。,Model9,0.8846,1432.51,10.3702
将这段技术说明概括为不超过120字的摘要。 要求包含3个要点，控制在113字以内。,Model10,0.8984,1919.75,13.3274
将下面中文翻译成英文：系统应先满足质量阈值，再选择成本最低的模型。 要求包含4个要点，控制在130字以内。,Model1,0.8419,638.67,1.6067
将下面中文翻译成英文：系统应先满足质量阈值，再选择成本最低的模型。 要求包含4个要点，控制在130字以内。,Model2,0.9180,664.12,1.9802
将下面中文翻译成英文：系统应先满足质量阈值，再选择成本最低的模型。 要求包含4个要点，控制在130字以内。,Model3,0.8370,653.94,2.6075
将下面中文翻译成英文：系统应先满足质量阈值，再选择成本最低的模型。 要求包含4个要点，控制在130字以内。,Model4,0.8140,787.15,3.0255
将下面中文翻译成英文：系统应先满足质量阈值，再选择成本最低的模型。 要求包含4个要点，控制在130字以内。,Model5,0.9095,924.44,3.5370
将下面中文翻译成英文：系统应先满足质量阈值，再选择成本最低的模型。 要求包含4个要点，控制在130字以内。,Model6,0.8551,1000.97,4.7498
将下面中文翻译成英文：系统应先满足质量阈值，再选择成本最低的模型。 要求包含4个要点，控制在130字以内。,Model7,0.8840,1081.07,5.9435
将下面中文翻译成英文：系统应先满足质量阈值，再选择成本最低的模型。 要求包含4个要点，控制在130字以内。,Model8,0.9266,1012.47,7.3586
将下面中文翻译成英文：系统应先满足质量阈值，再选择成本最低的模型。 要求包含4个要点，控制在130字以内。,Model9,0.9354,1272.89,9.1739
将下面中文翻译成英文：系统应先满足质量阈值，再选择成本最低的模型。 要求包含4个要点，控制在130字以内。,Model10,0.9399,1504.62,11.1393
从文本中提取姓名、公司、职位三个字段，并输出 JSON：张三就职于华星科技，担任研发经理。 要求包含5个要点，控制在147字以内。,Model1,0.8823,657.78,1.5631
从文本中提取姓名、公司、职位三个字段，并输出 JSON：张三就职于华星科技，担任研发经理。 要求包含5个要点，控制在147字以内。,Model2,0.8188,746.50,1.9399
从文本中提取姓名、公司、职位三个字段，并输出 JSON：张三就职于华星科技，担任研发经理。 要求包含5个要点，控制在147字以内。,Model3,0.8744,844.85,2.5267
从文本中提取姓名、公司、职位三个字段，并输出 JSON：张三就职于华星科技，担任研发经理。 要求包含5个要点，控制在147字以内。,Model4,0.7888,987.84,2.9880
从文本中提取姓名、公司、职位三个字段，并输出 JSON：张三就职于华星科技，担任研发经理。 要求包含5个要点，控制在147字以内。,Model5,0.8591,1014.96,3.8595
从文本中提取姓名、公司、职位三个字段，并输出 JSON：张三就职于华星科技，担任研发经理。 要求包含5个要点，控制在147字以内。,Model6,0.8614,1042.80,4.7615
从文本中提取姓名、公司、职位三个字段，并输出 JSON：张三就职于华星科技，担任研发经理。 要求包含5个要点，控制在147字以内。,Model7,0.8532,1026.89,6.0283
从文本中提取姓名、公司、职位三个字段，并输出 JSON：张三就职于华星科技，担任研发经理。 要求包含5个要点，控制在147字以内。,Model8,0.8861,1334.31,7.1318
从文本中提取姓名、公司、职位三个字段，并输出 JSON：张三就职于华星科技，担任研发经理。 要求包含5个要点，控制在147字以内。,Model9,0.9109,1371.54,9.1671
从文本中提取姓名、公司、职位三个字段，并输出 JSON：张三就职于华星科技，担任研发经理。 要求包含5个要点，控制在147字以内。,Model10,0.9160,1700.36,12.0291
比较成本控制与数据库索引的主要区别，并给出适用条件。 要求包含2个要点，控制在164字以内。,Model1,0.7572,836.89,1.5754
比较成本控制与数据库索引的主要区别，并给出适用条件。 要求包含2个要点，控制在164字以内。,Model2,0.7763,839.10,1.8433
比较成本控制与数据库索引的主要区别，并给出适用条件。 要求包含2个要点，控制在164字以内。,Model3,0.7551,1000.96,2.5221
比较成本控制与数据库索引的主要区别，并给出适用条件。 要求包含2个要点，控制在164字以内。,Model4,0.7891,1058.21,3.0604
比较成本控制与数据库索引的主要区别，并给出适用条件。 要求包含2个要点，控制在164字以内。,Model5,0.8314,977.43,3.7602
比较成本控制与数据库索引的主要区别，并给出适用条件。 要求包含2个要点，控制在164字以内。,Model6,0.8222,1347.81,4.5655
比较成本控制与数据库索引的主要区别，并给出适用条件。 要求包含2个要点，控制在164字以内。,Model7,0.8479,1335.88,6.0641
比较成本控制与数据库索引的主要区别，并给出适用条件。 要求包含2个要点，控制在164字以内。,Model8,0.8664,1510.73,7.3372
比较成本控制与数据库索引的主要区别，并给出适用条件。 要求包含2个要点，控制在164字以内。,Model9,0.8737,1623.83,9.3271
比较成本控制与数据库索引的主要区别，并给出适用条件。 要求包含2个要点，控制在164字以内。,Model10,0.8842,1726.96,11.7424
一个项目成功概率为0.6，连续两次至少成功一次的概率是多少？ 要求包含3个要点，控制在181字以内。,Model1,0.6303,634.43,1.4055
一个项目成功概率为0.6，连续两次至少成功一次的概率是多少？ 要求包含3个要点，控制在181字以内。,Model2,0.6734,739.12,1.6749
一个项目成功概率为0.6，连续两次至少成功一次的概率是多少？ 要求包含3个要点，控制在181字以内。,Model3,0.7118,844.03,2.1974
一个项目成功概率为0.6，连续两次至少成功一次的概率是多少？ 要求包含3个要点，控制在181字以内。,Model4,0.8959,820.22,2.7592
一个项目成功概率为0.6，连续两次至少成功一次的概率是多少？ 要求包含3个要点，控制在181字以内。,Model5,0.8489,979.32,3.3843
一个项目成功概率为0.6，连续两次至少成功一次的概率是多少？ 要求包含3个要点，控制在181字以内。,Model6,0.8766,960.92,3.9121
一个项目成功概率为0.6，连续两次至少成功一次的概率是多少？ 要求包含3个要点，控制在181字以内。,Model7,0.9155,1117.84,5.2997
一个项目成功概率为0.6，连续两次至少成功一次的概率是多少？ 要求包含3个要点，控制在181字以内。,Model8,0.8921,1304.98,6.4705
一个项目成功概率为0.6，连续两次至少成功一次的概率是多少？ 要求包含3个要点，控制在181字以内。,Model9,0.9156,1383.90,8.2014
一个项目成功概率为0.6，连续两次至少成功一次的概率是多少？ 要求包含3个要点，控制在181字以内。,Model10,0.9315,1555.46,9.7289
用 Python 编写函数，将列表中的重复元素去除并保持原顺序。 要求包含4个要点，控制在198字以内。,Model1,0.5290,856.53,1.5411
用 Python 编写函数，将列表中的重复元素去除并保持原顺序。 要求包含4个要点，控制在198字以内。,Model2,0.5718,851.47,1.8093
用 Python 编写函数，将列表中的重复元素去除并保持原顺序。 要求包含4个要点，控制在198字以内。,Model3,0.8460,926.23,2.4243
用 Python 编写函数，将列表中的重复元素去除并保持原顺序。 要求包含4个要点，控制在198字以内。,Model4,0.7543,1078.83,2.9411
用 Python 编写函数，将列表中的重复元素去除并保持原顺序。 要求包含4个要点，控制在198字以内。,Model5,0.7721,1061.38,3.6429
用 Python 编写函数，将列表中的重复元素去除并保持原顺序。 要求包含4个要点，控制在198字以内。,Model6,0.8655,1336.23,4.5700
用 Python 编写函数，将列表中的重复元素去除并保持原顺序。 要求包含4个要点，控制在198字以内。,Model7,0.8513,1354.06,5.7102
用 Python 编写函数，将列表中的重复元素去除并保持原顺序。 要求包含4个要点，控制在198字以内。,Model8,0.8219,1613.11,7.3546
用 Python 编写函数，将列表中的重复元素去除并保持原顺序。 要求包含4个要点，控制在198字以内。,Model9,0.8740,1568.64,8.9752
用 Python 编写函数，将列表中的重复元素去除并保持原顺序。 要求包含4个要点，控制在198字以内。,Model10,0.8949,1914.78,10.9297
将这段技术说明概括为不超过120字的摘要。 要求包含5个要点，控制在215字以内。,Model1,0.8082,884.40,1.9633
将这段技术说明概括为不超过120字的摘要。 要求包含5个要点，控制在215字以内。,Model2,0.7278,940.21,2.2559
将这段技术说明概括为不超过120字的摘要。 要求包含5个要点，控制在215字以内。,Model3,0.6959,1079.15,2.9832
将这段技术说明概括为不超过120字的摘要。 要求包含5个要点，控制在215字以内。,Model4,0.6702,1132.63,3.6089
将这段技术说明概括为不超过120字的摘要。 要求包含5个要点，控制在215字以内。,Model5,0.8029,1153.14,4.4737
将这段技术说明概括为不超过120字的摘要。 要求包含5个要点，控制在215字以内。,Model6,0.7296,1397.12,5.7447
将这段技术说明概括为不超过120字的摘要。 要求包含5个要点，控制在215字以内。,Model7,0.7744,1526.92,7.2323
将这段技术说明概括为不超过120字的摘要。 要求包含5个要点，控制在215字以内。,Model8,0.8491,1600.07,9.0487
将这段技术说明概括为不超过120字的摘要。 要求包含5个要点，控制在215字以内。,Model9,0.8587,1607.94,10.9018
将这段技术说明概括为不超过120字的摘要。 要求包含5个要点，控制在215字以内。,Model10,0.8687,1818.63,14.2888
把下面句子翻译成简洁、正式的英文：模型价格变化后，路由策略应自动调整。 要求包含2个要点，控制在232字以内。,Model1,0.7970,706.74,1.7927
把下面句子翻译成简洁、正式的英文：模型价格变化后，路由策略应自动调整。 要求包含2个要点，控制在232字以内。,Model2,0.9004,701.44,2.1467
把下面句子翻译成简洁、正式的英文：模型价格变化后，路由策略应自动调整。 要求包含2个要点，控制在232字以内。,Model3,0.7998,817.37,2.7563
把下面句子翻译成简洁、正式的英文：模型价格变化后，路由策略应自动调整。 要求包含2个要点，控制在232字以内。,Model4,0.7768,969.01,3.2529
把下面句子翻译成简洁、正式的英文：模型价格变化后，路由策略应自动调整。 要求包含2个要点，控制在232字以内。,Model5,0.8848,931.29,4.0637
把下面句子翻译成简洁、正式的英文：模型价格变化后，路由策略应自动调整。 要求包含2个要点，控制在232字以内。,Model6,0.8285,1032.60,5.2579
把下面句子翻译成简洁、正式的英文：模型价格变化后，路由策略应自动调整。 要求包含2个要点，控制在232字以内。,Model7,0.8533,1077.17,6.7985
把下面句子翻译成简洁、正式的英文：模型价格变化后，路由策略应自动调整。 要求包含2个要点，控制在232字以内。,Model8,0.9099,1248.16,8.2775
把下面句子翻译成简洁、正式的英文：模型价格变化后，路由策略应自动调整。 要求包含2个要点，控制在232字以内。,Model9,0.9163,1441.62,10.2017
把下面句子翻译成简洁、正式的英文：模型价格变化后，路由策略应自动调整。 要求包含2个要点，控制在232字以内。,Model10,0.9283,1565.23,12.8345
从文本中提取姓名、公司、职位三个字段，并输出 JSON：张三就职于华星科技，担任研发经理。 要求包含3个要点，控制在249字以内。,Model1,0.8485,799.06,1.7423
从文本中提取姓名、公司、职位三个字段，并输出 JSON：张三就职于华星科技，担任研发经理。 要求包含3个要点，控制在249字以内。,Model2,0.7816,879.87,2.0595
从文本中提取姓名、公司、职位三个字段，并输出 JSON：张三就职于华星科技，担任研发经理。 要求包含3个要点，控制在249字以内。,Model3,0.8415,918.51,2.5856
从文本中提取姓名、公司、职位三个字段，并输出 JSON：张三就职于华星科技，担任研发经理。 要求包含3个要点，控制在249字以内。,Model4,0.7442,1129.10,3.3024
从文本中提取姓名、公司、职位三个字段，并输出 JSON：张三就职于华星科技，担任研发经理。 要求包含3个要点，控制在249字以内。,Model5,0.8282,986.98,3.9530
从文本中提取姓名、公司、职位三个字段，并输出 JSON：张三就职于华星科技，担任研发经理。 要求包含3个要点，控制在249字以内。,Model6,0.8255,1271.16,4.9588
从文本中提取姓名、公司、职位三个字段，并输出 JSON：张三就职于华星科技，担任研发经理。 要求包含3个要点，控制在249字以内。,Model7,0.8202,1333.21,6.5174
从文本中提取姓名、公司、职位三个字段，并输出 JSON：张三就职于华星科技，担任研发经理。 要求包含3个要点，控制在249字以内。,Model8,0.8645,1338.03,7.7683
从文本中提取姓名、公司、职位三个字段，并输出 JSON：张三就职于华星科技，担任研发经理。 要求包含3个要点，控制在249字以内。,Model9,0.8859,1672.66,10.3533
从文本中提取姓名、公司、职位三个字段，并输出 JSON：张三就职于华星科技，担任研发经理。 要求包含3个要点，控制在249字以内。,Model10,0.8991,1848.03,12.3196
比较数据库索引与编译优化的主要区别，并给出适用条件。 要求包含4个要点，控制在266字以内。,Model1,0.8802,680.95,1.2492
比较数据库索引与编译优化的主要区别，并给出适用条件。 要求包含4个要点，控制在266字以内。,Model2,0.8864,586.43,1.5526
比较数据库索引与编译优化的主要区别，并给出适用条件。 要求包含4个要点，控制在266字以内。,Model3,0.8831,705.84,1.9329
比较数据库索引与编译优化的主要区别，并给出适用条件。 要求包含4个要点，控制在266字以内。,Model4,0.9017,716.48,2.2882
比较数据库索引与编译优化的主要区别，并给出适用条件。 要求包含4个要点，控制在266字以内。,Model5,0.9239,863.88,2.7561
比较数据库索引与编译优化的主要区别，并给出适用条件。 要求包含4个要点，控制在266字以内。,Model6,0.9180,885.54,3.6512
比较数据库索引与编译优化的主要区别，并给出适用条件。 要求包含4个要点，控制在266字以内。,Model7,0.9292,1075.67,4.5960
比较数据库索引与编译优化的主要区别，并给出适用条件。 要求包含4个要点，控制在266字以内。,Model8,0.9374,1015.43,5.5573
比较数据库索引与编译优化的主要区别，并给出适用条件。 要求包含4个要点，控制在266字以内。,Model9,0.9438,1285.30,7.0237
比较数据库索引与编译优化的主要区别，并给出适用条件。 要求包含4个要点，控制在266字以内。,Model10,0.9511,1381.09,8.8436
一个项目成功概率为0.3，连续两次至少成功一次的概率是多少？ 要求包含5个要点，控制在283字以内。,Model1,0.5643,835.97,1.5001
一个项目成功概率为0.3，连续两次至少成功一次的概率是多少？ 要求包含5个要点，控制在283字以内。,Model2,0.6273,801.46,1.8955
一个项目成功概率为0.3，连续两次至少成功一次的概率是多少？ 要求包含5个要点，控制在283字以内。,Model3,0.6662,928.25,2.3277
一个项目成功概率为0.3，连续两次至少成功一次的概率是多少？ 要求包含5个要点，控制在283字以内。,Model4,0.8677,1013.48,2.8745
一个项目成功概率为0.3，连续两次至少成功一次的概率是多少？ 要求包含5个要点，控制在283字以内。,Model5,0.8285,1004.10,3.3988
一个项目成功概率为0.3，连续两次至少成功一次的概率是多少？ 要求包含5个要点，控制在283字以内。,Model6,0.8492,1146.04,4.4563
一个项目成功概率为0.3，连续两次至少成功一次的概率是多少？ 要求包含5个要点，控制在283字以内。,Model7,0.8933,1254.76,5.3217
一个项目成功概率为0.3，连续两次至少成功一次的概率是多少？ 要求包含5个要点，控制在283字以内。,Model8,0.8697,1343.46,6.9946
一个项目成功概率为0.3，连续两次至少成功一次的概率是多少？ 要求包含5个要点，控制在283字以内。,Model9,0.8926,1436.93,8.9662
一个项目成功概率为0.3，连续两次至少成功一次的概率是多少？ 要求包含5个要点，控制在283字以内。,Model10,0.9129,1549.80,10.3363
分析下面 SQL 的性能问题并给出索引建议：SELECT * FROM orders WHERE user_id=7 ORDER BY created_at DESC; 要求包含2个要点，控制在80字以内。,Model1,0.4765,783.21,1.7813
分析下面 SQL 的性能问题并给出索引建议：SELECT * FROM orders WHERE user_id=7 ORDER BY created_at DESC; 要求包含2个要点，控制在80字以内。,Model2,0.5090,965.29,2.2045
分析下面 SQL 的性能问题并给出索引建议：SELECT * FROM orders WHERE user_id=7 ORDER BY created_at DESC; 要求包含2个要点，控制在80字以内。,Model3,0.8130,1051.46,2.7631
分析下面 SQL 的性能问题并给出索引建议：SELECT * FROM orders WHERE user_id=7 ORDER BY created_at DESC; 要求包含2个要点，控制在80字以内。,Model4,0.7073,1173.14,3.3198
分析下面 SQL 的性能问题并给出索引建议：SELECT * FROM orders WHERE user_id=7 ORDER BY created_at DESC; 要求包含2个要点，控制在80字以内。,Model5,0.7318,1140.51,4.0892
分析下面 SQL 的性能问题并给出索引建议：SELECT * FROM orders WHERE user_id=7 ORDER BY created_at DESC; 要求包含2个要点，控制在80字以内。,Model6,0.8411,1267.70,5.3608
分析下面 SQL 的性能问题并给出索引建议：SELECT * FROM orders WHERE user_id=7 ORDER BY created_at DESC; 要求包含2个要点，控制在80字以内。,Model7,0.8226,1377.40,6.8762
分析下面 SQL 的性能问题并给出索引建议：SELECT * FROM orders WHERE user_id=7 ORDER BY created_at DESC; 要求包含2个要点，控制在80字以内。,Model8,0.7827,1574.91,8.0421
分析下面 SQL 的性能问题并给出索引建议：SELECT * FROM orders WHERE user_id=7 ORDER BY created_at DESC; 要求包含2个要点，控制在80字以内。,Model9,0.8479,1735.95,10.2256
分析下面 SQL 的性能问题并给出索引建议：SELECT * FROM orders WHERE user_id=7 ORDER BY created_at DESC; 要求包含2个要点，控制在80字以内。,Model10,0.8662,1873.65,12.9516
将这段技术说明概括为不超过120字的摘要。 要求包含3个要点，控制在97字以内。,Model1,0.9036,622.02,1.4602
将这段技术说明概括为不超过120字的摘要。 要求包含3个要点，控制在97字以内。,Model2,0.8595,735.73,1.8985
将这段技术说明概括为不超过120字的摘要。 要求包含3个要点，控制在97字以内。,Model3,0.8448,772.13,2.4510
将这段技术说明概括为不超过120字的摘要。 要求包含3个要点，控制在97字以内。,Model4,0.8342,898.69,2.8890
将这段技术说明概括为不超过120字的摘要。 要求包含3个要点，控制在97字以内。,Model5,0.9059,946.56,3.6608
将这段技术说明概括为不超过120字的摘要。 要求包含3个要点，控制在97字以内。,Model6,0.8607,964.03,4.5985
将这段技术说明概括为不超过120字的摘要。 要求包含3个要点，控制在97字以内。,Model7,0.8901,1020.91,5.9230
将这段技术说明概括为不超过120字的摘要。 要求包含3个要点，控制在97字以内。,Model8,0.9293,1270.50,7.3602
将这段技术说明概括为不超过120字的摘要。 要求包含3个要点，控制在97字以内。,Model9,0.9330,1287.47,8.8332
将这段技术说明概括为不超过120字的摘要。 要求包含3个要点，控制在97字以内。,Model10,0.9419,1345.51,11.2757
把下面句子翻译成简洁、正式的英文：模型价格变化后，路由策略应自动调整。 要求包含4个要点，控制在114字以内。,Model1,0.7567,730.70,1.8677
把下面句子翻译成简洁、正式的英文：模型价格变化后，路由策略应自动调整。 要求包含4个要点，控制在114字以内。,Model2,0.8742,789.43,2.3113
把下面句子翻译成简洁、正式的英文：模型价格变化后，路由策略应自动调整。 要求包含4个要点，控制在114字以内。,Model3,0.7536,900.42,2.9186
把下面句子翻译成简洁、正式的英文：模型价格变化后，路由策略应自动调整。 要求包含4个要点，控制在114字以内。,Model4,0.7254,983.22,3.4322
把下面句子翻译成简洁、正式的英文：模型价格变化后，路由策略应自动调整。 要求包含4个要点，控制在114字以内。,Model5,0.8629,1187.58,4.2301
把下面句子翻译成简洁、正式的英文：模型价格变化后，路由策略应自动调整。 要求包含4个要点，控制在114字以内。,Model6,0.7920,1202.72,5.3209
把下面句子翻译成简洁、正式的英文：模型价格变化后，路由策略应自动调整。 要求包含4个要点，控制在114字以内。,Model7,0.8250,1264.93,6.9001
把下面句子翻译成简洁、正式的英文：模型价格变化后，路由策略应自动调整。 要求包含4个要点，控制在114字以内。,Model8,0.8894,1311.63,8.4173
把下面句子翻译成简洁、正式的英文：模型价格变化后，路由策略应自动调整。 要求包含4个要点，控制在114字以内。,Model9,0.9051,1463.66,10.7077
把下面句子翻译成简洁、正式的英文：模型价格变化后，路由策略应自动调整。 要求包含4个要点，控制在114字以内。,Model10,0.9095,1577.66,13.6119
从文本中提取姓名、公司、职位三个字段，并输出 JSON：张三就职于华星科技，担任研发经理。 要求包含5个要点，控制在131字以内。,Model1,0.8188,821.84,1.9657
从文本中提取姓名、公司、职位三个字段，并输出 JSON：张三就职于华星科技，担任研发经理。 要求包含5个要点，控制在131字以内。,Model2,0.7304,905.22,2.1920
从文本中提取姓名、公司、职位三个字段，并输出 JSON：张三就职于华星科技，担任研发经理。 要求包含5个要点，控制在131字以内。,Model3,0.8062,1070.99,2.7526
从文本中提取姓名、公司、职位三个字段，并输出 JSON：张三就职于华星科技，担任研发经理。 要求包含5个要点，控制在131字以内。,Model4,0.6891,1115.80,3.4374
从文本中提取姓名、公司、职位三个字段，并输出 JSON：张三就职于华星科技，担任研发经理。 要求包含5个要点，控制在131字以内。,Model5,0.8022,1146.45,4.1959
从文本中提取姓名、公司、职位三个字段，并输出 JSON：张三就职于华星科技，担任研发经理。 要求包含5个要点，控制在131字以内。,Model6,0.7874,1244.06,5.4713
从文本中提取姓名、公司、职位三个字段，并输出 JSON：张三就职于华星科技，担任研发经理。 要求包含5个要点，控制在131字以内。,Model7,0.7810,1296.25,6.8536
从文本中提取姓名、公司、职位三个字段，并输出 JSON：张三就职于华星科技，担任研发经理。 要求包含5个要点，控制在131字以内。,Model8,0.8346,1585.12,8.7686
从文本中提取姓名、公司、职位三个字段，并输出 JSON：张三就职于华星科技，担任研发经理。 要求包含5个要点，控制在131字以内。,Model9,0.8587,1743.02,10.4451
从文本中提取姓名、公司、职位三个字段，并输出 JSON：张三就职于华星科技，担任研发经理。 要求包含5个要点，控制在131字以内。,Model10,0.8739,1877.96,13.1066
比较缓存机制与请求调度的主要区别，并给出适用条件。 要求包含2个要点，控制在148字以内。,Model1,0.8514,684.77,1.3309
比较缓存机制与请求调度的主要区别，并给出适用条件。 要求包含2个要点，控制在148字以内。,Model2,0.8596,670.58,1.5163
比较缓存机制与请求调度的主要区别，并给出适用条件。 要求包含2个要点，控制在148字以内。,Model3,0.8501,837.34,2.0906
比较缓存机制与请求调度的主要区别，并给出适用条件。 要求包含2个要点，控制在148字以内。,Model4,0.8790,882.03,2.5864
比较缓存机制与请求调度的主要区别，并给出适用条件。 要求包含2个要点，控制在148字以内。,Model5,0.9004,937.94,2.9714
比较缓存机制与请求调度的主要区别，并给出适用条件。 要求包含2个要点，控制在148字以内。,Model6,0.8977,936.44,3.8560
比较缓存机制与请求调度的主要区别，并给出适用条件。 要求包含2个要点，控制在148字以内。,Model7,0.9165,1121.99,4.8626
比较缓存机制与请求调度的主要区别，并给出适用条件。 要求包含2个要点，控制在148字以内。,Model8,0.9235,1086.65,6.1022
比较缓存机制与请求调度的主要区别，并给出适用条件。 要求包含2个要点，控制在148字以内。,Model9,0.9266,1337.77,7.8580
比较缓存机制与请求调度的主要区别，并给出适用条件。 要求包含2个要点，控制在148字以内。,Model10,0.9373,1519.80,10.1880
"已知一组数据为 8,64,99,7，计算平均值并说明步骤。 要求包含3个要点，控制在165字以内。",Model1,0.5101,867.73,1.5862
"已知一组数据为 8,64,99,7，计算平均值并说明步骤。 要求包含3个要点，控制在165字以内。",Model2,0.5594,877.56,1.9020
"已知一组数据为 8,64,99,7，计算平均值并说明步骤。 要求包含3个要点，控制在165字以内。",Model3,0.6027,1011.81,2.3860
"已知一组数据为 8,64,99,7，计算平均值并说明步骤。 要求包含3个要点，控制在165字以内。",Model4,0.8408,1160.98,3.0138
"已知一组数据为 8,64,99,7，计算平均值并说明步骤。 要求包含3个要点，控制在165字以内。",Model5,0.7857,1209.68,3.6370
"已知一组数据为 8,64,99,7，计算平均值并说明步骤。 要求包含3个要点，控制在165字以内。",Model6,0.8151,1189.74,4.5207
"已知一组数据为 8,64,99,7，计算平均值并说明步骤。 要求包含3个要点，控制在165字以内。",Model7,0.8694,1273.10,5.5659
"已知一组数据为 8,64,99,7，计算平均值并说明步骤。 要求包含3个要点，控制在165字以内。",Model8,0.8450,1459.93,7.0461
"已知一组数据为 8,64,99,7，计算平均值并说明步骤。 要求包含3个要点，控制在165字以内。",Model9,0.8665,1709.46,9.1124
"已知一组数据为 8,64,99,7，计算平均值并说明步骤。 要求包含3个要点，控制在165字以内。",Model10,0.8896,2027.29,11.2631
分析下面 SQL 的性能问题并给出索引建议：SELECT * FROM orders WHERE user_id=9 ORDER BY created_at DESC; 要求包含4个要点，控制在182字以内。,Model1,0.6743,597.32,1.4257
分析下面 SQL 的性能问题并给出索引建议：SELECT * FROM orders WHERE user_id=9 ORDER BY created_at DESC; 要求包含4个要点，控制在182字以内。,Model2,0.7120,671.38,1.7889
分析下面 SQL 的性能问题并给出索引建议：SELECT * FROM orders WHERE user_id=9 ORDER BY created_at DESC; 要求包含4个要点，控制在182字以内。,Model3,0.9117,756.38,2.3179
分析下面 SQL 的性能问题并给出索引建议：SELECT * FROM orders WHERE user_id=9 ORDER BY created_at DESC; 要求包含4个要点，控制在182字以内。,Model4,0.8509,857.37,2.5856
分析下面 SQL 的性能问题并给出索引建议：SELECT * FROM orders WHERE user_id=9 ORDER BY created_at DESC; 要求包含4个要点，控制在182字以内。,Model5,0.8609,959.01,3.2068
分析下面 SQL 的性能问题并给出索引建议：SELECT * FROM orders WHERE user_id=9 ORDER BY created_at DESC; 要求包含4个要点，控制在182字以内。,Model6,0.9259,969.04,4.2374
分析下面 SQL 的性能问题并给出索引建议：SELECT * FROM orders WHERE user_id=9 ORDER BY created_at DESC; 要求包含4个要点，控制在182字以内。,Model7,0.9149,998.36,5.2508
分析下面 SQL 的性能问题并给出索引建议：SELECT * FROM orders WHERE user_id=9 ORDER BY created_at DESC; 要求包含4个要点，控制在182字以内。,Model8,0.8984,1169.00,6.4037
分析下面 SQL 的性能问题并给出索引建议：SELECT * FROM orders WHERE user_id=9 ORDER BY created_at DESC; 要求包含4个要点，控制在182字以内。,Model9,0.9289,1249.99,8.3077
分析下面 SQL 的性能问题并给出索引建议：SELECT * FROM orders WHERE user_id=9 ORDER BY created_at DESC; 要求包含4个要点，控制在182字以内。,Model10,0.9415,1474.55,10.2430
将这段技术说明概括为不超过120字的摘要。 要求包含5个要点，控制在199字以内。,Model1,0.8841,692.95,1.6903
将这段技术说明概括为不超过120字的摘要。 要求包含5个要点，控制在199字以内。,Model2,0.8341,786.11,2.0774
将这段技术说明概括为不超过120字的摘要。 要求包含5个要点，控制在199字以内。,Model3,0.8049,838.68,2.5364
将这段技术说明概括为不超过120字的摘要。 要求包含5个要点，控制在199字以内。,Model4,0.7914,973.59,3.1703
将这段技术说明概括为不超过120字的摘要。 要求包含5个要点，控制在199字以内。,Model5,0.8881,938.91,3.8494
将这段技术说明概括为不超过120字的摘要。 要求包含5个要点，控制在199字以内。,Model6,0.8294,1093.86,4.6403
将这段技术说明概括为不超过120字的摘要。 要求包含5个要点，控制在199字以内。,Model7,0.8619,1148.99,6.2920
将这段技术说明概括为不超过120字的摘要。 要求包含5个要点，控制在199字以内。,Model8,0.9089,1122.35,7.3928
将这段技术说明概括为不超过120字的摘要。 要求包含5个要点，控制在199字以内。,Model9,0.9231,1376.91,9.4779
将这段技术说明概括为不超过120字的摘要。 要求包含5个要点，控制在199字以内。,Model10,0.9251,1573.36,11.9318
"Translate into Chinese: The router predicts quality, cost and latency for every candidate model. 要求包含2个要点，控制在216字以内。",Model1,0.7120,889.61,1.8664
"Translate into Chinese: The router predicts quality, cost and latency for every candidate model. 要求包含2个要点，控制在216字以内。",Model2,0.8397,964.77,2.2427
"Translate into Chinese: The router predicts quality, cost and latency for every candidate model. 要求包含2个要点，控制在216字以内。",Model3,0.7208,867.27,2.9483
"Translate into Chinese: The router predicts quality, cost and latency for every candidate model. 要求包含2个要点，控制在216字以内。",Model4,0.6777,1036.10,3.5456
"Translate into Chinese: The router predicts quality, cost and latency for every candidate model. 要求包含2个要点，控制在216字以内。",Model5,0.8343,1190.57,4.4261
"Translate into Chinese: The router predicts quality, cost and latency for every candidate model. 要求包含2个要点，控制在216字以内。",Model6,0.7435,1340.85,5.3829
"Translate into Chinese: The router predicts quality, cost and latency for every candidate model. 要求包含2个要点，控制在216字以内。",Model7,0.7834,1336.80,7.1018
"Translate into Chinese: The router predicts quality, cost and latency for every candidate model. 要求包含2个要点，控制在216字以内。",Model8,0.8661,1509.28,8.8538
"Translate into Chinese: The router predicts quality, cost and latency for every candidate model. 要求包含2个要点，控制在216字以内。",Model9,0.8711,1569.22,11.3653
"Translate into Chinese: The router predicts quality, cost and latency for every candidate model. 要求包含2个要点，控制在216字以内。",Model10,0.8892,1881.57,14.2326
把以下内容整理为 key-value：客户=远航制造；问题=接口超时；优先级=高。 要求包含3个要点，控制在233字以内。,Model1,0.9111,707.00,1.4089
把以下内容整理为 key-value：客户=远航制造；问题=接口超时；优先级=高。 要求包含3个要点，控制在233字以内。,Model2,0.8686,722.24,1.6071
把以下内容整理为 key-value：客户=远航制造；问题=接口超时；优先级=高。 要求包含3个要点，控制在233字以内。,Model3,0.9092,768.90,2.1599
把以下内容整理为 key-value：客户=远航制造；问题=接口超时；优先级=高。 要求包含3个要点，控制在233字以内。,Model4,0.8450,823.91,2.5147
把以下内容整理为 key-value：客户=远航制造；问题=接口超时；优先级=高。 要求包含3个要点，控制在233字以内。,Model5,0.8983,940.68,3.1259
把以下内容整理为 key-value：客户=远航制造；问题=接口超时；优先级=高。 要求包含3个要点，控制在233字以内。,Model6,0.8972,1022.14,3.7233
把以下内容整理为 key-value：客户=远航制造；问题=接口超时；优先级=高。 要求包含3个要点，控制在233字以内。,Model7,0.8926,1015.17,4.8232
把以下内容整理为 key-value：客户=远航制造；问题=接口超时；优先级=高。 要求包含3个要点，控制在233字以内。,Model8,0.9245,1124.58,6.0989
把以下内容整理为 key-value：客户=远航制造；问题=接口超时；优先级=高。 要求包含3个要点，控制在233字以内。,Model9,0.9359,1260.18,7.9033
把以下内容整理为 key-value：客户=远航制造；问题=接口超时；优先级=高。 要求包含3个要点，控制在233字以内。,Model10,0.9411,1419.64,9.8833
比较大模型路由与编译优化的主要区别，并给出适用条件。 要求包含4个要点，控制在250字以内。,Model1,0.8159,781.06,1.4409
比较大模型路由与编译优化的主要区别，并给出适用条件。 要求包含4个要点，控制在250字以内。,Model2,0.8335,771.33,1.6608
比较大模型路由与编译优化的主要区别，并给出适用条件。 要求包含4个要点，控制在250字以内。,Model3,0.8216,877.82,2.2634
比较大模型路由与编译优化的主要区别，并给出适用条件。 要求包含4个要点，控制在250字以内。,Model4,0.8491,965.20,2.9801
比较大模型路由与编译优化的主要区别，并给出适用条件。 要求包含4个要点，控制在250字以内。,Model5,0.8782,1001.23,3.3889
比较大模型路由与编译优化的主要区别，并给出适用条件。 要求包含4个要点，控制在250字以内。,Model6,0.8723,1073.47,4.4104
比较大模型路由与编译优化的主要区别，并给出适用条件。 要求包含4个要点，控制在250字以内。,Model7,0.8888,1247.25,5.3707
比较大模型路由与编译优化的主要区别，并给出适用条件。 要求包含4个要点，控制在250字以内。,Model8,0.9031,1311.10,6.5211
比较大模型路由与编译优化的主要区别，并给出适用条件。 要求包含4个要点，控制在250字以内。,Model9,0.9122,1581.18,8.3334
比较大模型路由与编译优化的主要区别，并给出适用条件。 要求包含4个要点，控制在250字以内。,Model10,0.9191,1491.79,10.8180
"已知一组数据为 5,65,49,7，计算平均值并说明步骤。 要求包含5个要点，控制在267字以内。",Model1,0.4518,864.86,1.6709
"已知一组数据为 5,65,49,7，计算平均值并说明步骤。 要求包含5个要点，控制在267字以内。",Model2,0.4991,935.64,2.0752
"已知一组数据为 5,65,49,7，计算平均值并说明步骤。 要求包含5个要点，控制在267字以内。",Model3,0.5459,1016.53,2.5440
"已知一组数据为 5,65,49,7，计算平均值并说明步骤。 要求包含5个要点，控制在267字以内。",Model4,0.7994,1065.45,3.0890
"已知一组数据为 5,65,49,7，计算平均值并说明步骤。 要求包含5个要点，控制在267字以内。",Model5,0.7245,1288.03,3.7006
"已知一组数据为 5,65,49,7，计算平均值并说明步骤。 要求包含5个要点，控制在267字以内。",Model6,0.7637,1241.57,5.0161
"已知一组数据为 5,65,49,7，计算平均值并说明步骤。 要求包含5个要点，控制在267字以内。",Model7,0.8419,1545.73,6.5430
"已知一组数据为 5,65,49,7，计算平均值并说明步骤。 要求包含5个要点，控制在267字以内。",Model8,0.8039,1613.12,7.4605
"已知一组数据为 5,65,49,7，计算平均值并说明步骤。 要求包含5个要点，控制在267字以内。",Model9,0.8347,1836.66,9.8181
"已知一组数据为 5,65,49,7，计算平均值并说明步骤。 要求包含5个要点，控制在267字以内。",Model10,0.8633,2019.95,12.1048
用 Python 编写函数，将列表中的重复元素去除并保持原顺序。 要求包含2个要点，控制在284字以内。,Model1,0.6217,692.65,1.4510
用 Python 编写函数，将列表中的重复元素去除并保持原顺序。 要求包含2个要点，控制在284字以内。,Model2,0.6596,776.40,1.6168
用 Python 编写函数，将列表中的重复元素去除并保持原顺序。 要求包含2个要点，控制在284字以内。,Model3,0.8889,845.51,2.1120
用 Python 编写函数，将列表中的重复元素去除并保持原顺序。 要求包含2个要点，控制在284字以内。,Model4,0.8132,1026.56,2.7266
用 Python 编写函数，将列表中的重复元素去除并保持原顺序。 要求包含2个要点，控制在284字以内。,Model5,0.8401,1033.43,3.4190
用 Python 编写函数，将列表中的重复元素去除并保持原顺序。 要求包含2个要点，控制在284字以内。,Model6,0.9038,967.87,4.2350
用 Python 编写函数，将列表中的重复元素去除并保持原顺序。 要求包含2个要点，控制在284字以内。,Model7,0.8907,1204.94,5.1931
用 Python 编写函数，将列表中的重复元素去除并保持原顺序。 要求包含2个要点，控制在284字以内。,Model8,0.8672,1220.77,6.3543
用 Python 编写函数，将列表中的重复元素去除并保持原顺序。 要求包含2个要点，控制在284字以内。,Model9,0.9099,1485.84,7.9398
用 Python 编写函数，将列表中的重复元素去除并保持原顺序。 要求包含2个要点，控制在284字以内。,Model10,0.9233,1412.63,10.3292
总结以下会议纪要，保留结论、负责人和下一步动作。 要求包含3个要点，控制在81字以内。,Model1,0.8519,682.88,1.6962
总结以下会议纪要，保留结论、负责人和下一步动作。 要求包含3个要点，控制在81字以内。,Model2,0.7935,879.26,2.1268
总结以下会议纪要，保留结论、负责人和下一步动作。 要求包含3个要点，控制在81字以内。,Model3,0.7750,818.90,2.8112
总结以下会议纪要，保留结论、负责人和下一步动作。 要求包含3个要点，控制在81字以内。,Model4,0.7437,1019.48,3.3522
总结以下会议纪要，保留结论、负责人和下一步动作。 要求包含3个要点，控制在81字以内。,Model5,0.8562,1131.58,4.0894
总结以下会议纪要，保留结论、负责人和下一步动作。 要求包含3个要点，控制在81字以内。,Model6,0.7918,1058.70,5.0557
总结以下会议纪要，保留结论、负责人和下一步动作。 要求包含3个要点，控制在81字以内。,Model7,0.8247,1214.43,6.9822
总结以下会议纪要，保留结论、负责人和下一步动作。 要求包含3个要点，控制在81字以内。,Model8,0.8839,1398.80,7.8527
总结以下会议纪要，保留结论、负责人和下一步动作。 要求包含3个要点，控制在81字以内。,Model9,0.8996,1483.76,10.4930
总结以下会议纪要，保留结论、负责人和下一步动作。 要求包含3个要点，控制在81字以内。,Model10,0.9083,1678.82,13.4693
把下面句子翻译成简洁、正式的英文：模型价格变化后，路由策略应自动调整。 要求包含4个要点，控制在98字以内。,Model1,0.6501,877.28,2.1257
把下面句子翻译成简洁、正式的英文：模型价格变化后，路由策略应自动调整。 要求包含4个要点，控制在98字以内。,Model2,0.8058,931.31,2.5409
把下面句子翻译成简洁、正式的英文：模型价格变化后，路由策略应自动调整。 要求包含4个要点，控制在98字以内。,Model3,0.6489,1000.65,3.3094
把下面句子翻译成简洁、正式的英文：模型价格变化后，路由策略应自动调整。 要求包含4个要点，控制在98字以内。,Model4,0.6182,1092.85,3.9381
把下面句子翻译成简洁、正式的英文：模型价格变化后，路由策略应自动调整。 要求包含4个要点，控制在98字以内。,Model5,0.7884,1118.01,4.9087
把下面句子翻译成简洁、正式的英文：模型价格变化后，路由策略应自动调整。 要求包含4个要点，控制在98字以内。,Model6,0.7024,1305.93,6.0735
把下面句子翻译成简洁、正式的英文：模型价格变化后，路由策略应自动调整。 要求包含4个要点，控制在98字以内。,Model7,0.7362,1469.55,7.6320
把下面句子翻译成简洁、正式的英文：模型价格变化后，路由策略应自动调整。 要求包含4个要点，控制在98字以内。,Model8,0.8344,1551.07,9.4143
把下面句子翻译成简洁、正式的英文：模型价格变化后，路由策略应自动调整。 要求包含4个要点，控制在98字以内。,Model9,0.8446,1616.22,12.4439
把下面句子翻译成简洁、正式的英文：模型价格变化后，路由策略应自动调整。 要求包含4个要点，控制在98字以内。,Model10,0.8599,1850.79,15.3790
从文本中提取姓名、公司、职位三个字段，并输出 JSON：张三就职于华星科技，担任研发经理。 要求包含5个要点，控制在115字以内。,Model1,0.8910,655.80,1.5655
从文本中提取姓名、公司、职位三个字段，并输出 JSON：张三就职于华星科技，担任研发经理。 要求包含5个要点，控制在115字以内。,Model2,0.8380,728.09,1.8958
从文本中提取姓名、公司、职位三个字段，并输出 JSON：张三就职于华星科技，担任研发经理。 要求包含5个要点，控制在115字以内。,Model3,0.8886,921.15,2.3796
从文本中提取姓名、公司、职位三个字段，并输出 JSON：张三就职于华星科技，担任研发经理。 要求包含5个要点，控制在115字以内。,Model4,0.8159,1009.39,2.9433
从文本中提取姓名、公司、职位三个字段，并输出 JSON：张三就职于华星科技，担任研发经理。 要求包含5个要点，控制在115字以内。,Model5,0.8696,939.73,3.6587
从文本中提取姓名、公司、职位三个字段，并输出 JSON：张三就职于华星科技，担任研发经理。 要求包含5个要点，控制在115字以内。,Model6,0.8691,921.33,4.5047
从文本中提取姓名、公司、职位三个字段，并输出 JSON：张三就职于华星科技，担任研发经理。 要求包含5个要点，控制在115字以内。,Model7,0.8707,1065.76,5.8082
从文本中提取姓名、公司、职位三个字段，并输出 JSON：张三就职于华星科技，担任研发经理。 要求包含5个要点，控制在115字以内。,Model8,0.8997,1293.47,7.2735
从文本中提取姓名、公司、职位三个字段，并输出 JSON：张三就职于华星科技，担任研发经理。 要求包含5个要点，控制在115字以内。,Model9,0.9185,1527.46,9.0645
从文本中提取姓名、公司、职位三个字段，并输出 JSON：张三就职于华星科技，担任研发经理。 要求包含5个要点，控制在115字以内。,Model10,0.9274,1549.20,11.1744
请解释请求调度的核心原理，并给出两个应用场景。 要求包含2个要点，控制在132字以内。,Model1,0.7816,822.66,1.5169
请解释请求调度的核心原理，并给出两个应用场景。 要求包含2个要点，控制在132字以内。,Model2,0.7961,861.29,1.8472
请解释请求调度的核心原理，并给出两个应用场景。 要求包含2个要点，控制在132字以内。,Model3,0.7760,876.11,2.2870
请解释请求调度的核心原理，并给出两个应用场景。 要求包含2个要点，控制在132字以内。,Model4,0.8150,1034.18,3.1004
请解释请求调度的核心原理，并给出两个应用场景。 要求包含2个要点，控制在132字以内。,Model5,0.8480,1152.95,3.5283
请解释请求调度的核心原理，并给出两个应用场景。 要求包含2个要点，控制在132字以内。,Model6,0.8482,1165.33,4.2857
请解释请求调度的核心原理，并给出两个应用场景。 要求包含2个要点，控制在132字以内。,Model7,0.8647,1315.62,5.5223
请解释请求调度的核心原理，并给出两个应用场景。 要求包含2个要点，控制在132字以内。,Model8,0.8817,1557.77,6.6849
请解释请求调度的核心原理，并给出两个应用场景。 要求包含2个要点，控制在132字以内。,Model9,0.8922,1647.76,8.7792
请解释请求调度的核心原理，并给出两个应用场景。 要求包含2个要点，控制在132字以内。,Model10,0.9011,1933.09,11.0720
"已知一组数据为 7,11,27,21，计算平均值并说明步骤。 要求包含3个要点，控制在149字以内。",Model1,0.6489,648.42,1.3146
"已知一组数据为 7,11,27,21，计算平均值并说明步骤。 要求包含3个要点，控制在149字以内。",Model2,0.7069,678.62,1.5653
"已知一组数据为 7,11,27,21，计算平均值并说明步骤。 要求包含3个要点，控制在149字以内。",Model3,0.7357,884.41,1.8808
"已知一组数据为 7,11,27,21，计算平均值并说明步骤。 要求包含3个要点，控制在149字以内。",Model4,0.9046,892.53,2.3942
"已知一组数据为 7,11,27,21，计算平均值并说明步骤。 要求包含3个要点，控制在149字以内。",Model5,0.8722,908.00,2.9107
"已知一组数据为 7,11,27,21，计算平均值并说明步骤。 要求包含3个要点，控制在149字以内。",Model6,0.8930,977.16,3.7556
"已知一组数据为 7,11,27,21，计算平均值并说明步骤。 要求包含3个要点，控制在149字以内。",Model7,0.9295,1105.44,4.7570
"已知一组数据为 7,11,27,21，计算平均值并说明步骤。 要求包含3个要点，控制在149字以内。",Model8,0.9041,1084.92,5.8349
"已知一组数据为 7,11,27,21，计算平均值并说明步骤。 要求包含3个要点，控制在149字以内。",Model9,0.9270,1323.72,7.4281
"已知一组数据为 7,11,27,21，计算平均值并说明步骤。 要求包含3个要点，控制在149字以内。",Model10,0.9399,1416.48,9.4310
修复这段伪代码中的边界错误，并说明时间复杂度。 要求包含4个要点，控制在166字以内。,Model1,0.5556,746.67,1.5093
修复这段伪代码中的边界错误，并说明时间复杂度。 要求包含4个要点，控制在166字以内。,Model2,0.5925,761.97,1.6938
修复这段伪代码中的边界错误，并说明时间复杂度。 要求包含4个要点，控制在166字以内。,Model3,0.8595,868.82,2.3015
修复这段伪代码中的边界错误，并说明时间复杂度。 要求包含4个要点，控制在166字以内。,Model4,0.7659,1011.33,2.7939
修复这段伪代码中的边界错误，并说明时间复杂度。 要求包含4个要点，控制在166字以内。,Model5,0.7923,1092.73,3.4436
修复这段伪代码中的边界错误，并说明时间复杂度。 要求包含4个要点，控制在166字以内。,Model6,0.8849,1000.54,4.0298
修复这段伪代码中的边界错误，并说明时间复杂度。 要求包含4个要点，控制在166字以内。,Model7,0.8637,1295.52,5.1404
修复这段伪代码中的边界错误，并说明时间复杂度。 要求包含4个要点，控制在166字以内。,Model8,0.8445,1346.54,6.6237
修复这段伪代码中的边界错误，并说明时间复杂度。 要求包含4个要点，控制在166字以内。,Model9,0.8902,1538.93,8.3744
修复这段伪代码中的边界错误，并说明时间复杂度。 要求包含4个要点，控制在166字以内。,Model10,0.9049,1668.62,10.2345
将这段技术说明概括为不超过120字的摘要。 要求包含5个要点，控制在183字以内。,Model1,0.8165,827.90,1.8428
将这段技术说明概括为不超过120字的摘要。 要求包含5个要点，控制在183字以内。,Model2,0.7594,960.34,2.2910
将这段技术说明概括为不超过120字的摘要。 要求包含5个要点，控制在183字以内。,Model3,0.7276,975.53,2.8878
将这段技术说明概括为不超过120字的摘要。 要求包含5个要点，控制在183字以内。,Model4,0.7095,1113.31,3.6036
将这段技术说明概括为不超过120字的摘要。 要求包含5个要点，控制在183字以内。,Model5,0.8226,1160.37,4.4163
将这段技术说明概括为不超过120字的摘要。 要求包含5个要点，控制在183字以内。,Model6,0.7576,1230.47,5.4588
将这段技术说明概括为不超过120字的摘要。 要求包含5个要点，控制在183字以内。,Model7,0.7966,1523.60,6.8534
将这段技术说明概括为不超过120字的摘要。 要求包含5个要点，控制在183字以内。,Model8,0.8606,1541.54,8.8493
将这段技术说明概括为不超过120字的摘要。 要求包含5个要点，控制在183字以内。,Model9,0.8812,1883.22,10.3783
将这段技术说明概括为不超过120字的摘要。 要求包含5个要点，控制在183字以内。,Model10,0.8800,1784.45,13.7095
将下面中文翻译成英文：系统应先满足质量阈值，再选择成本最低的模型。 要求包含2个要点，控制在200字以内。,Model1,0.8154,662.29,1.6539
将下面中文翻译成英文：系统应先满足质量阈值，再选择成本最低的模型。 要求包含2个要点，控制在200字以内。,Model2,0.9091,750.61,2.0052
将下面中文翻译成英文：系统应先满足质量阈值，再选择成本最低的模型。 要求包含2个要点，控制在200字以内。,Model3,0.8255,813.07,2.5628
将下面中文翻译成英文：系统应先满足质量阈值，再选择成本最低的模型。 要求包含2个要点，控制在200字以内。,Model4,0.8027,862.51,3.2743
将下面中文翻译成英文：系统应先满足质量阈值，再选择成本最低的模型。 要求包含2个要点，控制在200字以内。,Model5,0.8999,928.61,3.7072
将下面中文翻译成英文：系统应先满足质量阈值，再选择成本最低的模型。 要求包含2个要点，控制在200字以内。,Model6,0.8424,1018.44,4.8770
将下面中文翻译成英文：系统应先满足质量阈值，再选择成本最低的模型。 要求包含2个要点，控制在200字以内。,Model7,0.8705,1013.27,6.4350
将下面中文翻译成英文：系统应先满足质量阈值，再选择成本最低的模型。 要求包含2个要点，控制在200字以内。,Model8,0.9241,1233.45,7.3733
将下面中文翻译成英文：系统应先满足质量阈值，再选择成本最低的模型。 要求包含2个要点，控制在200字以内。,Model9,0.9306,1337.30,9.6933
将下面中文翻译成英文：系统应先满足质量阈值，再选择成本最低的模型。 要求包含2个要点，控制在200字以内。,Model10,0.9331,1416.51,12.1441
把以下内容整理为 key-value：客户=远航制造；问题=接口超时；优先级=高。 要求包含3个要点，控制在217字以内。,Model1,0.8696,765.45,1.5678
把以下内容整理为 key-value：客户=远航制造；问题=接口超时；优先级=高。 要求包含3个要点，控制在217字以内。,Model2,0.8040,836.52,1.8889
把以下内容整理为 key-value：客户=远航制造；问题=接口超时；优先级=高。 要求包含3个要点，控制在217字以内。,Model3,0.8632,947.64,2.3983
把以下内容整理为 key-value：客户=远航制造；问题=接口超时；优先级=高。 要求包含3个要点，控制在217字以内。,Model4,0.7684,1042.40,2.9357
把以下内容整理为 key-value：客户=远航制造；问题=接口超时；优先级=高。 要求包含3个要点，控制在217字以内。,Model5,0.8505,989.47,3.5265
把以下内容整理为 key-value：客户=远航制造；问题=接口超时；优先级=高。 要求包含3个要点，控制在217字以内。,Model6,0.8424,1135.08,4.4083
把以下内容整理为 key-value：客户=远航制造；问题=接口超时；优先级=高。 要求包含3个要点，控制在217字以内。,Model7,0.8401,1265.97,6.0546
把以下内容整理为 key-value：客户=远航制造；问题=接口超时；优先级=高。 要求包含3个要点，控制在217字以内。,Model8,0.8787,1307.44,7.1189
把以下内容整理为 key-value：客户=远航制造；问题=接口超时；优先级=高。 要求包含3个要点，控制在217字以内。,Model9,0.8995,1508.00,9.3970
把以下内容整理为 key-value：客户=远航制造；问题=接口超时；优先级=高。 要求包含3个要点，控制在217字以内。,Model10,0.9072,1528.45,11.3073
请解释并行计算的核心原理，并给出两个应用场景。 要求包含4个要点，控制在234字以内。,Model1,0.7283,783.41,1.6401
请解释并行计算的核心原理，并给出两个应用场景。 要求包含4个要点，控制在234字以内。,Model2,0.7531,938.35,1.9819
请解释并行计算的核心原理，并给出两个应用场景。 要求包含4个要点，控制在234字以内。,Model3,0.7370,1097.34,2.6438
请解释并行计算的核心原理，并给出两个应用场景。 要求包含4个要点，控制在234字以内。,Model4,0.7745,1148.85,3.0211
请解释并行计算的核心原理，并给出两个应用场景。 要求包含4个要点，控制在234字以内。,Model5,0.8186,1166.60,3.9219
请解释并行计算的核心原理，并给出两个应用场景。 要求包含4个要点，控制在234字以内。,Model6,0.8084,1247.38,4.4659
请解释并行计算的核心原理，并给出两个应用场景。 要求包含4个要点，控制在234字以内。,Model7,0.8296,1406.14,5.9270
请解释并行计算的核心原理，并给出两个应用场景。 要求包含4个要点，控制在234字以内。,Model8,0.8449,1546.46,7.1777
请解释并行计算的核心原理，并给出两个应用场景。 要求包含4个要点，控制在234字以内。,Model9,0.8611,1760.13,9.3762
请解释并行计算的核心原理，并给出两个应用场景。 要求包含4个要点，控制在234字以内。,Model10,0.8762,1987.53,11.5403
一个项目成功概率为0.6，连续两次至少成功一次的概率是多少？ 要求包含5个要点，控制在251字以内。,Model1,0.6080,682.91,1.4535
一个项目成功概率为0.6，连续两次至少成功一次的概率是多少？ 要求包含5个要点，控制在251字以内。,Model2,0.6472,811.05,1.6884
一个项目成功概率为0.6，连续两次至少成功一次的概率是多少？ 要求包含5个要点，控制在251字以内。,Model3,0.6926,874.93,2.1421
一个项目成功概率为0.6，连续两次至少成功一次的概率是多少？ 要求包含5个要点，控制在251字以内。,Model4,0.8824,937.22,2.8023
一个项目成功概率为0.6，连续两次至少成功一次的概率是多少？ 要求包含5个要点，控制在251字以内。,Model5,0.8318,1051.00,3.3462
一个项目成功概率为0.6，连续两次至少成功一次的概率是多少？ 要求包含5个要点，控制在251字以内。,Model6,0.8608,1118.02,4.1243
一个项目成功概率为0.6，连续两次至少成功一次的概率是多少？ 要求包含5个要点，控制在251字以内。,Model7,0.9069,1221.51,5.2426
一个项目成功概率为0.6，连续两次至少成功一次的概率是多少？ 要求包含5个要点，控制在251字以内。,Model8,0.8837,1507.82,6.6874
一个项目成功概率为0.6，连续两次至少成功一次的概率是多少？ 要求包含5个要点，控制在251字以内。,Model9,0.9089,1418.14,8.3047
一个项目成功概率为0.6，连续两次至少成功一次的概率是多少？ 要求包含5个要点，控制在251字以内。,Model10,0.9237,1730.20,9.9174
分析下面 SQL 的性能问题并给出索引建议：SELECT * FROM orders WHERE user_id=7 ORDER BY created_at DESC; 要求包含2个要点，控制在268字以内。,Model1,0.5060,846.79,1.7969
分析下面 SQL 的性能问题并给出索引建议：SELECT * FROM orders WHERE user_id=7 ORDER BY created_at DESC; 要求包含2个要点，控制在268字以内。,Model2,0.5366,863.31,2.1120
分析下面 SQL 的性能问题并给出索引建议：SELECT * FROM orders WHERE user_id=7 ORDER BY created_at DESC; 要求包含2个要点，控制在268字以内。,Model3,0.8290,849.06,2.6366
分析下面 SQL 的性能问题并给出索引建议：SELECT * FROM orders WHERE user_id=7 ORDER BY created_at DESC; 要求包含2个要点，控制在268字以内。,Model4,0.7291,1077.39,3.4071
分析下面 SQL 的性能问题并给出索引建议：SELECT * FROM orders WHERE user_id=7 ORDER BY created_at DESC; 要求包含2个要点，控制在268字以内。,Model5,0.7565,1130.68,4.2158
分析下面 SQL 的性能问题并给出索引建议：SELECT * FROM orders WHERE user_id=7 ORDER BY created_at DESC; 要求包含2个要点，控制在268字以内。,Model6,0.8523,1353.98,4.8359
分析下面 SQL 的性能问题并给出索引建议：SELECT * FROM orders WHERE user_id=7 ORDER BY created_at DESC; 要求包含2个要点，控制在268字以内。,Model7,0.8343,1339.04,6.5590
分析下面 SQL 的性能问题并给出索引建议：SELECT * FROM orders WHERE user_id=7 ORDER BY created_at DESC; 要求包含2个要点，控制在268字以内。,Model8,0.8028,1674.89,8.0234
分析下面 SQL 的性能问题并给出索引建议：SELECT * FROM orders WHERE user_id=7 ORDER BY created_at DESC; 要求包含2个要点，控制在268字以内。,Model9,0.8612,1570.57,9.9909
分析下面 SQL 的性能问题并给出索引建议：SELECT * FROM orders WHERE user_id=7 ORDER BY created_at DESC; 要求包含2个要点，控制在268字以内。,Model10,0.8809,1808.90,12.1711
将这段技术说明概括为不超过120字的摘要。 要求包含3个要点，控制在285字以内。,Model1,0.9160,656.42,1.4389
将这段技术说明概括为不超过120字的摘要。 要求包含3个要点，控制在285字以内。,Model2,0.8797,673.60,1.7636
将这段技术说明概括为不超过120字的摘要。 要求包含3个要点，控制在285字以内。,Model3,0.8597,746.11,2.3858
将这段技术说明概括为不超过120字的摘要。 要求包含3个要点，控制在285字以内。,Model4,0.8507,826.61,2.8178
将这段技术说明概括为不超过120字的摘要。 要求包含3个要点，控制在285字以内。,Model5,0.9171,826.96,3.5163
将这段技术说明概括为不超过120字的摘要。 要求包含3个要点，控制在285字以内。,Model6,0.8824,905.86,4.3545
将这段技术说明概括为不超过120字的摘要。 要求包含3个要点，控制在285字以内。,Model7,0.9041,971.02,5.5366
将这段技术说明概括为不超过120字的摘要。 要求包含3个要点，控制在285字以内。,Model8,0.9368,1022.31,6.6057
将这段技术说明概括为不超过120字的摘要。 要求包含3个要点，控制在285字以内。,Model9,0.9407,1221.06,8.1634
将这段技术说明概括为不超过120字的摘要。 要求包含3个要点，控制在285字以内。,Model10,0.9509,1500.67,11.1065
"Translate into Chinese: The router predicts quality, cost and latency for every candidate model. 要求包含4个要点，控制在82字以内。",Model1,0.7729,742.71,1.7017
"Translate into Chinese: The router predicts quality, cost and latency for every candidate model. 要求包含4个要点，控制在82字以内。",Model2,0.8891,723.89,2.1951
"Translate into Chinese: The router predicts quality, cost and latency for every candidate model. 要求包含4个要点，控制在82字以内。",Model3,0.7759,859.43,2.7836
"Translate into Chinese: The router predicts quality, cost and latency for every candidate model. 要求包含4个要点，控制在82字以内。",Model4,0.7613,920.98,3.4630
"Translate into Chinese: The router predicts quality, cost and latency for every candidate model. 要求包含4个要点，控制在82字以内。",Model5,0.8774,994.80,4.0345
"Translate into Chinese: The router predicts quality, cost and latency for every candidate model. 要求包含4个要点，控制在82字以内。",Model6,0.8127,1172.04,5.0215
"Translate into Chinese: The router predicts quality, cost and latency for every candidate model. 要求包含4个要点，控制在82字以内。",Model7,0.8436,1089.19,6.5401
"Translate into Chinese: The router predicts quality, cost and latency for every candidate model. 要求包含4个要点，控制在82字以内。",Model8,0.9009,1308.56,7.9762
"Translate into Chinese: The router predicts quality, cost and latency for every candidate model. 要求包含4个要点，控制在82字以内。",Model9,0.9146,1408.98,10.0598
"Translate into Chinese: The router predicts quality, cost and latency for every candidate model. 要求包含4个要点，控制在82字以内。",Model10,0.9162,1630.94,12.7589
从订单描述中抽取订单号、金额、日期，并按 JSON 返回：订单A8，金额32元，日期2026-09-07。 要求包含5个要点，控制在99字以内。,Model1,0.8336,798.02,1.8182
从订单描述中抽取订单号、金额、日期，并按 JSON 返回：订单A8，金额32元，日期2026-09-07。 要求包含5个要点，控制在99字以内。,Model2,0.7668,917.88,2.1454
从订单描述中抽取订单号、金额、日期，并按 JSON 返回：订单A8，金额32元，日期2026-09-07。 要求包含5个要点，控制在99字以内。,Model3,0.8296,1087.00,2.6980
从订单描述中抽取订单号、金额、日期，并按 JSON 返回：订单A8，金额32元，日期2026-09-07。 要求包含5个要点，控制在99字以内。,Model4,0.7342,1126.54,3.2669
从订单描述中抽取订单号、金额、日期，并按 JSON 返回：订单A8，金额32元，日期2026-09-07。 要求包含5个要点，控制在99字以内。,Model5,0.8143,1108.12,3.8408
从订单描述中抽取订单号、金额、日期，并按 JSON 返回：订单A8，金额32元，日期2026-09-07。 要求包含5个要点，控制在99字以内。,Model6,0.8100,1201.77,5.2080
从订单描述中抽取订单号、金额、日期，并按 JSON 返回：订单A8，金额32元，日期2026-09-07。 要求包含5个要点，控制在99字以内。,Model7,0.8128,1498.38,6.6513
从订单描述中抽取订单号、金额、日期，并按 JSON 返回：订单A8，金额32元，日期2026-09-07。 要求包含5个要点，控制在99字以内。,Model8,0.8472,1497.59,7.7374
从订单描述中抽取订单号、金额、日期，并按 JSON 返回：订单A8，金额32元，日期2026-09-07。 要求包含5个要点，控制在99字以内。,Model9,0.8753,1607.33,10.0639
从订单描述中抽取订单号、金额、日期，并按 JSON 返回：订单A8，金额32元，日期2026-09-07。 要求包含5个要点，控制在99字以内。,Model10,0.8870,1958.74,12.3485
请解释并行计算的核心原理，并给出两个应用场景。 要求包含2个要点，控制在116字以内。,Model1,0.8703,628.84,1.2846
请解释并行计算的核心原理，并给出两个应用场景。 要求包含2个要点，控制在116字以内。,Model2,0.8826,688.06,1.5047
请解释并行计算的核心原理，并给出两个应用场景。 要求包含2个要点，控制在116字以内。,Model3,0.8702,690.25,2.0288
请解释并行计算的核心原理，并给出两个应用场景。 要求包含2个要点，控制在116字以内。,Model4,0.8889,825.75,2.4085
请解释并行计算的核心原理，并给出两个应用场景。 要求包含2个要点，控制在116字以内。,Model5,0.9102,918.33,3.0027
请解释并行计算的核心原理，并给出两个应用场景。 要求包含2个要点，控制在116字以内。,Model6,0.9087,1032.11,3.6352
请解释并行计算的核心原理，并给出两个应用场景。 要求包含2个要点，控制在116字以内。,Model7,0.9213,1115.03,4.6418
请解释并行计算的核心原理，并给出两个应用场景。 要求包含2个要点，控制在116字以内。,Model8,0.9307,1044.32,5.7800
请解释并行计算的核心原理，并给出两个应用场景。 要求包含2个要点，控制在116字以内。,Model9,0.9369,1154.14,7.1866
请解释并行计算的核心原理，并给出两个应用场景。 要求包含2个要点，控制在116字以内。,Model10,0.9429,1395.98,9.0671
求解方程 9x + 73 = 82，写出计算过程。 要求包含3个要点，控制在133字以内。,Model1,0.5575,839.78,1.5354
求解方程 9x + 73 = 82，写出计算过程。 要求包含3个要点，控制在133字以内。,Model2,0.6012,829.67,1.8409
求解方程 9x + 73 = 82，写出计算过程。 要求包含3个要点，控制在133字以内。,Model3,0.6423,885.09,2.4060
求解方程 9x + 73 = 82，写出计算过程。 要求包含3个要点，控制在133字以内。,Model4,0.8549,951.55,2.8104
求解方程 9x + 73 = 82，写出计算过程。 要求包含3个要点，控制在133字以内。,Model5,0.8009,1133.44,3.3005
求解方程 9x + 73 = 82，写出计算过程。 要求包含3个要点，控制在133字以内。,Model6,0.8321,1330.65,4.3292
求解方程 9x + 73 = 82，写出计算过程。 要求包含3个要点，控制在133字以内。,Model7,0.8817,1205.40,5.6980
求解方程 9x + 73 = 82，写出计算过程。 要求包含3个要点，控制在133字以内。,Model8,0.8553,1527.40,7.2221
求解方程 9x + 73 = 82，写出计算过程。 要求包含3个要点，控制在133字以内。,Model9,0.8839,1504.02,8.6250
求解方程 9x + 73 = 82，写出计算过程。 要求包含3个要点，控制在133字以内。,Model10,0.9029,1756.52,11.0738
用 Python 编写函数，将列表中的重复元素去除并保持原顺序。 要求包含4个要点，控制在150字以内。,Model1,0.4325,897.31,1.7425
用 Python 编写函数，将列表中的重复元素去除并保持原顺序。 要求包含4个要点，控制在150字以内。,Model2,0.4735,951.76,2.0325
用 Python 编写函数，将列表中的重复元素去除并保持原顺序。 要求包含4个要点，控制在150字以内。,Model3,0.7939,1080.15,2.6882
用 Python 编写函数，将列表中的重复元素去除并保持原顺序。 要求包含4个要点，控制在150字以内。,Model4,0.6842,1133.28,3.3053
用 Python 编写函数，将列表中的重复元素去除并保持原顺序。 要求包含4个要点，控制在150字以内。,Model5,0.6912,1241.33,4.0630
用 Python 编写函数，将列表中的重复元素去除并保持原顺序。 要求包含4个要点，控制在150字以内。,Model6,0.8202,1204.78,4.9534
用 Python 编写函数，将列表中的重复元素去除并保持原顺序。 要求包含4个要点，控制在150字以内。,Model7,0.8040,1566.62,6.6637
用 Python 编写函数，将列表中的重复元素去除并保持原顺序。 要求包含4个要点，控制在150字以内。,Model8,0.7623,1591.84,7.4960
用 Python 编写函数，将列表中的重复元素去除并保持原顺序。 要求包含4个要点，控制在150字以内。,Model9,0.8296,1862.76,10.4678
用 Python 编写函数，将列表中的重复元素去除并保持原顺序。 要求包含4个要点，控制在150字以内。,Model10,0.8572,2003.65,12.6568
总结以下会议纪要，保留结论、负责人和下一步动作。 要求包含5个要点，控制在167字以内。,Model1,0.8975,628.18,1.6790
总结以下会议纪要，保留结论、负责人和下一步动作。 要求包含5个要点，控制在167字以内。,Model2,0.8493,656.36,1.9761
总结以下会议纪要，保留结论、负责人和下一步动作。 要求包含5个要点，控制在167字以内。,Model3,0.8240,800.40,2.4323
总结以下会议纪要，保留结论、负责人和下一步动作。 要求包含5个要点，控制在167字以内。,Model4,0.8136,855.68,3.1395
总结以下会议纪要，保留结论、负责人和下一步动作。 要求包含5个要点，控制在167字以内。,Model5,0.9021,893.64,3.6675
总结以下会议纪要，保留结论、负责人和下一步动作。 要求包含5个要点，控制在167字以内。,Model6,0.8458,1003.15,4.6037
总结以下会议纪要，保留结论、负责人和下一步动作。 要求包含5个要点，控制在167字以内。,Model7,0.8772,1277.14,6.0154
总结以下会议纪要，保留结论、负责人和下一步动作。 要求包含5个要点，控制在167字以内。,Model8,0.9241,1225.16,7.4305
总结以下会议纪要，保留结论、负责人和下一步动作。 要求包含5个要点，控制在167字以内。,Model9,0.9306,1341.57,9.6256
总结以下会议纪要，保留结论、负责人和下一步动作。 要求包含5个要点，控制在167字以内。,Model10,0.9324,1425.63,12.0736
"Translate into Chinese: The router predicts quality, cost and latency for every candidate model. 要求包含2个要点，控制在184字以内。",Model1,0.7393,723.38,1.8976
"Translate into Chinese: The router predicts quality, cost and latency for every candidate model. 要求包含2个要点，控制在184字以内。",Model2,0.8624,884.34,2.3416
"Translate into Chinese: The router predicts quality, cost and latency for every candidate model. 要求包含2个要点，控制在184字以内。",Model3,0.7316,937.54,2.9603
"Translate into Chinese: The router predicts quality, cost and latency for every candidate model. 要求包含2个要点，控制在184字以内。",Model4,0.7109,962.80,3.7799
"Translate into Chinese: The router predicts quality, cost and latency for every candidate model. 要求包含2个要点，控制在184字以内。",Model5,0.8420,1216.99,4.3739
"Translate into Chinese: The router predicts quality, cost and latency for every candidate model. 要求包含2个要点，控制在184字以内。",Model6,0.7714,1174.56,5.5611
"Translate into Chinese: The router predicts quality, cost and latency for every candidate model. 要求包含2个要点，控制在184字以内。",Model7,0.8074,1300.84,6.9316
"Translate into Chinese: The router predicts quality, cost and latency for every candidate model. 要求包含2个要点，控制在184字以内。",Model8,0.8807,1432.22,8.5823
"Translate into Chinese: The router predicts quality, cost and latency for every candidate model. 要求包含2个要点，控制在184字以内。",Model9,0.8889,1534.80,11.3601
"Translate into Chinese: The router predicts quality, cost and latency for every candidate model. 要求包含2个要点，控制在184字以内。",Model10,0.8963,1770.58,14.0879
把以下内容整理为 key-value：客户=远航制造；问题=接口超时；优先级=高。 要求包含3个要点，控制在201字以内。,Model1,0.9219,593.85,1.2545
把以下内容整理为 key-value：客户=远航制造；问题=接口超时；优先级=高。 要求包含3个要点，控制在201字以内。,Model2,0.8852,618.54,1.5491
把以下内容整理为 key-value：客户=远航制造；问题=接口超时；优先级=高。 要求包含3个要点，控制在201字以内。,Model3,0.9200,685.52,2.0040
把以下内容整理为 key-value：客户=远航制造；问题=接口超时；优先级=高。 要求包含3个要点，控制在201字以内。,Model4,0.8645,772.63,2.5287
把以下内容整理为 key-value：客户=远航制造；问题=接口超时；优先级=高。 要求包含3个要点，控制在201字以内。,Model5,0.9110,874.16,2.9199
把以下内容整理为 key-value：客户=远航制造；问题=接口超时；优先级=高。 要求包含3个要点，控制在201字以内。,Model6,0.9121,903.19,3.7445
把以下内容整理为 key-value：客户=远航制造；问题=接口超时；优先级=高。 要求包含3个要点，控制在201字以内。,Model7,0.9074,965.08,4.6144
把以下内容整理为 key-value：客户=远航制造；问题=接口超时；优先级=高。 要求包含3个要点，控制在201字以内。,Model8,0.9293,1054.66,5.8221
把以下内容整理为 key-value：客户=远航制造；问题=接口超时；优先级=高。 要求包含3个要点，控制在201字以内。,Model9,0.9455,1108.38,7.5528
把以下内容整理为 key-value：客户=远航制造；问题=接口超时；优先级=高。 要求包含3个要点，控制在201字以内。,Model10,0.9485,1234.64,8.6963
比较向量检索与成本控制的主要区别，并给出适用条件。 要求包含4个要点，控制在218字以内。,Model1,0.8326,649.34,1.4044
比较向量检索与成本控制的主要区别，并给出适用条件。 要求包含4个要点，控制在218字以内。,Model2,0.8517,742.47,1.6511
比较向量检索与成本控制的主要区别，并给出适用条件。 要求包含4个要点，控制在218字以内。,Model3,0.8430,793.00,2.1987
比较向量检索与成本控制的主要区别，并给出适用条件。 要求包含4个要点，控制在218字以内。,Model4,0.8625,842.12,2.5079
比较向量检索与成本控制的主要区别，并给出适用条件。 要求包含4个要点，控制在218字以内。,Model5,0.8931,1022.44,3.2006
比较向量检索与成本控制的主要区别，并给出适用条件。 要求包含4个要点，控制在218字以内。,Model6,0.8894,1112.67,4.0646
比较向量检索与成本控制的主要区别，并给出适用条件。 要求包含4个要点，控制在218字以内。,Model7,0.9043,1178.68,5.1273
比较向量检索与成本控制的主要区别，并给出适用条件。 要求包含4个要点，控制在218字以内。,Model8,0.9148,1292.49,6.0039
比较向量检索与成本控制的主要区别，并给出适用条件。 要求包含4个要点，控制在218字以内。,Model9,0.9236,1390.49,7.7936
比较向量检索与成本控制的主要区别，并给出适用条件。 要求包含4个要点，控制在218字以内。,Model10,0.9300,1649.42,10.0816
"已知一组数据为 9,29,46,11，计算平均值并说明步骤。 要求包含5个要点，控制在235字以内。",Model1,0.4847,876.63,1.6088
"已知一组数据为 9,29,46,11，计算平均值并说明步骤。 要求包含5个要点，控制在235字以内。",Model2,0.5395,909.49,1.9556
"已知一组数据为 9,29,46,11，计算平均值并说明步骤。 要求包含5个要点，控制在235字以内。",Model3,0.5809,941.37,2.5421
"已知一组数据为 9,29,46,11，计算平均值并说明步骤。 要求包含5个要点，控制在235字以内。",Model4,0.8218,1121.75,3.1426
"已知一组数据为 9,29,46,11，计算平均值并说明步骤。 要求包含5个要点，控制在235字以内。",Model5,0.7643,1181.71,3.7235
"已知一组数据为 9,29,46,11，计算平均值并说明步骤。 要求包含5个要点，控制在235字以内。",Model6,0.7969,1304.59,4.6613
"已知一组数据为 9,29,46,11，计算平均值并说明步骤。 要求包含5个要点，控制在235字以内。",Model7,0.8580,1347.18,5.8947
"已知一组数据为 9,29,46,11，计算平均值并说明步骤。 要求包含5个要点，控制在235字以内。",Model8,0.8184,1526.00,7.3465
"已知一组数据为 9,29,46,11，计算平均值并说明步骤。 要求包含5个要点，控制在235字以内。",Model9,0.8550,1861.01,9.1292
"已知一组数据为 9,29,46,11，计算平均值并说明步骤。 要求包含5个要点，控制在235字以内。",Model10,0.8816,2010.41,11.3824
分析下面 SQL 的性能问题并给出索引建议：SELECT * FROM orders WHERE user_id=5 ORDER BY created_at DESC; 要求包含2个要点，控制在252字以内。,Model1,0.6534,712.38,1.4483
分析下面 SQL 的性能问题并给出索引建议：SELECT * FROM orders WHERE user_id=5 ORDER BY created_at DESC; 要求包含2个要点，控制在252字以内。,Model2,0.6897,724.83,1.7103
分析下面 SQL 的性能问题并给出索引建议：SELECT * FROM orders WHERE user_id=5 ORDER BY created_at DESC; 要求包含2个要点，控制在252字以内。,Model3,0.9017,818.70,2.3400
分析下面 SQL 的性能问题并给出索引建议：SELECT * FROM orders WHERE user_id=5 ORDER BY created_at DESC; 要求包含2个要点，控制在252字以内。,Model4,0.8379,887.72,2.7855
分析下面 SQL 的性能问题并给出索引建议：SELECT * FROM orders WHERE user_id=5 ORDER BY created_at DESC; 要求包含2个要点，控制在252字以内。,Model5,0.8467,926.71,3.3409
分析下面 SQL 的性能问题并给出索引建议：SELECT * FROM orders WHERE user_id=5 ORDER BY created_at DESC; 要求包含2个要点，控制在252字以内。,Model6,0.9170,852.22,4.2276
分析下面 SQL 的性能问题并给出索引建议：SELECT * FROM orders WHERE user_id=5 ORDER BY created_at DESC; 要求包含2个要点，控制在252字以内。,Model7,0.9045,985.21,5.5181
分析下面 SQL 的性能问题并给出索引建议：SELECT * FROM orders WHERE user_id=5 ORDER BY created_at DESC; 要求包含2个要点，控制在252字以内。,Model8,0.8872,1218.55,6.6913
分析下面 SQL 的性能问题并给出索引建议：SELECT * FROM orders WHERE user_id=5 ORDER BY created_at DESC; 要求包含2个要点，控制在252字以内。,Model9,0.9184,1433.26,9.0589
分析下面 SQL 的性能问题并给出索引建议：SELECT * FROM orders WHERE user_id=5 ORDER BY created_at DESC; 要求包含2个要点，控制在252字以内。,Model10,0.9349,1484.62,10.1989
将这段技术说明概括为不超过120字的摘要。 要求包含3个要点，控制在269字以内。,Model1,0.8714,677.38,1.7190
将这段技术说明概括为不超过120字的摘要。 要求包含3个要点，控制在269字以内。,Model2,0.8137,745.68,2.0566
将这段技术说明概括为不超过120字的摘要。 要求包含3个要点，控制在269字以内。,Model3,0.7917,835.74,2.6236
将这段技术说明概括为不超过120字的摘要。 要求包含3个要点，控制在269字以内。,Model4,0.7778,956.82,3.2489
将这段技术说明概括为不超过120字的摘要。 要求包含3个要点，控制在269字以内。,Model5,0.8755,999.89,3.9606
将这段技术说明概括为不超过120字的摘要。 要求包含3个要点，控制在269字以内。,Model6,0.8209,1027.87,5.0685
将这段技术说明概括为不超过120字的摘要。 要求包含3个要点，控制在269字以内。,Model7,0.8570,1185.28,6.2093
将这段技术说明概括为不超过120字的摘要。 要求包含3个要点，控制在269字以内。,Model8,0.9027,1428.72,7.5049
将这段技术说明概括为不超过120字的摘要。 要求包含3个要点，控制在269字以内。,Model9,0.9106,1486.87,9.7229
将这段技术说明概括为不超过120字的摘要。 要求包含3个要点，控制在269字以内。,Model10,0.9176,1725.84,12.2750
"Translate into Chinese: The router predicts quality, cost and latency for every candidate model. 要求包含4个要点，控制在286字以内。",Model1,0.6823,761.29,1.9840
"Translate into Chinese: The router predicts quality, cost and latency for every candidate model. 要求包含4个要点，控制在286字以内。",Model2,0.8319,911.87,2.4144
"Translate into Chinese: The router predicts quality, cost and latency for every candidate model. 要求包含4个要点，控制在286字以内。",Model3,0.6846,983.97,3.1137
"Translate into Chinese: The router predicts quality, cost and latency for every candidate model. 要求包含4个要点，控制在286字以内。",Model4,0.6588,1103.61,3.6481
"Translate into Chinese: The router predicts quality, cost and latency for every candidate model. 要求包含4个要点，控制在286字以内。",Model5,0.8133,1094.84,4.5792
"Translate into Chinese: The router predicts quality, cost and latency for every candidate model. 要求包含4个要点，控制在286字以内。",Model6,0.7287,1315.49,6.3848
"Translate into Chinese: The router predicts quality, cost and latency for every candidate model. 要求包含4个要点，控制在286字以内。",Model7,0.7691,1332.10,7.2498
"Translate into Chinese: The router predicts quality, cost and latency for every candidate model. 要求包含4个要点，控制在286字以内。",Model8,0.8481,1512.72,8.9014
"Translate into Chinese: The router predicts quality, cost and latency for every candidate model. 要求包含4个要点，控制在286字以内。",Model9,0.8623,1660.60,12.2008
"Translate into Chinese: The router predicts quality, cost and latency for every candidate model. 要求包含4个要点，控制在286字以内。",Model10,0.8704,1946.11,15.0899
从订单描述中抽取订单号、金额、日期，并按 JSON 返回：订单A5，金额93元，日期2026-09-08。 要求包含5个要点，控制在83字以内。,Model1,0.9065,652.06,1.4411
从订单描述中抽取订单号、金额、日期，并按 JSON 返回：订单A5，金额93元，日期2026-09-08。 要求包含5个要点，控制在83字以内。,Model2,0.8560,735.06,1.7603
从订单描述中抽取订单号、金额、日期，并按 JSON 返回：订单A5，金额93元，日期2026-09-08。 要求包含5个要点，控制在83字以内。,Model3,0.9015,760.57,2.2773
从订单描述中抽取订单号、金额、日期，并按 JSON 返回：订单A5，金额93元，日期2026-09-08。 要求包含5个要点，控制在83字以内。,Model4,0.8312,729.39,2.9097
从订单描述中抽取订单号、金额、日期，并按 JSON 返回：订单A5，金额93元，日期2026-09-08。 要求包含5个要点，控制在83字以内。,Model5,0.8864,906.78,3.5549
从订单描述中抽取订单号、金额、日期，并按 JSON 返回：订单A5，金额93元，日期2026-09-08。 要求包含5个要点，控制在83字以内。,Model6,0.8853,942.24,4.2121
从订单描述中抽取订单号、金额、日期，并按 JSON 返回：订单A5，金额93元，日期2026-09-08。 要求包含5个要点，控制在83字以内。,Model7,0.8825,1113.86,5.2939
从订单描述中抽取订单号、金额、日期，并按 JSON 返回：订单A5，金额93元，日期2026-09-08。 要求包含5个要点，控制在83字以内。,Model8,0.9111,1137.55,6.8552
从订单描述中抽取订单号、金额、日期，并按 JSON 返回：订单A5，金额93元，日期2026-09-08。 要求包含5个要点，控制在83字以内。,Model9,0.9298,1377.24,8.1544
从订单描述中抽取订单号、金额、日期，并按 JSON 返回：订单A5，金额93元，日期2026-09-08。 要求包含5个要点，控制在83字以内。,Model10,0.9337,1409.95,10.7079
请解释成本控制的核心原理，并给出两个应用场景。 要求包含2个要点，控制在100字以内。,Model1,0.7930,666.44,1.4982
请解释成本控制的核心原理，并给出两个应用场景。 要求包含2个要点，控制在100字以内。,Model2,0.8151,894.30,1.7792
请解释成本控制的核心原理，并给出两个应用场景。 要求包含2个要点，控制在100字以内。,Model3,0.7996,871.25,2.2420
请解释成本控制的核心原理，并给出两个应用场景。 要求包含2个要点，控制在100字以内。,Model4,0.8320,971.96,2.8916
请解释成本控制的核心原理，并给出两个应用场景。 要求包含2个要点，控制在100字以内。,Model5,0.8662,1144.15,3.4468
请解释成本控制的核心原理，并给出两个应用场景。 要求包含2个要点，控制在100字以内。,Model6,0.8577,1166.58,4.3197
请解释成本控制的核心原理，并给出两个应用场景。 要求包含2个要点，控制在100字以内。,Model7,0.8803,1253.46,5.3345
请解释成本控制的核心原理，并给出两个应用场景。 要求包含2个要点，控制在100字以内。,Model8,0.8935,1352.73,6.7944
请解释成本控制的核心原理，并给出两个应用场景。 要求包含2个要点，控制在100字以内。,Model9,0.9007,1446.43,8.5780
请解释成本控制的核心原理，并给出两个应用场景。 要求包含2个要点，控制在100字以内。,Model10,0.9111,1915.69,10.6718
求解方程 4x + 69 = 40，写出计算过程。 要求包含3个要点，控制在117字以内。,Model1,0.4174,884.49,1.7523
求解方程 4x + 69 = 40，写出计算过程。 要求包含3个要点，控制在117字以内。,Model2,0.4764,1007.80,2.0906
求解方程 4x + 69 = 40，写出计算过程。 要求包含3个要点，控制在117字以内。,Model3,0.5338,1211.96,2.7316
求解方程 4x + 69 = 40，写出计算过程。 要求包含3个要点，控制在117字以内。,Model4,0.7735,1278.19,3.2542
求解方程 4x + 69 = 40，写出计算过程。 要求包含3个要点，控制在117字以内。,Model5,0.7125,1335.83,3.9399
求解方程 4x + 69 = 40，写出计算过程。 要求包含3个要点，控制在117字以内。,Model6,0.7597,1339.68,5.1297
求解方程 4x + 69 = 40，写出计算过程。 要求包含3个要点，控制在117字以内。,Model7,0.8219,1561.67,6.1926
求解方程 4x + 69 = 40，写出计算过程。 要求包含3个要点，控制在117字以内。,Model8,0.7892,1685.82,8.2102
求解方程 4x + 69 = 40，写出计算过程。 要求包含3个要点，控制在117字以内。,Model9,0.8222,1685.88,10.1191
求解方程 4x + 69 = 40，写出计算过程。 要求包含3个要点，控制在117字以内。,Model10,0.8529,1958.16,12.6122
用 Python 编写函数，将列表中的重复元素去除并保持原顺序。 要求包含4个要点，控制在134字以内。,Model1,0.5876,688.23,1.4834
用 Python 编写函数，将列表中的重复元素去除并保持原顺序。 要求包含4个要点，控制在134字以内。,Model2,0.6267,694.34,1.6681
用 Python 编写函数，将列表中的重复元素去除并保持原顺序。 要求包含4个要点，控制在134字以内。,Model3,0.8735,791.97,2.2852
用 Python 编写函数，将列表中的重复元素去除并保持原顺序。 要求包含4个要点，控制在134字以内。,Model4,0.8036,972.01,2.9020
用 Python 编写函数，将列表中的重复元素去除并保持原顺序。 要求包含4个要点，控制在134字以内。,Model5,0.8173,1083.07,3.4960
用 Python 编写函数，将列表中的重复元素去除并保持原顺序。 要求包含4个要点，控制在134字以内。,Model6,0.8964,1014.63,4.1521
用 Python 编写函数，将列表中的重复元素去除并保持原顺序。 要求包含4个要点，控制在134字以内。,Model7,0.8822,1226.11,5.3442
用 Python 编写函数，将列表中的重复元素去除并保持原顺序。 要求包含4个要点，控制在134字以内。,Model8,0.8574,1226.95,6.3213
用 Python 编写函数，将列表中的重复元素去除并保持原顺序。 要求包含4个要点，控制在134字以内。,Model9,0.9017,1536.19,8.3362
用 Python 编写函数，将列表中的重复元素去除并保持原顺序。 要求包含4个要点，控制在134字以内。,Model10,0.9192,1609.83,10.5263
总结以下会议纪要，保留结论、负责人和下一步动作。 要求包含5个要点，控制在151字以内。,Model1,0.8390,806.37,1.8002
总结以下会议纪要，保留结论、负责人和下一步动作。 要求包含5个要点，控制在151字以内。,Model2,0.7776,781.27,2.2087
总结以下会议纪要，保留结论、负责人和下一步动作。 要求包含5个要点，控制在151字以内。,Model3,0.7476,975.86,2.7854
总结以下会议纪要，保留结论、负责人和下一步动作。 要求包含5个要点，控制在151字以内。,Model4,0.7270,1087.04,3.5900
总结以下会议纪要，保留结论、负责人和下一步动作。 要求包含5个要点，控制在151字以内。,Model5,0.8465,1184.13,4.2659
总结以下会议纪要，保留结论、负责人和下一步动作。 要求包含5个要点，控制在151字以内。,Model6,0.7810,1120.62,5.3277
总结以下会议纪要，保留结论、负责人和下一步动作。 要求包含5个要点，控制在151字以内。,Model7,0.8202,1399.91,6.8289
总结以下会议纪要，保留结论、负责人和下一步动作。 要求包含5个要点，控制在151字以内。,Model8,0.8787,1342.08,8.8056
总结以下会议纪要，保留结论、负责人和下一步动作。 要求包含5个要点，控制在151字以内。,Model9,0.8907,1646.82,10.6332
总结以下会议纪要，保留结论、负责人和下一步动作。 要求包含5个要点，控制在151字以内。,Model10,0.9000,1669.49,13.5558
将下面中文翻译成英文：系统应先满足质量阈值，再选择成本最低的模型。 要求包含2个要点，控制在168字以内。,Model1,0.8377,608.50,1.5967
将下面中文翻译成英文：系统应先满足质量阈值，再选择成本最低的模型。 要求包含2个要点，控制在168字以内。,Model2,0.9247,680.69,1.9726
将下面中文翻译成英文：系统应先满足质量阈值，再选择成本最低的模型。 要求包含2个要点，控制在168字以内。,Model3,0.8382,796.43,2.5248
将下面中文翻译成英文：系统应先满足质量阈值，再选择成本最低的模型。 要求包含2个要点，控制在168字以内。,Model4,0.8148,771.15,3.0564
将下面中文翻译成英文：系统应先满足质量阈值，再选择成本最低的模型。 要求包含2个要点，控制在168字以内。,Model5,0.9079,883.44,3.6807
将下面中文翻译成英文：系统应先满足质量阈值，再选择成本最低的模型。 要求包含2个要点，控制在168字以内。,Model6,0.8605,948.57,4.7594
将下面中文翻译成英文：系统应先满足质量阈值，再选择成本最低的模型。 要求包含2个要点，控制在168字以内。,Model7,0.8848,1048.67,6.0076
将下面中文翻译成英文：系统应先满足质量阈值，再选择成本最低的模型。 要求包含2个要点，控制在168字以内。,Model8,0.9303,1109.37,7.3317
将下面中文翻译成英文：系统应先满足质量阈值，再选择成本最低的模型。 要求包含2个要点，控制在168字以内。,Model9,0.9348,1200.66,8.8896
将下面中文翻译成英文：系统应先满足质量阈值，再选择成本最低的模型。 要求包含2个要点，控制在168字以内。,Model10,0.9431,1258.30,11.2258
把以下内容整理为 key-value：客户=远航制造；问题=接口超时；优先级=高。 要求包含3个要点，控制在185字以内。,Model1,0.8804,681.56,1.5552
把以下内容整理为 key-value：客户=远航制造；问题=接口超时；优先级=高。 要求包含3个要点，控制在185字以内。,Model2,0.8226,865.20,1.7789
把以下内容整理为 key-value：客户=远航制造；问题=接口超时；优先级=高。 要求包含3个要点，控制在185字以内。,Model3,0.8785,870.82,2.2429
把以下内容整理为 key-value：客户=远航制造；问题=接口超时；优先级=高。 要求包含3个要点，控制在185字以内。,Model4,0.7951,945.60,2.7577
把以下内容整理为 key-value：客户=远航制造；问题=接口超时；优先级=高。 要求包含3个要点，控制在185字以内。,Model5,0.8679,967.07,3.4537
把以下内容整理为 key-value：客户=远航制造；问题=接口超时；优先级=高。 要求包含3个要点，控制在185字以内。,Model6,0.8622,1121.25,4.2564
把以下内容整理为 key-value：客户=远航制造；问题=接口超时；优先级=高。 要求包含3个要点，控制在185字以内。,Model7,0.8595,1187.59,5.5391
把以下内容整理为 key-value：客户=远航制造；问题=接口超时；优先级=高。 要求包含3个要点，控制在185字以内。,Model8,0.8897,1380.99,6.8107
把以下内容整理为 key-value：客户=远航制造；问题=接口超时；优先级=高。 要求包含3个要点，控制在185字以内。,Model9,0.9129,1457.74,8.7397
把以下内容整理为 key-value：客户=远航制造；问题=接口超时；优先级=高。 要求包含3个要点，控制在185字以内。,Model10,0.9185,1573.19,11.1170
比较并行计算与编译优化的主要区别，并给出适用条件。 要求包含4个要点，控制在202字以内。,Model1,0.7573,872.91,1.6013
比较并行计算与编译优化的主要区别，并给出适用条件。 要求包含4个要点，控制在202字以内。,Model2,0.7803,907.41,1.9947
比较并行计算与编译优化的主要区别，并给出适用条件。 要求包含4个要点，控制在202字以内。,Model3,0.7675,946.15,2.4957
比较并行计算与编译优化的主要区别，并给出适用条件。 要求包含4个要点，控制在202字以内。,Model4,0.7885,1096.50,3.0512
比较并行计算与编译优化的主要区别，并给出适用条件。 要求包含4个要点，控制在202字以内。,Model5,0.8340,1229.53,3.8536
比较并行计算与编译优化的主要区别，并给出适用条件。 要求包含4个要点，控制在202字以内。,Model6,0.8390,1223.19,4.6539
比较并行计算与编译优化的主要区别，并给出适用条件。 要求包含4个要点，控制在202字以内。,Model7,0.8428,1297.92,5.9732
比较并行计算与编译优化的主要区别，并给出适用条件。 要求包含4个要点，控制在202字以内。,Model8,0.8612,1509.51,7.3079
比较并行计算与编译优化的主要区别，并给出适用条件。 要求包含4个要点，控制在202字以内。,Model9,0.8763,1662.16,9.0078
比较并行计算与编译优化的主要区别，并给出适用条件。 要求包含4个要点，控制在202字以内。,Model10,0.8888,1838.84,11.2209
一个项目成功概率为0.2，连续两次至少成功一次的概率是多少？ 要求包含5个要点，控制在219字以内。,Model1,0.6293,692.10,1.3891
一个项目成功概率为0.2，连续两次至少成功一次的概率是多少？ 要求包含5个要点，控制在219字以内。,Model2,0.6828,765.07,1.6013
一个项目成功概率为0.2，连续两次至少成功一次的概率是多少？ 要求包含5个要点，控制在219字以内。,Model3,0.7203,858.75,2.1499
一个项目成功概率为0.2，连续两次至少成功一次的概率是多少？ 要求包含5个要点，控制在219字以内。,Model4,0.8937,906.28,2.6463
一个项目成功概率为0.2，连续两次至少成功一次的概率是多少？ 要求包含5个要点，控制在219字以内。,Model5,0.8554,957.80,3.2107
一个项目成功概率为0.2，连续两次至少成功一次的概率是多少？ 要求包含5个要点，控制在219字以内。,Model6,0.8780,1038.44,4.0778
一个项目成功概率为0.2，连续两次至少成功一次的概率是多少？ 要求包含5个要点，控制在219字以内。,Model7,0.9165,1145.73,5.2024
一个项目成功概率为0.2，连续两次至少成功一次的概率是多少？ 要求包含5个要点，控制在219字以内。,Model8,0.8946,1395.63,6.5089
一个项目成功概率为0.2，连续两次至少成功一次的概率是多少？ 要求包含5个要点，控制在219字以内。,Model9,0.9178,1312.60,7.8529
一个项目成功概率为0.2，连续两次至少成功一次的概率是多少？ 要求包含5个要点，控制在219字以内。,Model10,0.9307,1468.55,9.9672
用 Python 编写函数，将列表中的重复元素去除并保持原顺序。 要求包含2个要点，控制在236字以内。,Model1,0.5375,785.59,1.5294
用 Python 编写函数，将列表中的重复元素去除并保持原顺序。 要求包含2个要点，控制在236字以内。,Model2,0.5752,848.30,1.8127
用 Python 编写函数，将列表中的重复元素去除并保持原顺序。 要求包含2个要点，控制在236字以内。,Model3,0.8454,988.10,2.3507
用 Python 编写函数，将列表中的重复元素去除并保持原顺序。 要求包含2个要点，控制在236字以内。,Model4,0.7539,994.24,2.9668
用 Python 编写函数，将列表中的重复元素去除并保持原顺序。 要求包含2个要点，控制在236字以内。,Model5,0.7791,1049.50,3.8026
用 Python 编写函数，将列表中的重复元素去除并保持原顺序。 要求包含2个要点，控制在236字以内。,Model6,0.8666,1138.62,4.6083
用 Python 编写函数，将列表中的重复元素去除并保持原顺序。 要求包含2个要点，控制在236字以内。,Model7,0.8588,1190.51,5.9529
用 Python 编写函数，将列表中的重复元素去除并保持原顺序。 要求包含2个要点，控制在236字以内。,Model8,0.8303,1398.21,7.1793
用 Python 编写函数，将列表中的重复元素去除并保持原顺序。 要求包含2个要点，控制在236字以内。,Model9,0.8773,1454.61,8.8178
用 Python 编写函数，将列表中的重复元素去除并保持原顺序。 要求包含2个要点，控制在236字以内。,Model10,0.8997,1696.71,11.5849
总结以下会议纪要，保留结论、负责人和下一步动作。 要求包含3个要点，控制在253字以内。,Model1,0.8092,842.75,1.8714
总结以下会议纪要，保留结论、负责人和下一步动作。 要求包含3个要点，控制在253字以内。,Model2,0.7262,992.25,2.4297
总结以下会议纪要，保留结论、负责人和下一步动作。 要求包含3个要点，控制在253字以内。,Model3,0.7013,1004.77,3.0624
总结以下会议纪要，保留结论、负责人和下一步动作。 要求包含3个要点，控制在253字以内。,Model4,0.6808,1260.80,3.8036
总结以下会议纪要，保留结论、负责人和下一步动作。 要求包含3个要点，控制在253字以内。,Model5,0.8056,1263.76,4.4556
总结以下会议纪要，保留结论、负责人和下一步动作。 要求包含3个要点，控制在253字以内。,Model6,0.7342,1333.82,5.7382
总结以下会议纪要，保留结论、负责人和下一步动作。 要求包含3个要点，控制在253字以内。,Model7,0.7743,1409.39,7.1465
总结以下会议纪要，保留结论、负责人和下一步动作。 要求包含3个要点，控制在253字以内。,Model8,0.8476,1580.67,8.8348
总结以下会议纪要，保留结论、负责人和下一步动作。 要求包含3个要点，控制在253字以内。,Model9,0.8590,1702.14,10.9487
总结以下会议纪要，保留结论、负责人和下一步动作。 要求包含3个要点，控制在253字以内。,Model10,0.8757,1941.81,13.9766
"Translate into Chinese: The router predicts quality, cost and latency for every candidate model. 要求包含4个要点，控制在270字以内。",Model1,0.8033,690.37,1.7452
"Translate into Chinese: The router predicts quality, cost and latency for every candidate model. 要求包含4个要点，控制在270字以内。",Model2,0.8985,796.44,1.9748
"Translate into Chinese: The router predicts quality, cost and latency for every candidate model. 要求包含4个要点，控制在270字以内。",Model3,0.8048,750.74,2.5883
"Translate into Chinese: The router predicts quality, cost and latency for every candidate model. 要求包含4个要点，控制在270字以内。",Model4,0.7776,864.50,3.3523
"Translate into Chinese: The router predicts quality, cost and latency for every candidate model. 要求包含4个要点，控制在270字以内。",Model5,0.8884,950.14,3.6878
"Translate into Chinese: The router predicts quality, cost and latency for every candidate model. 要求包含4个要点，控制在270字以内。",Model6,0.8381,946.09,5.0393
"Translate into Chinese: The router predicts quality, cost and latency for every candidate model. 要求包含4个要点，控制在270字以内。",Model7,0.8544,1190.06,6.2559
"Translate into Chinese: The router predicts quality, cost and latency for every candidate model. 要求包含4个要点，控制在270字以内。",Model8,0.9143,1257.75,7.9766
"Translate into Chinese: The router predicts quality, cost and latency for every candidate model. 要求包含4个要点，控制在270字以内。",Model9,0.9220,1420.51,10.0347
"Translate into Chinese: The router predicts quality, cost and latency for every candidate model. 要求包含4个要点，控制在270字以内。",Model10,0.9285,1581.98,12.7393
从订单描述中抽取订单号、金额、日期，并按 JSON 返回：订单A3，金额50元，日期2026-09-27。 要求包含5个要点，控制在287字以内。,Model1,0.8559,802.14,1.7026
从订单描述中抽取订单号、金额、日期，并按 JSON 返回：订单A3，金额50元，日期2026-09-27。 要求包含5个要点，控制在287字以内。,Model2,0.7762,871.84,2.0326
从订单描述中抽取订单号、金额、日期，并按 JSON 返回：订单A3，金额50元，日期2026-09-27。 要求包含5个要点，控制在287字以内。,Model3,0.8563,1017.49,2.6128
从订单描述中抽取订单号、金额、日期，并按 JSON 返回：订单A3，金额50元，日期2026-09-27。 要求包含5个要点，控制在287字以内。,Model4,0.7554,1023.25,3.2921
从订单描述中抽取订单号、金额、日期，并按 JSON 返回：订单A3，金额50元，日期2026-09-27。 要求包含5个要点，控制在287字以内。,Model5,0.8322,952.03,4.1015
从订单描述中抽取订单号、金额、日期，并按 JSON 返回：订单A3，金额50元，日期2026-09-27。 要求包含5个要点，控制在287字以内。,Model6,0.8333,1200.84,5.1178
从订单描述中抽取订单号、金额、日期，并按 JSON 返回：订单A3，金额50元，日期2026-09-27。 要求包含5个要点，控制在287字以内。,Model7,0.8269,1251.67,6.2135
从订单描述中抽取订单号、金额、日期，并按 JSON 返回：订单A3，金额50元，日期2026-09-27。 要求包含5个要点，控制在287字以内。,Model8,0.8668,1679.87,7.8913
从订单描述中抽取订单号、金额、日期，并按 JSON 返回：订单A3，金额50元，日期2026-09-27。 要求包含5个要点，控制在287字以内。,Model9,0.8903,1420.30,10.1813
从订单描述中抽取订单号、金额、日期，并按 JSON 返回：订单A3，金额50元，日期2026-09-27。 要求包含5个要点，控制在287字以内。,Model10,0.8989,1789.35,12.4216
请解释缓存机制的核心原理，并给出两个应用场景。 要求包含2个要点，控制在84字以内。,Model1,0.8815,611.03,1.1696
请解释缓存机制的核心原理，并给出两个应用场景。 要求包含2个要点，控制在84字以内。,Model2,0.8927,661.37,1.4014
请解释缓存机制的核心原理，并给出两个应用场景。 要求包含2个要点，控制在84字以内。,Model3,0.8828,657.83,1.7855
请解释缓存机制的核心原理，并给出两个应用场景。 要求包含2个要点，控制在84字以内。,Model4,0.9011,808.46,2.2521
请解释缓存机制的核心原理，并给出两个应用场景。 要求包含2个要点，控制在84字以内。,Model5,0.9242,847.17,2.7770
请解释缓存机制的核心原理，并给出两个应用场景。 要求包含2个要点，控制在84字以内。,Model6,0.9200,940.63,3.5130
请解释缓存机制的核心原理，并给出两个应用场景。 要求包含2个要点，控制在84字以内。,Model7,0.9306,931.23,4.4780
请解释缓存机制的核心原理，并给出两个应用场景。 要求包含2个要点，控制在84字以内。,Model8,0.9394,1100.76,5.4337
请解释缓存机制的核心原理，并给出两个应用场景。 要求包含2个要点，控制在84字以内。,Model9,0.9461,1230.54,6.8979
请解释缓存机制的核心原理，并给出两个应用场景。 要求包含2个要点，控制在84字以内。,Model10,0.9491,1412.58,8.5594
一个项目成功概率为0.9，连续两次至少成功一次的概率是多少？ 要求包含3个要点，控制在101字以内。,Model1,0.5806,766.44,1.5473
一个项目成功概率为0.9，连续两次至少成功一次的概率是多少？ 要求包含3个要点，控制在101字以内。,Model2,0.6295,790.83,1.8365
一个项目成功概率为0.9，连续两次至少成功一次的概率是多少？ 要求包含3个要点，控制在101字以内。,Model3,0.6700,919.55,2.2481
一个项目成功概率为0.9，连续两次至少成功一次的概率是多少？ 要求包含3个要点，控制在101字以内。,Model4,0.8693,978.83,2.8085
一个项目成功概率为0.9，连续两次至少成功一次的概率是多少？ 要求包含3个要点，控制在101字以内。,Model5,0.8241,1176.40,3.4595
一个项目成功概率为0.9，连续两次至少成功一次的概率是多少？ 要求包含3个要点，控制在101字以内。,Model6,0.8503,1070.01,4.4165
一个项目成功概率为0.9，连续两次至少成功一次的概率是多少？ 要求包含3个要点，控制在101字以内。,Model7,0.8985,1230.11,5.4154
一个项目成功概率为0.9，连续两次至少成功一次的概率是多少？ 要求包含3个要点，控制在101字以内。,Model8,0.8725,1226.56,6.5733
一个项目成功概率为0.9，连续两次至少成功一次的概率是多少？ 要求包含3个要点，控制在101字以内。,Model9,0.8995,1547.00,8.0766
一个项目成功概率为0.9，连续两次至少成功一次的概率是多少？ 要求包含3个要点，控制在101字以内。,Model10,0.9129,1666.88,10.7454
修复这段伪代码中的边界错误，并说明时间复杂度。 要求包含4个要点，控制在118字以内。,Model1,0.4790,877.84,1.6261
修复这段伪代码中的边界错误，并说明时间复杂度。 要求包含4个要点，控制在118字以内。,Model2,0.5078,939.10,1.9485
修复这段伪代码中的边界错误，并说明时间复杂度。 要求包含4个要点，控制在118字以内。,Model3,0.8130,1045.08,2.5531
修复这段伪代码中的边界错误，并说明时间复杂度。 要求包含4个要点，控制在118字以内。,Model4,0.7144,1120.89,3.0535
修复这段伪代码中的边界错误，并说明时间复杂度。 要求包含4个要点，控制在118字以内。,Model5,0.7302,1057.71,3.6642
修复这段伪代码中的边界错误，并说明时间复杂度。 要求包含4个要点，控制在118字以内。,Model6,0.8427,1182.04,4.8905
修复这段伪代码中的边界错误，并说明时间复杂度。 要求包含4个要点，控制在118字以内。,Model7,0.8238,1410.24,6.1936
修复这段伪代码中的边界错误，并说明时间复杂度。 要求包含4个要点，控制在118字以内。,Model8,0.7807,1709.80,7.9895
修复这段伪代码中的边界错误，并说明时间复杂度。 要求包含4个要点，控制在118字以内。,Model9,0.8524,1568.45,9.1896
修复这段伪代码中的边界错误，并说明时间复杂度。 要求包含4个要点，控制在118字以内。,Model10,0.8723,1920.55,11.3172
请把下面材料压缩成三点摘要：企业上线多模型后，需要在质量、成本和延迟之间进行路由选择。 要求包含5个要点，控制在135字以内。,Model1,0.9039,559.07,1.7817
请把下面材料压缩成三点摘要：企业上线多模型后，需要在质量、成本和延迟之间进行路由选择。 要求包含5个要点，控制在135字以内。,Model2,0.8669,668.26,2.1384
请把下面材料压缩成三点摘要：企业上线多模型后，需要在质量、成本和延迟之间进行路由选择。 要求包含5个要点，控制在135字以内。,Model3,0.8485,735.43,2.7927
请把下面材料压缩成三点摘要：企业上线多模型后，需要在质量、成本和延迟之间进行路由选择。 要求包含5个要点，控制在135字以内。,Model4,0.8315,832.87,3.3208
请把下面材料压缩成三点摘要：企业上线多模型后，需要在质量、成本和延迟之间进行路由选择。 要求包含5个要点，控制在135字以内。,Model5,0.9098,858.06,3.8502
请把下面材料压缩成三点摘要：企业上线多模型后，需要在质量、成本和延迟之间进行路由选择。 要求包含5个要点，控制在135字以内。,Model6,0.8684,897.23,4.9552
请把下面材料压缩成三点摘要：企业上线多模型后，需要在质量、成本和延迟之间进行路由选择。 要求包含5个要点，控制在135字以内。,Model7,0.8888,1134.53,6.3782
请把下面材料压缩成三点摘要：企业上线多模型后，需要在质量、成本和延迟之间进行路由选择。 要求包含5个要点，控制在135字以内。,Model8,0.9248,1041.92,7.9042
请把下面材料压缩成三点摘要：企业上线多模型后，需要在质量、成本和延迟之间进行路由选择。 要求包含5个要点，控制在135字以内。,Model9,0.9355,1278.05,10.7156
请把下面材料压缩成三点摘要：企业上线多模型后，需要在质量、成本和延迟之间进行路由选择。 要求包含5个要点，控制在135字以内。,Model10,0.9429,1581.23,12.8343
将下面中文翻译成英文：系统应先满足质量阈值，再选择成本最低的模型。 要求包含2个要点，控制在152字以内。,Model1,0.7543,770.61,1.8414
将下面中文翻译成英文：系统应先满足质量阈值，再选择成本最低的模型。 要求包含2个要点，控制在152字以内。,Model2,0.8805,754.97,2.2188
将下面中文翻译成英文：系统应先满足质量阈值，再选择成本最低的模型。 要求包含2个要点，控制在152字以内。,Model3,0.7624,982.30,2.9121
将下面中文翻译成英文：系统应先满足质量阈值，再选择成本最低的模型。 要求包含2个要点，控制在152字以内。,Model4,0.7323,918.62,3.4502
将下面中文翻译成英文：系统应先满足质量阈值，再选择成本最低的模型。 要求包含2个要点，控制在152字以内。,Model5,0.8630,1055.40,4.3215
将下面中文翻译成英文：系统应先满足质量阈值，再选择成本最低的模型。 要求包含2个要点，控制在152字以内。,Model6,0.7933,1193.56,5.4751
将下面中文翻译成英文：系统应先满足质量阈值，再选择成本最低的模型。 要求包含2个要点，控制在152字以内。,Model7,0.8236,1475.38,6.8020
将下面中文翻译成英文：系统应先满足质量阈值，再选择成本最低的模型。 要求包含2个要点，控制在152字以内。,Model8,0.8874,1282.06,8.7914
将下面中文翻译成英文：系统应先满足质量阈值，再选择成本最低的模型。 要求包含2个要点，控制在152字以内。,Model9,0.9031,1455.69,10.3405
将下面中文翻译成英文：系统应先满足质量阈值，再选择成本最低的模型。 要求包含2个要点，控制在152字以内。,Model10,0.9127,1638.40,13.3387
从订单描述中抽取订单号、金额、日期，并按 JSON 返回：订单A4，金额32元，日期2026-09-16。 要求包含3个要点，控制在169字以内。,Model1,0.8174,851.90,1.7918
从订单描述中抽取订单号、金额、日期，并按 JSON 返回：订单A4，金额32元，日期2026-09-16。 要求包含3个要点，控制在169字以内。,Model2,0.7378,959.32,2.0941
从订单描述中抽取订单号、金额、日期，并按 JSON 返回：订单A4，金额32元，日期2026-09-16。 要求包含3个要点，控制在169字以内。,Model3,0.8129,1013.63,2.9464
从订单描述中抽取订单号、金额、日期，并按 JSON 返回：订单A4，金额32元，日期2026-09-16。 要求包含3个要点，控制在169字以内。,Model4,0.7012,1153.86,3.3745
从订单描述中抽取订单号、金额、日期，并按 JSON 返回：订单A4，金额32元，日期2026-09-16。 要求包含3个要点，控制在169字以内。,Model5,0.7955,1075.77,4.1312
从订单描述中抽取订单号、金额、日期，并按 JSON 返回：订单A4，金额32元，日期2026-09-16。 要求包含3个要点，控制在169字以内。,Model6,0.7927,1285.17,5.1228
从订单描述中抽取订单号、金额、日期，并按 JSON 返回：订单A4，金额32元，日期2026-09-16。 要求包含3个要点，控制在169字以内。,Model7,0.7880,1427.11,6.9592
从订单描述中抽取订单号、金额、日期，并按 JSON 返回：订单A4，金额32元，日期2026-09-16。 要求包含3个要点，控制在169字以内。,Model8,0.8284,1590.35,8.3601
从订单描述中抽取订单号、金额、日期，并按 JSON 返回：订单A4，金额32元，日期2026-09-16。 要求包含3个要点，控制在169字以内。,Model9,0.8627,1637.66,10.6188
从订单描述中抽取订单号、金额、日期，并按 JSON 返回：订单A4，金额32元，日期2026-09-16。 要求包含3个要点，控制在169字以内。,Model10,0.8762,2004.79,12.7133
为什么请求调度在实际系统中重要？请用通俗语言回答。 要求包含4个要点，控制在186字以内。,Model1,0.8589,626.95,1.3196
为什么请求调度在实际系统中重要？请用通俗语言回答。 要求包含4个要点，控制在186字以内。,Model2,0.8680,742.39,1.5829
为什么请求调度在实际系统中重要？请用通俗语言回答。 要求包含4个要点，控制在186字以内。,Model3,0.8574,813.57,2.0600
为什么请求调度在实际系统中重要？请用通俗语言回答。 要求包含4个要点，控制在186字以内。,Model4,0.8778,849.33,2.5620
为什么请求调度在实际系统中重要？请用通俗语言回答。 要求包含4个要点，控制在186字以内。,Model5,0.9047,896.02,2.9592
为什么请求调度在实际系统中重要？请用通俗语言回答。 要求包含4个要点，控制在186字以内。,Model6,0.9005,1021.37,3.8424
为什么请求调度在实际系统中重要？请用通俗语言回答。 要求包含4个要点，控制在186字以内。,Model7,0.9130,1000.84,5.0454
为什么请求调度在实际系统中重要？请用通俗语言回答。 要求包含4个要点，控制在186字以内。,Model8,0.9236,1243.23,5.8922
为什么请求调度在实际系统中重要？请用通俗语言回答。 要求包含4个要点，控制在186字以内。,Model9,0.9303,1374.35,7.7586
为什么请求调度在实际系统中重要？请用通俗语言回答。 要求包含4个要点，控制在186字以内。,Model10,0.9369,1495.89,9.7958
求解方程 6x + 27 = 120，写出计算过程。 要求包含5个要点，控制在203字以内。,Model1,0.5150,815.70,1.5218
求解方程 6x + 27 = 120，写出计算过程。 要求包含5个要点，控制在203字以内。,Model2,0.5622,880.72,1.8413
求解方程 6x + 27 = 120，写出计算过程。 要求包含5个要点，控制在203字以内。,Model3,0.6161,916.10,2.3293
求解方程 6x + 27 = 120，写出计算过程。 要求包含5个要点，控制在203字以内。,Model4,0.8410,1111.76,2.8909
求解方程 6x + 27 = 120，写出计算过程。 要求包含5个要点，控制在203字以内。,Model5,0.7801,1005.62,3.6372
求解方程 6x + 27 = 120，写出计算过程。 要求包含5个要点，控制在203字以内。,Model6,0.8115,1248.37,4.4776
求解方程 6x + 27 = 120，写出计算过程。 要求包含5个要点，控制在203字以内。,Model7,0.8748,1284.71,5.7956
求解方程 6x + 27 = 120，写出计算过程。 要求包含5个要点，控制在203字以内。,Model8,0.8380,1493.29,6.9282
求解方程 6x + 27 = 120，写出计算过程。 要求包含5个要点，控制在203字以内。,Model9,0.8683,1492.80,9.0566
求解方程 6x + 27 = 120，写出计算过程。 要求包含5个要点，控制在203字以内。,Model10,0.8941,1711.30,11.2610
